frame,speed,distance,time,accel
60,98.0,0.0,0.0,68.65917827557826
61,9.0,0.5944444444444444,0.04,5.066831161975486
62,100.0,1.2000000000000002,0.08,46.30776644400661
63,100.0,2.311111111111111,0.12,38.455013256135764
64,100.0,3.4222222222222225,0.16,32.74237257808854
65,102.0,4.544444444444445,0.2,29.348013676175032
66,103.0,5.683333333333334,0.24,33.21849554728628
67,104.0,6.833333333333335,0.28,6.657320460609077
68,104.0,7.98888888888889,0.32,6.774322031113498
69,105.0,9.15,0.36,6.709179640390585
70,107.0,10.32777777777778,0.4,6.399726846983177
71,108.0,11.522222222222222,0.44,6.403872799409666
72,109.0,12.727777777777778,0.48,6.47086133736814
73,109.0,13.93888888888889,0.52,6.222738767516582
74,110.0,15.155555555555559,0.56,5.792142543856114
75,111.0,16.383333333333333,0.6,5.7467133005796
76,112.0,17.622222222222224,0.64,6.0737114725366625
77,113.0,18.872222222222224,0.68,6.4593285346974385
78,113.0,20.127777777777776,0.72,6.524843798675856
79,114.0,21.38888888888889,0.76,6.401747448852522
80,116.0,22.666666666666668,0.8,7.036894998165426
81,117.0,23.96111111111111,0.84,7.223905005653735
82,118.0,25.266666666666666,0.88,7.407411108605675
83,118.0,26.57777777777778,0.92,7.207323931924158
84,119.0,27.894444444444442,0.96,6.767604830373395
85,122.0,29.23333333333333,1.0,7.083181553553366
86,122.0,30.58888888888889,1.04,7.1493691427233275
87,123.0,31.95,1.08,7.271446540529013
88,123.0,33.31666666666667,1.12,7.0158464133371945
89,124.0,34.68888888888888,1.16,6.517109116095398
90,127.0,36.08333333333333,1.2,6.442405939651322
91,127.0,37.49444444444444,1.24,6.897788648644153
92,128.0,38.91111111111111,1.28,7.08698761057902
93,128.0,40.333333333333336,1.32,6.900535065782172
94,129.0,41.76111111111111,1.36,6.464952219030395
95,131.0,43.205555555555556,1.4000000000000001,6.400017017037323
96,132.0,44.66666666666666,1.44,6.969577235281444
97,133.0,46.13888888888888,1.48,6.901759196650259
98,133.0,47.61666666666666,1.52,6.846424541358011
99,134.0,49.099999999999994,1.56,6.535772824699144
100,136.0,50.599999999999994,1.6,6.5941378740471865
101,137.0,52.11666666666666,1.6400000000000001,6.914109204405475
102,137.0,53.63888888888888,1.68,6.86009999125191
103,138.0,55.16666666666666,1.72,6.602465127381902
104,139.0,56.70555555555555,1.76,6.102856803557313
105,141.0,58.261111111111106,1.8,6.03084339087931
106,142.0,59.83333333333333,1.84,6.29101014467636
107,142.0,61.411111111111104,1.8800000000000001,6.565161590783312
108,142.0,62.98888888888887,1.92,6.208598496167652
109,143.0,64.57222222222221,1.96,5.648383442517307
110,145.0,66.17222222222222,2.0,5.572641010318774
111,146.0,67.78888888888889,2.04,5.5773988986253045
112,147.0,69.41666666666667,2.08,5.771354274915603
113,147.0,71.05000000000001,2.12,5.421631926529299
114,147.0,72.68333333333335,2.16,4.894982781763357
115,149.0,74.3277777777778,2.2,4.881473809809275
116,149.0,75.98333333333335,2.24,4.922220669671399
117,150.0,77.64444444444446,2.2800000000000002,5.184042664243538
118,150.0,79.3111111111111,2.32,5.279707515401249
119,151.0,80.98333333333332,2.36,4.970667022197392
120,153.0,82.67222222222222,2.4,4.88965506400932
121,153.0,84.37222222222222,2.44,5.245588880680549
122,154.0,86.07777777777778,2.48,5.44511897246165
123,154.0,87.78888888888889,2.52,5.415616502454932
124,154.0,89.5,2.56,4.8876693485471945
125,156.0,91.22222222222223,2.6,4.932064506200008
126,157.0,92.96111111111112,2.64,5.127943473771336
127,158.0,94.71111111111112,2.68,5.199263655990835
128,158.0,96.46666666666668,2.72,5.108423544962109
129,158.0,98.22222222222224,2.7600000000000002,4.897021321060533
130,160.0,99.98888888888891,2.8000000000000003,4.561900523129571
131,160.0,101.76666666666667,2.84,4.671027615543172
132,161.0,103.55,2.88,4.679471932524746
133,161.0,105.33888888888889,2.92,4.593635873721881
134,162.0,107.13333333333334,2.96,4.16046897787107
135,163.0,108.9388888888889,3.0,2.7168539846431456
136,164.0,110.75555555555556,3.04,1.457564290275684
137,164.0,112.57777777777778,3.08,0.12663946902280157
138,164.0,114.4,3.12,-1.2035389405047097
139,164.0,116.22222222222223,3.16,-2.793805760142707
140,162.0,118.03333333333335,3.2,-4.155778572923257
141,161.0,119.8277777777778,3.24,-4.906838777397354
142,161.0,121.61666666666669,3.2800000000000002,-5.3117700213669785
143,160.0,123.40000000000002,3.3200000000000003,-5.24472335494496
144,159.0,125.17222222222222,3.36,-5.04742169182672
145,158.0,126.93333333333332,3.4,-5.282763716461746
146,158.0,128.68888888888887,3.44,-5.938138145235687
147,157.0,130.43888888888887,3.48,-6.62871866928861
148,157.0,132.1833333333333,3.52,-6.735035392234783
149,156.0,133.9222222222222,3.56,-6.863928580729074
150,153.0,135.63888888888886,3.6,-7.279208625405898
151,152.0,137.33333333333331,3.64,-7.790141513799088
152,151.0,139.01666666666665,3.68,-8.237027369838806
153,151.0,140.69444444444443,3.72,-8.307781065204711
154,150.0,142.36666666666665,3.7600000000000002,-7.871328474950572
155,148.0,144.0222222222222,3.8000000000000003,-7.56375506485196
156,147.0,145.6611111111111,3.84,-7.886046013652353
157,145.0,147.28333333333333,3.88,-8.094654918606
158,145.0,148.89444444444445,3.92,-8.042365203656917
159,144.0,150.5,3.96,-7.8581301083661454
160,142.0,152.0888888888889,4.0,-8.114397474256826
161,141.0,153.66111111111113,4.04,-8.562573670235725
162,140.0,155.22222222222223,4.08,-8.8288784465388
163,140.0,156.77777777777777,4.12,-9.049985885520584
164,138.0,158.32222222222222,4.16,-9.005695896998834
165,135.0,159.8388888888889,4.2,-9.015094055539528
166,134.0,161.33333333333334,4.24,-9.601733697796405
167,133.0,162.8166666666667,4.28,-9.949462550711266
168,133.0,164.29444444444448,4.32,-9.812706580029909
169,131.0,165.76111111111115,4.36,-8.938820726695095
170,129.0,167.2055555555556,4.4,-8.814249550876564
171,127.0,168.62777777777782,4.44,-9.143207052116967
172,126.0,170.0333333333334,4.48,-9.36059556751369
173,126.0,171.4333333333334,4.5200000000000005,-9.153721640894616
174,125.0,172.82777777777784,4.5600000000000005,-8.343283766695004
175,122.0,174.20000000000007,4.6000000000000005,-8.520770425547957
176,121.0,175.55000000000004,4.64,-8.90783391682395
177,120.0,176.88888888888894,4.68,-9.127627381994605
178,120.0,178.22222222222229,4.72,-9.303707319545703
179,119.0,179.55000000000007,4.76,-8.882425830561765
180,115.0,180.85000000000008,4.8,-8.97091895061303
181,114.0,182.1222222222223,4.84,-9.684438426844272
182,114.0,183.38888888888897,4.88,-10.256670526952057
183,113.0,184.6500000000001,4.92,-10.503546006901955
184,112.0,185.9000000000001,4.96,-9.78695634955473
185,108.0,187.12222222222232,5.0,-9.16532978460402
186,107.0,188.31666666666678,5.04,-9.887185744899528
187,106.0,189.5000000000001,5.08,-10.379926413458122
188,105.0,190.67222222222233,5.12,-9.929657068910082
189,105.0,191.838888888889,5.16,-8.977096625157104
190,102.0,192.988888888889,5.2,-8.177046224275925
191,100.0,194.11111111111123,5.24,-8.29973943026678
192,99.0,195.21666666666678,5.28,-8.690484770681461
193,99.0,196.31666666666678,5.32,-8.680714973490389
194,99.0,197.41666666666677,5.36,-8.537564612077787
195,96.0,198.5000000000001,5.4,-7.923759227813316
196,95.0,199.56111111111122,5.44,-7.684941109929841
197,93.0,200.60555555555567,5.48,-7.683857442054185
198,93.0,201.638888888889,5.5200000000000005,-7.537743087218357
199,92.0,202.66666666666677,5.5600000000000005,-6.6608672712907016
200,90.0,203.6777777777779,5.6000000000000005,-5.6905830137683715
201,90.0,204.67777777777786,5.64,-5.234458995168667
202,89.0,205.6722222222223,5.68,-4.52462557658636
203,89.0,206.66111111111118,5.72,-4.1170500158521
204,89.0,207.65000000000006,5.76,-3.6297680090646294
205,87.0,208.62777777777785,5.8,-3.3128803178090234
206,87.0,209.59444444444452,5.84,-3.7078484163954863
207,87.0,210.5611111111112,5.88,-3.7303181629605797
208,87.0,211.52777777777786,5.92,-4.073263176516366
209,86.0,212.48888888888897,5.96,-3.9916791659749453
210,85.0,213.43888888888895,6.0,-3.841985955097814
211,84.0,214.37777777777785,6.04,-4.326993398463148
212,84.0,215.3111111111112,6.08,-4.491030919857568
213,83.0,216.23888888888897,6.12,-4.223333999335524
214,83.0,217.16111111111118,6.16,-3.618384280612765
215,82.0,218.07777777777784,6.2,-2.9653269422327306
216,81.0,218.9833333333334,6.24,-2.38017081701514
217,81.0,219.8833333333334,6.28,-1.950219572606121
218,81.0,220.78333333333342,6.32,-1.3243973219494727
219,81.0,221.68333333333342,6.36,-1.1996231796017034
220,81.0,222.58333333333343,6.4,-0.8842331158312283
221,81.0,223.48333333333343,6.44,-0.7584225519488873
222,81.0,224.38333333333344,6.48,-0.5701622327479596
223,81.0,225.28333333333345,6.5200000000000005,-0.38075138497206934
224,80.0,226.1777777777779,6.5600000000000005,-0.18821647845443887
225,80.0,227.06666666666678,6.6000000000000005,-0.3136240522931855
226,80.0,227.95555555555566,6.640000000000001,-0.37639176537232155
227,81.0,228.85000000000008,6.68,-0.6984392744097296
228,81.0,229.75000000000009,6.72,-0.8894186551201262
229,81.0,230.6500000000001,6.76,-0.6363025354453148
230,80.0,231.54444444444454,6.8,-0.6929377374599713
231,80.0,232.43333333333342,6.84,-0.7579086770370629
232,79.0,233.31666666666675,6.88,-0.8131153888209566
233,79.0,234.1944444444445,6.92,-0.5010095789831696
234,80.0,235.07777777777784,6.96,-0.12683844314773407
235,80.0,235.96666666666673,7.0,0.31662698984285836
236,80.0,236.8555555555556,7.04,0.12640574503011634
237,80.0,237.7444444444445,7.08,1.0234251152647102e-14
238,80.0,238.63333333333338,7.12,-0.44216680946226944
239,80.0,239.52222222222227,7.16,-0.8864501967429446
240,80.0,240.41111111111115,7.2,-0.9518280374165166
241,79.0,241.29444444444448,7.24,-0.9420822574826561
242,79.0,242.17222222222225,7.28,-0.881194580563792
243,79.0,243.05,7.32,-0.7567003926037102
244,79.0,243.92777777777778,7.36,-0.5682452944708022
245,79.0,244.80555555555554,7.4,-1.493567190555713e-14
246,79.0,245.6833333333333,7.44,0.5682452944708107
247,79.0,246.56111111111107,7.48,0.7567003926036984
248,79.0,247.43888888888884,7.5200000000000005,0.8811945805638246
249,79.0,248.3166666666666,7.5600000000000005,1.256825073789873
250,80.0,249.19999999999993,7.6000000000000005,1.841438704734535
251,80.0,250.08888888888882,7.640000000000001,2.213798229956509
252,80.0,250.97777777777767,7.68,2.391824142425845
253,80.0,251.86666666666656,7.72,2.379418287362116
254,81.0,252.761111111111,7.76,2.525145651685958
255,82.0,253.66666666666657,7.8,2.737890476990402
256,82.0,254.5777777777777,7.84,3.2943225093807005
257,82.0,255.48888888888882,7.88,3.5249487915721702
258,82.0,256.3999999999999,7.92,3.4387995506239593
259,83.0,257.3166666666666,7.96,3.0827410609585155
260,84.0,258.2444444444444,8.0,3.42215948125705
261,85.0,259.18333333333334,8.040000000000001,3.7577993915877577
262,85.0,260.12777777777774,8.08,4.048732588564118
263,85.0,261.0722222222222,8.120000000000001,3.957068787192703
264,85.0,262.0166666666666,8.16,3.4954666636827207
265,87.0,262.9722222222221,8.2,3.7515075151664012
266,87.0,263.9388888888888,8.24,4.172367647235351
267,88.0,264.91111111111104,8.28,4.566649092703823
268,88.0,265.88888888888886,8.32,4.527172039107205
269,88.0,266.8666666666666,8.36,4.431047657544233
270,90.0,267.85555555555555,8.4,4.633828326947332
271,91.0,268.8611111111111,8.44,4.965314053067285
272,91.0,269.8722222222222,8.48,5.115523952509464
273,91.0,270.88333333333327,8.52,5.130982700458584
274,92.0,271.9,8.56,5.082380487081334
275,94.0,272.9333333333333,8.6,5.224619191693882
276,94.0,273.97777777777776,8.64,5.68866944437733
277,95.0,275.0277777777777,8.68,6.326581653825632
278,95.0,276.0833333333333,8.72,6.322486219545446
279,96.0,277.1444444444444,8.76,5.825516302359032
280,98.0,278.2222222222222,8.8,5.836350953097669
281,99.0,279.3166666666666,8.84,6.22243160999274
282,100.0,280.42222222222216,8.88,6.356064379696114
283,100.0,281.53333333333325,8.92,6.485642891874331
284,100.0,282.6444444444444,8.96,5.9911305944977205
285,102.0,283.7666666666666,9.0,5.685083680473692
286,103.0,284.9055555555555,9.040000000000001,5.757856360600401
287,104.0,286.0555555555555,9.08,5.9553613629297635
288,105.0,287.21666666666664,9.120000000000001,5.956244629488798
289,105.0,288.38333333333327,9.16,5.402504570041015
290,106.0,289.55555555555554,9.200000000000001,5.044875579749851
291,107.0,290.7388888888888,9.24,5.124964295889617
292,108.0,291.9333333333332,9.28,5.330360969169213
293,108.0,293.13333333333327,9.32,5.290916196653077
294,108.0,294.33333333333326,9.36,5.123633982488388
295,110.0,295.5444444444444,9.4,5.249375252836717
296,111.0,296.7722222222222,9.44,5.452867907968548
297,112.0,298.0111111111111,9.48,5.460649329517818
298,112.0,299.25555555555553,9.52,5.290502070776067
299,112.0,300.5,9.56,4.68994529911255
300,114.0,301.75555555555553,9.6,4.05439859648979
301,115.0,303.02777777777777,9.64,3.9445108228999337
302,115.0,304.30555555555554,9.68,4.372091260450992
303,115.0,305.58333333333337,9.72,4.661877564691121
304,115.0,306.86111111111114,9.76,4.823812827324786
305,116.0,308.1444444444445,9.8,5.1577120455252885
306,117.0,309.4388888888889,9.84,5.923484465709546
307,119.0,310.75000000000006,9.88,6.862230375922671
308,119.0,312.07222222222225,9.92,7.108241867815522
309,120.0,313.40000000000003,9.96,7.162213283343135
310,122.0,314.74444444444447,10.0,7.285677104976196
311,123.0,316.1055555555556,10.040000000000001,7.285506393669138
312,124.0,317.4777777777778,10.08,7.222469135381656
313,124.0,318.8555555555556,10.120000000000001,7.092859949891441
314,125.0,320.23888888888894,10.16,6.716629316122209
315,127.0,321.63888888888897,10.200000000000001,6.715179653780185
316,128.0,323.0555555555556,10.24,6.970340030277471
317,129.0,324.48333333333335,10.28,7.221514000587678
318,129.0,325.91666666666674,10.32,7.094474108806667
319,130.0,327.3555555555556,10.36,6.718128573628251
320,132.0,328.8111111111112,10.4,6.714323999633676
321,133.0,330.28333333333336,10.44,6.96939349902454
322,134.0,331.7666666666667,10.48,7.220627734938484
323,134.0,333.2555555555556,10.52,7.095965984614978
324,135.0,334.75000000000006,10.56,6.719515267949013
325,137.0,336.2611111111111,10.6,6.713528996654815
326,138.0,337.78888888888895,10.64,6.9685136529796
327,139.0,339.3277777777778,10.68,7.219803159504626
328,139.0,340.87222222222226,10.72,7.097348959687102
329,140.0,342.4222222222222,10.76,6.720801612356212
330,142.0,343.98888888888894,10.8,6.712788423712952
331,143.0,345.57222222222225,10.84,6.96769369180409
332,144.0,347.16666666666674,10.88,7.219034058213903
333,144.0,348.7666666666667,10.92,7.098634533179787
334,145.0,350.3722222222223,10.96,6.721998115521936
335,147.0,351.9944444444445,11.0,6.712096881472085
336,148.0,353.63333333333344,11.040000000000001,6.9669277084784
337,149.0,355.2833333333334,11.08,6.89963326903553
338,149.0,356.938888888889,11.120000000000001,6.850223166866439
339,150.0,358.6000000000001,11.16,6.5390060601374165
340,152.0,360.2777777777779,11.200000000000001,6.272437478239904
341,153.0,361.9722222222223,11.24,6.339804514713389
342,153.0,363.6722222222223,11.28,6.427482021006254
343,154.0,365.37777777777785,11.32,6.617785700417977
344,155.0,367.0944444444445,11.36,6.179219360835109
345,156.0,368.8222222222223,11.4,5.807718399617449
346,157.0,370.5611111111112,11.44,5.558446001691501
347,158.0,372.31111111111125,11.48,5.500054792466813
348,159.0,374.0722222222223,11.52,4.938158712584036
349,159.0,375.838888888889,11.56,4.540120677509214
350,160.0,377.6111111111112,11.6,4.045821325475549
351,160.0,379.388888888889,11.64,3.4652630403249405
352,161.0,381.17222222222233,11.68,2.90793642032326
353,161.0,382.9611111111113,11.72,2.3962555867311304
354,162.0,384.7555555555557,11.76,2.343071090171884
355,162.0,386.55555555555577,11.8,2.339914455886989
356,162.0,388.3555555555557,11.84,2.3984354510271486
357,162.0,390.1555555555558,11.88,2.2050002961388326
358,162.0,391.95555555555575,11.92,2.137330679933074
359,163.0,393.76111111111135,11.96,1.8939227513793064
360,164.0,395.57777777777795,12.0,2.4732027164506034
361,164.0,397.4000000000002,12.040000000000001,2.783611917882068
362,164.0,399.2222222222224,12.08,2.8391468200565746
363,164.0,401.04444444444465,12.120000000000001,2.64299031810708
364,164.0,402.86666666666684,12.16,2.1980001240741887
365,166.0,404.7000000000002,12.200000000000001,1.9033037639875363
366,166.0,406.5444444444446,12.24,1.7727115584019952
367,166.0,408.3888888888891,12.280000000000001,1.5168044583006104
368,166.0,410.23333333333346,12.32,1.4522551553018166
369,166.0,412.07777777777784,12.36,1.1989029727332448
370,166.0,413.92222222222233,12.4,0.7571600596874276
371,166.0,415.7666666666667,12.44,0.8825800341784298
372,166.0,417.6111111111112,12.48,1.2598627786255345
373,167.0,419.46111111111117,12.52,1.5189490930220775
374,167.0,421.3166666666668,12.56,1.6428374787550926
375,167.0,423.1722222222223,12.6,1.955889239255576
376,167.0,425.0277777777779,12.64,2.078230213216691
377,168.0,426.88888888888897,12.68,2.023474656156196
378,168.0,428.7555555555557,12.72,2.0838827615898885
379,168.0,430.6222222222223,12.76,2.2685358288976802
380,169.0,432.4944444444446,12.8,2.2768738771146873
381,169.0,434.3722222222223,12.84,2.0827589200414445
382,169.0,436.2500000000001,12.88,2.0169351457842417
383,170.0,438.1333333333334,12.92,2.088346880812691
384,170.0,440.0222222222223,12.96,1.9582126464812926
385,170.0,441.91111111111115,13.0,1.6400036642961038
386,170.0,443.80000000000007,13.040000000000001,1.1962278454806972
387,171.0,445.69444444444446,13.08,0.6958852837206401
388,171.0,447.5944444444445,13.120000000000001,0.12650451407158964
389,171.0,449.49444444444447,13.16,0.18980746470677942
390,171.0,451.3944444444445,13.200000000000001,0.18984798937603126
391,170.0,453.2888888888889,13.24,0.1258587047269233
392,170.0,455.1777777777778,13.280000000000001,-0.31469708647270117
393,170.0,457.06666666666666,13.32,-0.37765672899904784
394,171.0,458.96111111111105,13.36,-0.3799187507448329
395,171.0,460.8611111111111,13.4,-0.31661576485362736
396,171.0,462.76111111111106,13.44,-0.18994909810392335
397,170.0,464.65555555555557,13.48,-0.37785789252750895
398,170.0,466.5444444444444,13.52,-0.5672407276084428
399,170.0,468.43333333333334,13.56,-0.7571698594832255
400,170.0,470.3222222222222,13.6,-1.198916919245289
401,170.0,472.2111111111111,13.64,-1.4522497099606777
402,170.0,474.09999999999997,13.68,-1.5167657178628953
403,170.0,475.9888888888889,13.72,-1.7725930746321912
404,170.0,477.87777777777774,13.76,-1.9030827484935229
405,168.0,479.75555555555553,13.8,-2.511635792704555
406,168.0,481.62222222222215,13.84,-2.895544034571623
407,168.0,483.4888888888889,13.88,-3.34500649251104
408,168.0,485.3555555555555,13.92,-3.4821531145987796
409,168.0,487.22222222222223,13.96,-3.302430840741543
410,166.0,489.0777777777777,14.0,-3.081732096526769
411,166.0,490.9222222222222,14.040000000000001,-3.5958493328287955
412,165.0,492.76111111111106,14.08,-3.7761453244258854
413,165.0,494.59444444444443,14.120000000000001,-3.6639655287193023
414,165.0,496.42777777777775,14.16,-3.232289561100763
415,164.0,498.2555555555556,14.200000000000001,-2.7771266981451594
416,163.0,500.0722222222222,14.24,-2.7045088894225366
417,163.0,501.8833333333333,14.280000000000001,-2.7099320217026586
418,163.0,503.6944444444444,14.32,-2.7802296674384954
419,163.0,505.5055555555555,14.36,-2.5971953408725725
420,162.0,507.3111111111111,14.4,-2.4594758852656917
421,162.0,509.11111111111103,14.44,-2.7165950864896056
422,161.0,510.9055555555555,14.48,-3.022407119002927
423,161.0,512.6944444444443,14.52,-3.0953072261352066
424,161.0,514.4833333333332,14.56,-3.230773514702046
425,160.0,516.2666666666665,14.6,-3.3449509806111393
426,159.0,518.0388888888888,14.64,-3.460876084359709
427,159.0,519.8055555555554,14.68,-3.5973786604184634
428,159.0,521.5722222222221,14.72,-3.7376981368618174
429,158.0,523.3333333333331,14.76,-3.538534550277656
430,157.0,525.0833333333331,14.8,-3.337198062574839
431,157.0,526.8277777777776,14.84,-3.157969443716904
432,156.0,528.5666666666665,14.88,-3.0225029317225856
433,156.0,530.2999999999998,14.92,-2.6524096574305016
434,156.0,532.0333333333332,14.96,-2.0249059802639477
435,155.0,533.761111111111,15.0,-1.825552114235812
436,155.0,535.4833333333332,15.040000000000001,-1.765391356554847
437,155.0,537.2055555555554,15.08,-1.8302626848037482
438,155.0,538.9277777777777,15.120000000000001,-2.0232747387121215
439,155.0,540.6499999999999,15.16,-2.0273210922932057
440,154.0,542.3666666666666,15.200000000000001,-1.8287413183616952
441,154.0,544.0777777777777,15.24,-2.1482199485597664
442,153.0,545.7833333333333,15.280000000000001,-2.2651685747820163
443,153.0,547.4833333333332,15.32,-2.2076095266305034
444,153.0,549.1833333333332,15.36,-1.9595026789840408
445,153.0,550.8833333333332,15.4,-1.8352696438706495
446,152.0,552.5777777777777,15.44,-1.8263202464603718
447,152.0,554.2666666666667,15.48,-1.6398358339528847
448,152.0,555.9555555555555,15.52,-1.6429772535800704
449,152.0,557.6444444444445,15.56,-1.519324232983139
450,151.0,559.3277777777778,15.6,-1.5740127218279447
451,151.0,561.0055555555556,15.64,-1.4496582593963296
452,151.0,562.6833333333333,15.68,-1.515145391789868
453,151.0,564.3611111111111,15.72,-1.4543788183437096
454,151.0,566.0388888888888,15.76,-1.2664345016021965
455,150.0,567.711111111111,15.8,-0.9443915762690938
456,150.0,569.3777777777776,15.84,-0.8824458260578267
457,150.0,571.0444444444444,15.88,-1.0722558143785275
458,150.0,572.711111111111,15.92,-1.136362008517242
459,150.0,574.3777777777777,15.96,-1.0742071369757706
460,150.0,576.0444444444444,16.0,-0.8852312402243924
461,150.0,577.711111111111,16.04,-0.9495568611504019
462,149.0,579.3722222222223,16.080000000000002,-0.9443743040253157
463,149.0,581.0277777777778,16.12,-0.8824364811484033
464,149.0,582.6833333333334,16.16,-1.0722492549616442
465,149.0,584.338888888889,16.2,-1.1363619865936454
466,149.0,585.9944444444446,16.240000000000002,-1.0742136735629941
467,149.0,587.6500000000002,16.28,-0.8852405891544051
468,149.0,589.3055555555558,16.32,-0.9495742551887781
469,148.0,590.9555555555557,16.36,-0.6297640830495723
470,148.0,592.6000000000001,16.4,-0.3151717206275045
471,148.0,594.2444444444446,16.44,1.778494316309969e-14
472,148.0,595.888888888889,16.48,0.3151717206275227
473,148.0,597.5333333333334,16.52,0.6297640830495888
474,149.0,599.1833333333334,16.56,0.9495742551887584
475,149.0,600.8388888888891,16.6,1.2017648941760999
476,149.0,602.4944444444446,16.64,1.3266444573844767
477,149.0,604.1500000000002,16.68,1.6408078060910902
478,149.0,605.8055555555558,16.72,1.7644377389117194
479,149.0,607.4611111111114,16.76,2.014038228340551
480,150.0,609.1222222222225,16.8,2.7187224537797525
481,150.0,610.7888888888891,16.84,3.4673048014115047
482,151.0,612.4611111111113,16.88,4.236029548153409
483,151.0,614.1388888888893,16.92,4.909245427827925
484,152.0,615.8222222222225,16.96,5.167229580250781
485,153.0,617.516666666667,17.0,5.300844527471
486,154.0,619.2222222222225,17.04,5.6220153533524755
487,155.0,620.9388888888893,17.080000000000002,5.7550855620754
488,156.0,622.6666666666671,17.12,5.694786787746233
489,156.0,624.4000000000004,17.16,5.098246879369932
490,157.0,626.1388888888893,17.2,5.046798798727157
491,158.0,627.8888888888894,17.240000000000002,5.121396196294388
492,159.0,629.6500000000004,17.28,5.321670591997592
493,159.0,631.4166666666671,17.32,5.294911948192667
494,159.0,633.1833333333337,17.36,5.140669231560169
495,161.0,634.9611111111117,17.400000000000002,4.929040919395102
496,162.0,636.755555555556,17.44,4.875416481041142
497,163.0,638.5611111111116,17.48,5.011498464971371
498,163.0,640.3722222222226,17.52,4.986918258291136
499,163.0,642.1833333333336,17.56,4.840176522761774
500,164.0,644.0000000000005,17.6,4.538777184127738
501,165.0,645.8277777777782,17.64,4.739123349409043
502,166.0,647.6666666666671,17.68,4.809910226249993
503,166.0,649.5111111111115,17.72,4.785738724817893
504,167.0,651.3611111111117,17.76,4.7303109945749355
505,168.0,653.2222222222227,17.8,4.869132864554401
506,169.0,655.0944444444449,17.84,4.815446015030428
507,169.0,656.9722222222226,17.88,4.922490397908806
508,169.0,658.8500000000005,17.92,4.899825852091887
509,170.0,660.7333333333338,17.96,4.467603998205042
510,172.0,662.6333333333338,18.0,4.631696655082893
511,172.0,664.5444444444448,18.04,4.930331730618315
512,173.0,666.4611111111116,18.080000000000002,5.443400473284071
513,173.0,668.3833333333338,18.12,5.417139440542881
514,173.0,670.305555555556,18.16,4.891680572428919
515,175.0,672.2388888888893,18.2,4.6139390761470835
516,176.0,674.1888888888894,18.240000000000002,4.8742898316167045
517,177.0,676.1500000000005,18.28,4.691328608329178
518,177.0,678.1166666666671,18.32,4.418621402764977
519,177.0,680.0833333333337,18.36,4.089385228655326
520,178.0,682.0555555555561,18.400000000000002,3.9782240024317064
521,179.0,684.0388888888893,18.44,4.052259639404508
522,179.0,686.0277777777782,18.48,4.3548433286380615
523,179.0,688.016666666667,18.52,4.588179055403575
524,180.0,690.0111111111114,18.56,4.468426803557746
525,182.0,692.0222222222227,18.6,4.3121990501960115
526,182.0,694.0444444444448,18.64,4.043941431159015
527,183.0,696.0722222222225,18.68,4.115514519212998
528,183.0,698.1055555555558,18.72,3.7866926066279887
529,183.0,700.1388888888893,18.76,3.400606313752284
530,184.0,702.1777777777781,18.8,2.969927015738811
531,184.0,704.2222222222225,18.84,3.215051221496557
532,185.0,706.2722222222225,18.88,3.4781531717096157
533,185.0,708.3277777777781,18.92,3.7193845116040514
534,186.0,710.3888888888891,18.96,3.9808973859726984
535,186.0,712.4555555555557,19.0,4.158451569715538
536,187.0,714.5277777777779,19.04,4.291999578986142
537,188.0,716.6111111111114,19.080000000000002,4.046968729091042
538,188.0,718.7000000000003,19.12,3.780491499117117
539,189.0,720.7944444444447,19.16,3.5376800473569734
540,190.0,722.9000000000002,19.2,3.2931876731093004
541,190.0,725.0111111111114,19.240000000000002,2.7173535914875404
542,190.0,727.1222222222225,19.28,2.523787860472328
543,190.0,729.2333333333336,19.32,2.393252056868205
544,191.0,731.3500000000003,19.36,2.023081306035119
545,191.0,733.4722222222226,19.400000000000002,1.7676685183986285
546,191.0,735.5944444444448,19.44,1.7017032761618145
547,192.0,737.7222222222225,19.48,1.5183095372424225
548,192.0,739.8555555555558,19.52,1.2006862503924276
549,192.0,741.9888888888892,19.56,0.7579338450255609
550,192.0,744.1222222222226,19.6,0.5681545918127149
551,192.0,746.2555555555559,19.64,-3.946687594681439e-14
552,192.0,748.3888888888893,19.68,-0.5681545918127531
553,192.0,750.5222222222226,19.72,-0.7579338450255276
554,192.0,752.655555555556,19.76,-0.5690164345877526
555,192.0,754.7888888888893,19.8,-0.3796142981932545
556,191.0,756.9166666666671,19.84,-0.18889924265519853
557,191.0,759.0388888888892,19.88,-0.3148023170051091
558,191.0,761.1611111111116,19.92,-0.37778078497678
559,192.0,763.2888888888893,19.96,-0.06331415439570334
560,192.0,765.4222222222227,20.0,0.25322054458229426
561,192.0,767.555555555556,20.04,0.5693947805726414
562,191.0,769.683333333334,20.080000000000002,0.18870228149153995
563,191.0,771.8055555555561,20.12,-0.18870228149153873
564,192.0,773.9333333333338,20.16,-0.56939478057262
565,192.0,776.0666666666672,20.2,-0.5696109257831247
566,192.0,778.2000000000006,20.240000000000002,-0.5064890183503653
567,191.0,780.3277777777784,20.28,-0.37795996722785624
568,191.0,782.4500000000005,20.32,-0.567344118439673
569,191.0,784.5722222222226,20.36,-0.7572145628732792
570,191.0,786.694444444445,20.400000000000002,-0.568208534921563
571,191.0,788.8166666666672,20.44,-0.31573165045960194
572,191.0,790.9388888888893,20.48,3.129534383635625e-14
573,191.0,793.0611111111115,20.52,-2.4841888793113975e-14
574,191.0,795.1833333333336,20.56,3.811629897617221e-15
575,191.0,797.305555555556,20.6,0.31573165045959634
576,191.0,799.4277777777781,20.64,0.5682085349215601
577,191.0,801.5500000000003,20.68,0.4416036560067538
578,191.0,803.6722222222224,20.72,0.31525125359384193
579,191.0,805.7944444444448,20.76,0.1890788488469711
580,192.0,807.9222222222226,20.8,0.06334422372796514
581,192.0,810.0555555555559,20.84,0.25343716246739834
582,191.0,812.1833333333336,20.88,0.3781757573890045
583,191.0,814.305555555556,20.92,0.7564228246097376
584,191.0,816.4277777777781,20.96,1.008178921233009
585,191.0,818.5500000000003,21.0,1.4486329017880888
586,192.0,820.677777777778,21.04,2.0857848067497793
587,192.0,822.8111111111115,21.080000000000002,2.9007129335622293
588,193.0,824.9500000000003,21.12,3.1609936195961863
589,193.0,827.0944444444447,21.16,3.152072841405757
590,194.0,829.2444444444446,21.2,3.2240427834902468
591,194.0,831.4000000000003,21.240000000000002,2.648511469713597
592,195.0,833.5611111111114,21.28,2.530424904427
593,195.0,835.727777777778,21.32,2.147454643625129
594,195.0,837.8944444444446,21.36,1.891815584473535
595,196.0,840.066666666667,21.400000000000002,0.18977151066463982
596,195.0,842.2388888888892,21.44,-1.0695828694864158
597,196.0,844.4111111111114,21.48,-2.5327314875494285
598,196.0,846.5888888888891,21.52,-3.427768578848084
599,196.0,848.7666666666668,21.56,-4.077346181089349
600,192.0,850.9222222222224,21.6,-4.700188650892714
601,192.0,853.0555555555558,21.64,-5.346970945637045
602,191.0,855.1833333333335,21.68,-6.4754486959455795
603,191.0,857.3055555555557,21.72,-6.698656887859013
604,191.0,859.427777777778,21.76,-6.919539248826281
605,190.0,861.5444444444447,21.8,-6.972702059972791
606,188.0,863.6444444444446,21.84,-7.950811149207885
607,186.0,865.7222222222224,21.88,-8.549064771009855
608,186.0,867.7888888888892,21.92,-8.872135772922903
609,184.0,869.8444444444448,21.96,-8.719011160803783
610,182.0,871.8777777777781,22.0,-8.741740152888244
611,181.0,873.8944444444447,22.04,-8.871783894139792
612,180.0,875.9000000000004,22.080000000000002,-9.07170908984349
613,180.0,877.9000000000004,22.12,-9.459554961607687
614,179.0,879.8944444444448,22.16,-8.906144946199921
615,176.0,881.866666666667,22.2,-9.381655946437068
616,174.0,883.8111111111116,22.240000000000002,-9.978603780622176
617,173.0,885.7388888888893,22.28,-10.701427590301867
618,172.0,887.6555555555559,22.32,-10.810323918223627
619,172.0,889.566666666667,22.36,-10.336105729134935
620,168.0,891.455555555556,22.400000000000002,-9.92069130299068
621,167.0,893.3166666666671,22.44,-10.320457999855327
622,165.0,895.1611111111115,22.48,-10.670552633867654
623,165.0,896.9944444444448,22.52,-10.526751381642885
624,164.0,898.8222222222225,22.56,-11.00103017141669
625,161.0,900.6277777777782,22.6,-10.513157258975548
626,159.0,902.4055555555559,22.64,-10.738699381243627
627,158.0,904.166666666667,22.68,-10.406801924296339
628,158.0,905.9222222222224,22.72,-10.58010659481329
629,154.0,907.6555555555559,22.76,-9.846636802366152
630,153.0,909.3611111111114,22.8,-8.984309004899103
631,152.0,911.0555555555559,22.84,-8.559139612459244
632,152.0,912.7444444444448,22.88,-8.061595166268306
633,150.0,914.4222222222227,22.92,-7.070917202936865
634,149.0,916.0833333333337,22.96,-5.735804964738488
635,148.0,917.7333333333337,23.0,-6.10199429715994
636,147.0,919.3722222222225,23.04,-6.471283645199166
637,147.0,921.0055555555559,23.080000000000002,-6.89145001942202
638,147.0,922.6388888888893,23.12,-6.617458904397896
639,146.0,924.266666666667,23.16,-6.364834616035478
640,143.0,925.8722222222225,23.2,-6.774405153913132
641,142.0,927.455555555556,23.240000000000002,-6.96622188628772
642,141.0,929.0277777777782,23.28,-7.224393671893904
643,141.0,930.5944444444448,23.32,-6.902482533735735
644,141.0,932.1611111111114,23.36,-5.928503092952558
645,138.0,933.7111111111114,23.400000000000002,-4.889172532789445
646,138.0,935.2444444444448,23.44,-4.787008609683384
647,137.0,936.7722222222225,23.48,-4.838083275271647
648,137.0,938.2944444444447,23.52,-4.801592894391516
649,137.0,939.816666666667,23.56,-4.63331253888204
650,136.0,941.3333333333337,23.6,-3.9208018510610216
651,135.0,942.8388888888892,23.64,-3.84800498389194
652,134.0,944.3333333333336,23.68,-3.7723795015831985
653,134.0,945.8222222222224,23.72,-3.7268974062565885
654,133.0,947.3055555555559,23.76,-3.6505405924592154
655,133.0,948.7833333333336,23.8,-3.2207307068548334
656,133.0,950.2611111111114,23.84,-2.787253580997456
657,132.0,951.7333333333336,23.88,-2.710306357835864
658,132.0,953.2000000000004,23.92,-2.7189060712441138
659,131.0,954.6611111111115,23.96,-2.7681219973563977
660,131.0,956.116666666667,24.0,-3.2185111069344114
661,131.0,957.5722222222225,24.04,-3.3572929060477423
662,130.0,959.0222222222226,24.080000000000002,-3.4689646409032675
663,130.0,960.466666666667,24.12,-3.6107336140009183
664,129.0,961.9055555555559,24.16,-3.4089681662525897
665,128.0,963.3333333333336,24.2,-3.2724912039984897
666,128.0,964.7555555555559,24.240000000000002,-3.2216693756259493
667,127.0,966.1722222222226,24.28,-2.829710758030808
668,127.0,967.5833333333336,24.32,-2.8378184399386925
669,127.0,968.9944444444446,24.36,-2.528838782410302
670,127.0,970.4055555555558,24.400000000000002,-2.9135793462398607
671,126.0,971.8111111111114,24.44,-3.5929248100966054
672,126.0,973.2111111111113,24.48,-3.924710763570868
673,125.0,974.6055555555557,24.52,-4.231701853080767
674,125.0,975.9944444444448,24.560000000000002,-4.573769790528089
675,123.0,977.3722222222225,24.6,-4.777893166922314
676,122.0,978.7333333333336,24.64,-4.89039576234217
677,122.0,980.0888888888891,24.68,-5.2352587877633265
678,122.0,981.4444444444446,24.72,-5.077406602115543
679,121.0,982.7944444444447,24.76,-5.0661525137280305
680,120.0,984.1333333333336,24.8,-4.860388936477816
681,119.0,985.4611111111113,24.84,-5.163711072263099
682,118.0,986.7777777777779,24.88,-5.659492602742952
683,118.0,988.0888888888892,24.92,-6.017751456944289
684,117.0,989.3944444444447,24.96,-5.758243568533525
685,116.0,990.6888888888891,25.0,-6.249794732071571
686,115.0,991.9722222222224,25.04,-6.434482380562425
687,114.0,993.2444444444448,25.080000000000002,-6.685595741017672
688,113.0,994.5055555555558,25.12,-6.691971341354581
689,113.0,995.7611111111113,25.16,-6.180046020825877
690,110.0,997.0000000000001,25.2,-5.936390302520562
691,110.0,998.2222222222224,25.240000000000002,-5.917060538273145
692,109.0,999.4388888888891,25.28,-5.594321100519683
693,109.0,1000.6500000000002,25.32,-5.1298646629018565
694,109.0,1001.8611111111113,25.36,-4.527686849226867
695,107.0,1003.0611111111114,25.400000000000002,-3.709085384878482
696,106.0,1004.2444444444446,25.44,-3.8813050129656768
697,106.0,1005.4222222222224,25.48,-4.0256894787486965
698,106.0,1006.6000000000003,25.52,-4.112844089688739
699,106.0,1007.777777777778,25.560000000000002,-3.8178177243408924
700,105.0,1008.9500000000003,25.6,-2.7863405995682093
701,104.0,1010.1111111111113,25.64,-2.204693215243303
702,103.0,1011.2611111111113,25.68,-2.1283673552791353
703,103.0,1012.4055555555557,25.72,-1.883595727847851
704,103.0,1013.5500000000002,25.76,-1.4470262799423017
705,104.0,1014.7000000000002,25.8,-0.826266640225735
706,104.0,1015.8555555555557,25.84,-0.38132065844946184
707,103.0,1017.0055555555557,25.88,-0.5032717706340513
708,103.0,1018.1500000000002,25.92,-0.8816541129011721
709,103.0,1019.2944444444446,25.96,-1.198956447580308
710,103.0,1020.438888888889,26.0,-1.4554768122174286
711,103.0,1021.5833333333334,26.04,-1.584563744953753
712,102.0,1022.7222222222223,26.080000000000002,-1.508949193029795
713,102.0,1023.8555555555556,26.12,-1.6390566428357165
714,102.0,1024.9888888888888,26.16,-1.6437378961094904
715,102.0,1026.122222222222,26.2,-1.5213727559991557
716,101.0,1027.25,26.240000000000002,-1.5719031159045518
717,101.0,1028.3722222222223,26.28,-1.4484877835473107
718,101.0,1029.4944444444445,26.32,-1.5151378284469765
719,101.0,1030.6166666666668,26.36,-1.4555451854034482
720,101.0,1031.738888888889,26.400000000000002,-0.95167411303954
721,100.0,1032.8555555555556,26.44,-0.3772768195969088
722,100.0,1033.9666666666667,26.48,-0.1258501020920429
723,100.0,1035.0777777777778,26.52,0.12585010209206832
724,100.0,1036.1888888888889,26.560000000000002,0.06285113068459339
725,101.0,1037.3055555555554,26.6,0.38063670360068114
726,101.0,1038.4277777777777,26.64,1.0139304643499873
727,101.0,1039.55,26.68,1.5195183700092763
728,101.0,1040.6722222222222,26.72,1.8322692517574444
729,100.0,1041.788888888889,26.76,1.9340002394054787
730,101.0,1042.9055555555556,26.8,2.5156494029807117
731,102.0,1044.0333333333333,26.84,3.1614690957591116
732,103.0,1045.1722222222222,26.88,3.554579113862072
733,103.0,1046.3166666666668,26.92,3.6575051726317183
734,103.0,1047.4611111111112,26.96,3.823460571749682
735,105.0,1048.6166666666668,27.0,3.6902087745437524
736,105.0,1049.7833333333335,27.04,3.4202031830769797
737,105.0,1050.9500000000003,27.080000000000002,3.468771581849536
738,105.0,1052.116666666667,27.12,3.5132995709056942
739,106.0,1053.2888888888892,27.16,3.277073808249717
740,107.0,1054.4722222222226,27.2,3.0431083128929015
741,107.0,1055.6611111111115,27.240000000000002,3.4711881305864463
742,108.0,1056.8555555555558,27.28,3.612012121782149
743,108.0,1058.0555555555559,27.32,3.4043734672836075
744,108.0,1059.255555555556,27.36,2.8879009450361095
745,109.0,1060.4611111111117,27.400000000000002,2.778624672924002
746,110.0,1061.6777777777784,27.44,3.0483574115097696
747,110.0,1062.9000000000005,27.48,2.9737205224339314
748,110.0,1064.1222222222227,27.52,2.9604795903231342
749,110.0,1065.3444444444451,27.560000000000002,3.0122959820332778
750,111.0,1066.5722222222228,27.6,3.0935922048215607
751,112.0,1067.8111111111116,27.64,3.172411504951901
752,112.0,1069.055555555556,27.68,3.5997891611330566
753,112.0,1070.3000000000006,27.72,3.706227708460454
754,113.0,1071.5500000000006,27.76,3.84743360894404
755,114.0,1072.8111111111118,27.8,3.928365755509835
756,114.0,1074.0777777777785,27.84,4.225178634142789
757,115.0,1075.3500000000006,27.88,4.4887842676162535
758,115.0,1076.6277777777784,27.92,4.650825821165782
759,116.0,1077.9111111111117,27.96,4.411989653053384
760,117.0,1079.2055555555562,28.0,4.425785792618524
761,118.0,1080.5111111111116,28.04,4.691665793270216
762,118.0,1081.8222222222228,28.080000000000002,4.7925111831538985
763,119.0,1083.1388888888894,28.12,4.802820479843072
764,119.0,1084.4611111111114,28.16,4.651534763810698
765,120.0,1085.7888888888892,28.2,4.729170452743787
766,121.0,1087.1277777777782,28.240000000000002,4.677023450504618
767,122.0,1088.477777777778,28.28,4.877139106365811
768,122.0,1089.8333333333337,28.32,4.596310626129093
769,123.0,1091.1944444444448,28.36,4.607992308605846
770,124.0,1092.566666666667,28.400000000000002,4.815383855356878
771,124.0,1093.9444444444448,28.44,4.789980376318123
772,125.0,1095.327777777778,28.48,4.991768710057201
773,125.0,1096.716666666667,28.52,5.022395088485371
774,126.0,1098.1111111111115,28.560000000000002,4.970883718893639
775,128.0,1099.5222222222226,28.6,5.46771756970367
776,128.0,1100.9444444444448,28.64,5.68298289197114
777,129.0,1102.3722222222225,28.68,5.753817632695966
778,129.0,1103.8055555555559,28.72,5.5879379074958635
779,130.0,1105.244444444445,28.76,5.284187434154027
780,132.0,1106.7000000000005,28.8,5.466557350246112
781,132.0,1108.1666666666672,28.84,6.000725326659888
782,133.0,1109.6388888888894,28.88,6.004774982560226
783,133.0,1111.1166666666672,28.92,6.088684911632798
784,134.0,1112.6000000000006,28.96,5.654513211647971
785,136.0,1114.1000000000006,29.0,6.02719804138044
786,137.0,1115.6166666666672,29.04,6.728809582939743
787,137.0,1117.1388888888896,29.080000000000002,6.74141285413143
788,138.0,1118.6666666666674,29.12,6.864808623102749
789,138.0,1120.2000000000007,29.16,6.315346999605544
790,141.0,1121.7500000000007,29.2,6.287956733054981
791,142.0,1123.322222222223,29.240000000000002,6.545101061710837
792,142.0,1124.9000000000008,29.28,6.496566714107133
793,143.0,1126.483333333334,29.32,5.930144373169549
794,143.0,1128.072222222223,29.36,5.14182773148935
795,145.0,1129.6722222222231,29.400000000000002,3.9262913789761154
796,146.0,1131.2888888888897,29.44,3.6211471857467465
797,146.0,1132.911111111112,29.48,2.9739562343819403
798,146.0,1134.5333333333342,29.52,2.0829178197614366
799,146.0,1136.1555555555565,29.560000000000002,1.3235249655645394
800,146.0,1137.7777777777787,29.6,0.3782223056106241
801,147.0,1139.4055555555565,29.64,1.825564645947172e-14
802,146.0,1141.0333333333342,29.68,-0.37822230561066766
803,146.0,1142.6555555555565,29.72,-0.6937087868951084
804,146.0,1144.2777777777787,29.76,-0.9469080161914095
805,146.0,1145.900000000001,29.8,-1.4535521647324652
806,146.0,1147.5222222222233,29.84,-2.1523454328342018
807,145.0,1149.1388888888898,29.88,-2.26758109969116
808,145.0,1150.7500000000011,29.92,-2.8417486886777006
809,145.0,1152.3611111111122,29.96,-3.168413418498641
810,144.0,1153.9666666666678,30.0,-3.536601068569104
811,143.0,1155.5611111111123,30.04,-3.902611930087749
812,143.0,1157.1500000000012,30.080000000000002,-3.9184942476635882
813,142.0,1158.7333333333345,30.12,-3.9095040427867795
814,142.0,1160.3111111111123,30.16,-3.6101656764873646
815,141.0,1161.8833333333343,30.2,-3.280636068874033
816,140.0,1163.4444444444455,30.240000000000002,-2.9534969394258943
817,140.0,1165.000000000001,30.28,-2.710907331231584
818,140.0,1166.5555555555563,30.32,-2.5271929951649996
819,140.0,1168.1111111111118,30.36,-2.4067811284495475
820,139.0,1169.661111111112,30.400000000000002,-2.0162283144418662
821,139.0,1171.2055555555564,30.44,-2.0826312522867094
822,139.0,1172.750000000001,30.48,-2.277766154785746
823,138.0,1174.2888888888897,30.52,-2.2676220226609876
824,138.0,1175.8222222222232,30.560000000000002,-2.3989632996435737
825,138.0,1177.3555555555565,30.6,-1.962091005667846
826,137.0,1178.8833333333343,30.64,-1.7008056961946714
827,137.0,1180.4055555555565,30.68,-1.325309476828073
828,137.0,1181.9277777777786,30.72,-0.8211946099013924
829,136.0,1183.4444444444455,30.76,-0.8783181761210348
830,137.0,1184.9611111111121,30.8,-1.1377211043422064
831,137.0,1186.4833333333343,30.84,-0.8855989679549188
832,137.0,1188.0055555555564,30.88,-0.8866594967102107
833,137.0,1189.5277777777787,30.92,-0.8242591518016495
834,136.0,1191.0444444444454,30.96,-1.007671343753368
835,135.0,1192.5500000000009,31.0,-1.7532622475602542
836,136.0,1194.0555555555563,31.04,-2.022620214148444
837,136.0,1195.5666666666675,31.080000000000002,-2.090721636550494
838,136.0,1197.0777777777787,31.12,-1.9684995954604427
839,135.0,1198.5833333333342,31.16,-1.641839438428953
840,134.0,1200.0777777777787,31.2,-1.5073636545329587
841,134.0,1201.5666666666677,31.240000000000002,-1.951623700559383
842,134.0,1203.0555555555566,31.28,-2.207333609645055
843,134.0,1204.5444444444454,31.32,-2.2118306473326137
844,134.0,1206.0333333333342,31.36,-2.2782645830814174
845,134.0,1207.5222222222233,31.400000000000002,-2.726609641775362
846,133.0,1209.0055555555566,31.44,-3.5361949529049364
847,132.0,1210.4777777777788,31.48,-4.030223268048125
848,132.0,1211.9444444444455,31.52,-4.242727122076033
849,131.0,1213.4055555555567,31.560000000000002,-4.736894669759041
850,130.0,1214.8555555555567,31.6,-5.416845986954655
851,129.0,1216.2944444444456,31.64,-5.844812189463668
852,129.0,1217.727777777779,31.68,-6.389578816294074
853,129.0,1219.1611111111124,31.720000000000002,-6.6973817081676295
854,127.0,1220.5833333333346,31.76,-6.645528279414905
855,125.0,1221.9833333333345,31.8,-6.967572871945965
856,124.0,1223.3666666666677,31.84,-7.348081010400554
857,123.0,1224.73888888889,31.88,-7.735950801759053
858,123.0,1226.1055555555567,31.92,-7.4938527789686855
859,122.0,1227.4666666666678,31.96,-6.47817353380122
860,120.0,1228.8111111111123,32.0,-5.788147084325723
861,119.0,1230.13888888889,32.04,-5.5912269327195565
862,118.0,1231.4555555555567,32.08,-5.206966468819853
863,118.0,1232.7666666666678,32.12,-4.737095623322629
864,118.0,1234.0777777777791,32.160000000000004,-4.124648747601111
865,117.0,1235.3833333333346,32.2,-3.661489275949719
866,116.0,1236.677777777779,32.24,-3.4566552239460413
867,116.0,1237.9666666666678,32.28,-3.596929252306728
868,116.0,1239.2555555555566,32.32,-3.742477894481536
869,115.0,1240.53888888889,32.36,-3.8541952548663425
870,114.0,1241.811111111112,32.4,-3.899652776033103
871,114.0,1243.0777777777787,32.44,-3.9195610758013393
872,113.0,1244.33888888889,32.480000000000004,-3.9082732432262186
873,113.0,1245.5944444444456,32.52,-3.6131410708292395
874,112.0,1246.8444444444456,32.56,-2.965860137730897
875,111.0,1248.0833333333344,32.6,-3.0104942615059436
876,111.0,1249.3166666666677,32.64,-3.398420420538455
877,111.0,1250.550000000001,32.68,-3.4117711344681765
878,111.0,1251.7833333333344,32.72,-3.428048867176944
879,111.0,1253.0166666666678,32.76,-3.124262159926789
880,109.0,1254.23888888889,32.8,-2.830162149684483
881,108.0,1255.4444444444457,32.84,-2.692552272052115
882,108.0,1256.6444444444458,32.88,-2.3896614439816344
883,108.0,1257.8444444444458,32.92,-2.2071421479116973
884,108.0,1259.0444444444458,32.96,-1.7691541913803648
885,108.0,1260.244444444446,33.0,-1.3900521533490915
886,108.0,1261.444444444446,33.04,-1.4550665120504434
887,108.0,1262.644444444446,33.08,-1.7124476165354159
888,107.0,1263.8388888888903,33.12,-1.8278251068717686
889,107.0,1265.0277777777794,33.160000000000004,-1.8337357078706644
890,106.0,1266.2111111111128,33.2,-1.696516804683101
891,106.0,1267.3888888888905,33.24,-1.4488975834022104
892,106.0,1268.5666666666682,33.28,-1.0727658947307783
893,106.0,1269.744444444446,33.32,-0.5682294874607959
894,106.0,1270.9222222222236,33.36,-0.3157918083265321
895,106.0,1272.1000000000013,33.4,0.3157918083265184
896,106.0,1273.277777777779,33.44,0.5682294874607752
897,106.0,1274.4555555555569,33.480000000000004,0.7569240401430799
898,106.0,1275.6333333333346,33.52,0.8818678821121345
899,106.0,1276.8111111111123,33.56,0.9433240719985463
900,107.0,1277.9944444444457,33.6,0.6334626032439883
901,107.0,1279.1833333333345,33.64,0.31632679379056655
902,107.0,1280.3722222222234,33.68,0.3163274846196512
903,107.0,1281.5611111111123,33.72,0.25308389473710263
904,107.0,1282.7500000000011,33.76,0.1265851265698679
905,106.0,1283.9333333333345,33.8,-0.06274910487783053
906,106.0,1285.1111111111125,33.84,-0.2508896943229512
907,107.0,1286.2944444444458,33.88,-0.3798848394232359
908,107.0,1287.4833333333347,33.92,-0.44331199366753005
909,107.0,1288.6722222222236,33.96,-0.4434626610424748
910,107.0,1289.8611111111125,34.0,-0.6967480360621188
911,106.0,1291.0444444444458,34.04,-1.1942593751404667
912,106.0,1292.2222222222235,34.08,-1.6391462126421623
913,106.0,1293.4000000000012,34.12,-1.6436508249510997
914,106.0,1294.5777777777791,34.160000000000004,-1.5211376537156605
915,105.0,1295.7500000000014,34.2,-1.2582595519781794
916,105.0,1296.916666666668,34.24,-0.8818491187353719
917,105.0,1298.0833333333348,34.28,-0.7569178142259564
918,105.0,1299.2500000000016,34.32,-0.5682299312797211
919,105.0,1300.4166666666683,34.36,-0.31579309523621935
920,105.0,1301.583333333335,34.4,-9.601452366609631e-16
921,105.0,1302.7500000000018,34.44,-1.8013247947822915e-14
922,105.0,1303.9166666666686,34.480000000000004,-1.5867292923431953e-14
923,105.0,1305.0833333333353,34.52,6.383802130173036e-15
924,105.0,1306.250000000002,34.56,-9.460849125758427e-15
925,105.0,1307.4166666666688,34.6,2.039170916391813e-14
926,105.0,1308.5833333333355,34.64,1.4855698296771392e-14
927,105.0,1309.7500000000023,34.68,4.134686848726136e-15
928,105.0,1310.916666666669,34.72,-6.567242154436785e-15
929,105.0,1312.0833333333358,34.76,-5.926428333916332e-15
930,105.0,1313.2500000000025,34.800000000000004,0.31579309523625476
931,105.0,1314.4166666666692,34.84,0.5682299312797301
932,105.0,1315.583333333336,34.88,1.072761393125467
933,105.0,1316.7500000000027,34.92,1.4488677554379
934,105.0,1317.9166666666695,34.96,1.696440455835858
935,106.0,1319.0888888888917,35.0,2.150846687542601
936,106.0,1320.2666666666694,35.04,2.395232713240617
937,107.0,1321.4500000000028,35.08,2.471507858659127
938,107.0,1322.6388888888916,35.12,2.652353789638685
939,107.0,1323.8277777777807,35.160000000000004,2.8956076399716495
940,108.0,1325.022222222225,35.2,3.1671315884207885
941,108.0,1326.2222222222251,35.24,3.4049399771415505
942,108.0,1327.4222222222252,35.28,3.6411940178993727
943,109.0,1328.6277777777807,35.32,4.2221268547595106
944,110.0,1329.8444444444474,35.36,4.42325611240627
945,111.0,1331.072222222225,35.4,4.563791783364136
946,111.0,1332.3055555555584,35.44,4.911786502241671
947,112.0,1333.5444444444474,35.480000000000004,4.858778142031143
948,113.0,1334.7944444444474,35.52,4.365962678893408
949,113.0,1336.050000000003,35.56,4.091782486458046
950,114.0,1337.311111111114,35.6,4.426010105758278
951,115.0,1338.5833333333362,35.64,4.629179010750229
952,115.0,1339.861111111114,35.68,4.667729717293126
953,115.0,1341.1388888888919,35.72,4.576786221641915
954,116.0,1342.4222222222252,35.76,4.776666697738951
955,118.0,1343.7222222222254,35.800000000000004,5.214922530656484
956,118.0,1345.0333333333365,35.84,5.687412399389612
957,119.0,1346.350000000003,35.88,6.005569350510678
958,119.0,1347.6722222222252,35.92,5.7687173335586435
959,120.0,1349.000000000003,35.96,5.401794275535694
960,122.0,1350.3444444444474,36.0,5.5252923564380625
961,123.0,1351.7055555555585,36.04,6.041129813139127
962,123.0,1353.072222222225,36.08,6.251706116433306
963,123.0,1354.4388888888916,36.12,6.202171042876462
964,124.0,1355.811111111114,36.160000000000004,5.958886656733409
965,126.0,1357.200000000003,36.2,5.8268360206871135
966,127.0,1358.6055555555586,36.24,5.766245464042817
967,128.0,1360.0222222222253,36.28,5.895375988201279
968,128.0,1361.4444444444475,36.32,5.792830703442608
969,129.0,1362.8722222222252,36.36,5.172812284161544
970,130.0,1364.311111111114,36.4,5.0007425588934264
971,130.0,1365.7555555555584,36.44,4.910909104399149
972,131.0,1367.2055555555587,36.480000000000004,4.730958730351989
973,132.0,1368.6666666666697,36.52,4.486096788361092
974,132.0,1370.1333333333364,36.56,3.83525522219069
975,134.0,1371.611111111114,36.6,3.56035571829387
976,134.0,1373.1000000000029,36.64,3.2299184160548955
977,134.0,1374.5888888888917,36.68,2.589223539406144
978,134.0,1376.0777777777805,36.72,2.016353486746421
979,134.0,1377.5666666666693,36.76,1.5724071509935373
980,135.0,1379.061111111114,36.800000000000004,1.584141561455225
981,135.0,1380.561111111114,36.84,2.341033990543033
982,135.0,1382.061111111114,36.88,2.8391343191945415
983,135.0,1383.561111111114,36.92,3.080289047239595
984,135.0,1385.061111111114,36.96,3.0683461758188257
985,137.0,1386.5722222222253,37.0,3.1669785575549674
986,138.0,1388.100000000003,37.04,3.6229551922277223
987,138.0,1389.6333333333364,37.08,4.0514859664962515
988,138.0,1391.1666666666697,37.12,4.096123804372429
989,138.0,1392.7000000000032,37.160000000000004,3.764954829016297
990,139.0,1394.238888888892,37.2,3.7195246473888646
991,140.0,1395.788888888892,37.24,4.238707223908651
992,141.0,1397.350000000003,37.28,4.690237809051279
993,141.0,1398.9166666666697,37.32,5.043085486720515
994,141.0,1400.4833333333363,37.36,4.9516780905331075
995,143.0,1402.061111111114,37.4,5.126085585787941
996,144.0,1403.6555555555585,37.44,5.390704042857376
997,144.0,1405.2555555555587,37.480000000000004,5.42279909519091
998,145.0,1406.8611111111143,37.52,5.362816539754485
999,145.0,1408.4722222222254,37.56,4.830278021934958
1000,147.0,1410.0944444444476,37.6,4.244064168708719
1001,148.0,1411.7333333333365,37.64,3.555329253362023
1002,148.0,1413.377777777781,37.68,2.9093331047986433
1003,148.0,1415.0222222222253,37.72,2.0191834880087676
1004,148.0,1416.6666666666697,37.76,0.6297594946067432
1005,149.0,1418.31666666667,37.800000000000004,-1.7750098549776894
1006,148.0,1419.9666666666699,37.84,-3.911075738393895
1007,148.0,1421.6111111111143,37.88,-5.323510317119619
1008,148.0,1423.2555555555587,37.92,-6.634946003687032
1009,146.0,1424.8888888888919,37.96,-7.679302704578293
1010,143.0,1426.4944444444475,38.0,-8.722133575769206
1011,141.0,1428.0722222222253,38.04,-9.368827625119845
1012,141.0,1429.6388888888919,38.08,-10.287691419871205
1013,140.0,1431.200000000003,38.12,-10.203888628278808
1014,139.0,1432.7500000000032,38.160000000000004,-9.783052093926205
1015,137.0,1434.2833333333365,38.2,-9.602856342970304
1016,135.0,1435.7944444444477,38.24,-9.814427392733512
1017,133.0,1437.2833333333365,38.28,-10.162221511382013
1018,133.0,1438.7611111111141,38.32,-9.777413437799199
1019,131.0,1440.2277777777808,38.36,-9.040373982843445
1020,129.0,1441.6722222222252,38.4,-9.038346292522446
1021,128.0,1443.1000000000029,38.44,-9.112868545213347
1022,127.0,1444.5166666666698,38.480000000000004,-9.570600751729597
1023,127.0,1445.9277777777809,38.52,-9.877014433632407
1024,126.0,1447.3333333333364,38.56,-9.52577064631776
1025,122.0,1448.7111111111142,38.6,-9.387333310295196
1026,121.0,1450.061111111114,38.64,-9.922636746505763
1027,119.0,1451.3944444444473,38.68,-10.443212347271052
1028,119.0,1452.7166666666694,38.72,-10.526554231370403
1029,118.0,1454.033333333336,38.76,-9.868603856776932
1030,116.0,1455.3333333333362,38.800000000000004,-9.10419281593799
1031,114.0,1456.611111111114,38.84,-8.805118330481212
1032,112.0,1457.8666666666695,38.88,-8.375856962482043
1033,112.0,1459.111111111114,38.92,-8.036103710031552
1034,111.0,1460.3500000000029,38.96,-7.220579406536217
1035,109.0,1461.572222222225,39.0,-6.889517402600076
1036,109.0,1462.783333333336,39.04,-6.877494625086212
1037,108.0,1463.9888888888916,39.08,-7.061183266044971
1038,108.0,1465.1888888888916,39.12,-7.328388264382626
1039,107.0,1466.3833333333362,39.160000000000004,-7.206426391705112
1040,104.0,1467.5555555555584,39.2,-6.948335914561482
1041,103.0,1468.7055555555582,39.24,-7.208258251852832
1042,102.0,1469.8444444444472,39.28,-7.150913701350593
1043,102.0,1470.9777777777804,39.32,-6.84875215517118
1044,101.0,1472.105555555558,39.36,-6.1433693927997535
1045,100.0,1473.2222222222247,39.4,-5.115369152171307
1046,99.0,1474.3277777777803,39.44,-4.599234830800187
1047,98.0,1475.422222222225,39.480000000000004,-4.019916369968629
1048,98.0,1476.511111111114,39.52,-3.476837957690985
1049,97.0,1477.5944444444472,39.56,-2.889313981568441
1050,97.0,1478.672222222225,39.6,-2.3312244624081875
1051,97.0,1479.7500000000027,39.64,-2.146435800803628
1052,97.0,1480.8277777777805,39.68,-2.0251043531886728
1053,97.0,1481.9055555555583,39.72,-2.0315871494032054
1054,96.0,1482.9777777777806,39.76,-1.8274798072441232
1055,96.0,1484.0444444444474,39.800000000000004,-2.1492622961241756
1056,95.0,1485.1055555555586,39.84,-1.9475208855072406
1057,95.0,1486.161111111114,39.88,-1.953484167841113
1058,95.0,1487.2166666666694,39.92,-1.769348314363577
1059,95.0,1488.2722222222249,39.96,-1.076830196328226
1060,94.0,1489.3222222222248,40.0,-0.6277881961342842
1061,95.0,1490.3722222222248,40.04,-0.12691809799612416
1062,94.0,1491.4222222222247,40.08,0.06279709949668924
1063,94.0,1492.4666666666692,40.12,0.2510676346904283
1064,95.0,1493.5166666666694,40.160000000000004,0.44357332949206396
1065,95.0,1494.5722222222248,40.2,0.3161697753411588
1066,95.0,1495.6277777777802,40.24,0.18973853519999928
1067,95.0,1496.6833333333357,40.28,0.3791499356560309
1068,95.0,1497.738888888891,40.32,0.1895933809120031
1069,95.0,1498.7944444444465,40.36,-0.06324626285753523
1070,94.0,1499.8444444444465,40.4,-4.1440922393515795e-15
1071,95.0,1500.8944444444464,40.44,0.06324626285752552
1072,95.0,1501.950000000002,40.480000000000004,0.1264561564112767
1073,95.0,1503.0055555555575,40.52,0.1895933810370267
1074,95.0,1504.061111111113,40.56,0.25262177618968157
1075,95.0,1505.1166666666684,40.6,0.6313128711627698
1076,95.0,1506.1722222222238,40.64,0.5682348703674371
1077,95.0,1507.2277777777792,40.68,0.7568483218188885
1078,95.0,1508.2833333333347,40.72,0.8816397634878685
1079,95.0,1509.33888888889,40.76,0.9429031184487305
1080,96.0,1510.4000000000015,40.800000000000004,0.9510161100410812
1081,96.0,1511.466666666668,40.84,0.8860148351537471
1082,96.0,1512.5333333333347,40.88,0.7582906989849139
1083,96.0,1513.6000000000013,40.92,0.5681267166934246
1084,96.0,1514.6666666666679,40.96,0.3155069654891806
1085,96.0,1515.7333333333345,41.0,8.878346041987253e-15
1086,96.0,1516.800000000001,41.04,8.872102510257405e-15
1087,96.0,1517.8666666666677,41.08,-2.6848524046370353e-14
1088,96.0,1518.9333333333343,41.12,8.859641753618599e-15
1089,96.0,1520.0000000000011,41.160000000000004,0.3158058827584962
1090,96.0,1521.0666666666677,41.2,0.5682343313165749
1091,96.0,1522.1333333333343,41.24,1.0727165977848552
1092,96.0,1523.200000000001,41.28,1.1331334834268423
1093,96.0,1524.2666666666676,41.32,1.445022348967757
1094,97.0,1525.3388888888899,41.36,1.6460164779687312
1095,97.0,1526.4166666666677,41.4,1.7040388030670657
1096,98.0,1527.500000000001,41.44,1.6527357878671876
1097,97.0,1528.5833333333344,41.480000000000004,1.4432127117745028
1098,98.0,1529.6666666666677,41.52,1.1388920153525153
1099,98.0,1530.7555555555566,41.56,1.0119755494391645
1100,98.0,1531.8444444444456,41.6,1.0739258887400143
1101,98.0,1532.9333333333345,41.64,1.3256237982317938
1102,98.0,1534.0222222222235,41.68,2.0784791399205624
1103,98.0,1535.1111111111125,41.72,2.2613315778377188
1104,99.0,1536.2055555555569,41.76,2.5904231906019883
1105,99.0,1537.305555555557,41.800000000000004,3.3350660538998405
1106,100.0,1538.4111111111126,41.84,3.791774820069798
1107,101.0,1539.5277777777792,41.88,4.250536451229717
1108,101.0,1540.6500000000015,41.92,4.284895523152538
1109,101.0,1541.7722222222237,41.96,3.944679855538156
1110,103.0,1542.905555555557,42.0,4.318562078850681
1111,103.0,1544.0500000000013,42.04,4.485567427653111
1112,104.0,1545.2000000000012,42.08,4.5634418559581125
1113,104.0,1546.3555555555567,42.12,4.530041258282537
1114,104.0,1547.5111111111125,42.160000000000004,4.753558995793452
1115,106.0,1548.6777777777793,42.2,4.882032581703276
1116,107.0,1549.8611111111127,42.24,5.145040977899388
1117,107.0,1551.0500000000015,42.28,5.234462467990112
1118,107.0,1552.2388888888904,42.32,5.507249129298494
1119,109.0,1553.4388888888905,42.36,5.376846033919289
1120,110.0,1554.6555555555572,42.4,5.3315966986611745
1121,110.0,1555.8777777777793,42.44,5.672769378212855
1122,111.0,1557.1055555555572,42.480000000000004,6.183109215949489
1123,112.0,1558.344444444446,42.52,6.122514342378847
1124,112.0,1559.5888888888906,42.56,5.7652692349988435
1125,114.0,1560.844444444446,42.6,6.268701397448614
1126,115.0,1562.1166666666682,42.64,6.777174822625851
1127,116.0,1563.4000000000015,42.68,6.64924353498753
1128,116.0,1564.6888888888902,42.72,6.213645432320715
1129,117.0,1565.9833333333347,42.76,5.965752480395967
1130,119.0,1567.294444444446,42.800000000000004,5.841438400741372
1131,120.0,1568.6222222222239,42.84,6.04221507852213
1132,120.0,1569.955555555557,42.88,5.933767561929306
1133,120.0,1571.2888888888904,42.92,5.636893399384743
1134,121.0,1572.6277777777793,42.96,5.209349355968872
1135,123.0,1573.983333333335,43.0,4.950220003951259
1136,124.0,1575.3555555555572,43.04,5.152161748687119
1137,124.0,1576.733333333335,43.08,5.4980694939084085
1138,124.0,1578.1111111111127,43.12,5.335679078148581
1139,125.0,1579.4944444444461,43.160000000000004,4.718438355159086
1140,126.0,1580.8888888888905,43.2,4.292691753062873
1141,127.0,1582.294444444446,43.24,4.432273590249373
1142,128.0,1583.7111111111128,43.28,4.823756994129004
1143,128.0,1585.133333333335,43.32,4.7329296837263595
1144,128.0,1586.5555555555572,43.36,4.522119322979631
1145,129.0,1587.983333333335,43.4,4.536922245689097
1146,130.0,1589.4222222222238,43.44,4.422672375703382
1147,131.0,1590.872222222224,43.480000000000004,4.561028368013202
1148,131.0,1592.3277777777796,43.52,4.597170219004258
1149,132.0,1593.7888888888906,43.56,4.608048865715412
1150,133.0,1595.2611111111128,43.6,4.814217871035311
1151,133.0,1596.7388888888904,43.64,5.107428664359433
1152,134.0,1598.2222222222238,43.68,5.560455278676221
1153,134.0,1599.7111111111126,43.72,5.773927196084025
1154,135.0,1601.205555555557,43.76,5.842760991459678
1155,137.0,1602.7166666666685,43.800000000000004,6.0802182737852
1156,138.0,1604.2444444444463,43.84,6.398014525362861
1157,139.0,1605.7833333333351,43.88,6.1453250698739526
1158,139.0,1607.3277777777796,43.92,5.978667413692296
1159,140.0,1608.8777777777796,43.96,5.293790750100499
1160,141.0,1610.4388888888907,44.0,5.056779037280766
1161,142.0,1612.0111111111128,44.04,5.258819512840667
1162,142.0,1613.5888888888906,44.08,5.546706311281028
1163,143.0,1615.1722222222238,44.12,5.677125654984731
1164,143.0,1616.761111111113,44.160000000000004,5.267200649403964
1165,145.0,1618.361111111113,44.2,5.440552458611083
1166,146.0,1619.9777777777795,44.24,5.702049187861834
1167,147.0,1621.6055555555572,44.28,6.087319116573909
1168,147.0,1623.2388888888904,44.32,5.861055383635675
1169,147.0,1624.8722222222236,44.36,5.7642471679992395
1170,149.0,1626.516666666668,44.4,5.498480250641868
1171,150.0,1628.177777777779,44.44,5.9512758559332335
1172,151.0,1629.8500000000015,44.480000000000004,6.463040187174092
1173,151.0,1631.5277777777792,44.52,6.668905351191269
1174,152.0,1633.2111111111126,44.56,6.668269193978099
1175,153.0,1634.905555555557,44.6,6.35877629585704
1176,155.0,1636.616666666668,44.64,6.466208887236111
1177,156.0,1638.3444444444456,44.68,6.275510492648866
1178,156.0,1640.077777777779,44.72,5.856851894291568
1179,157.0,1641.8166666666677,44.76,5.297260664497846
1180,158.0,1643.566666666668,44.800000000000004,5.184336394490622
1181,159.0,1645.3277777777791,44.84,5.1348779073553175
1182,159.0,1647.0944444444458,44.88,5.490605231426126
1183,159.0,1648.8611111111125,44.92,5.648581935386172
1184,160.0,1650.6333333333346,44.96,5.339478031568841
1185,162.0,1652.4222222222234,45.0,5.570879361322762
1186,163.0,1654.2277777777788,45.04,5.893555216302521
1187,164.0,1656.0444444444454,45.08,6.3394756822807885
1188,164.0,1657.8666666666675,45.12,6.492449475600939
1189,164.0,1659.68888888889,45.160000000000004,6.018252973447925
1190,166.0,1661.5222222222233,45.2,5.68401096469042
1191,167.0,1663.3722222222232,45.24,5.753095985841196
1192,168.0,1665.2333333333343,45.28,5.947537157034441
1193,169.0,1667.1055555555565,45.32,5.948118270259615
1194,169.0,1668.9833333333343,45.36,5.728984062339529
1195,170.0,1670.8666666666675,45.4,5.298297789793393
1196,171.0,1672.7611111111119,45.44,5.307347359177327
1197,172.0,1674.6666666666677,45.480000000000004,5.1245486187498495
1198,172.0,1676.5777777777787,45.52,4.786170891064826
1199,173.0,1678.4944444444452,45.56,4.730473571874857
1200,174.0,1680.422222222223,45.6,4.551515800343213
1201,175.0,1682.3611111111118,45.64,4.562404387792095
1202,175.0,1684.305555555556,45.68,4.735951311125835
1203,175.0,1686.2500000000005,45.72,4.778975631033947
1204,176.0,1688.2000000000005,45.76,4.725674746939524
1205,177.0,1690.161111111112,45.800000000000004,4.861198478616876
1206,178.0,1692.1333333333341,45.84,5.18504698683433
1207,179.0,1694.1166666666675,45.88,5.6960518152909385
1208,179.0,1696.1055555555563,45.92,5.667198530205873
1209,180.0,1698.1000000000006,45.96,5.168225383063298
1210,181.0,1700.105555555556,46.0,5.177636302884314
1211,182.0,1702.1222222222227,46.04,5.312939298217673
1212,183.0,1704.1500000000005,46.08,5.255648538930213
1213,183.0,1706.1833333333338,46.12,5.358797719059384
1214,183.0,1708.2166666666676,46.160000000000004,4.959870522065741
1215,185.0,1710.261111111112,46.2,4.805870426096616
1216,186.0,1712.3222222222232,46.24,4.814787374897611
1217,186.0,1714.3888888888898,46.28,4.9864980383661575
1218,187.0,1716.461111111112,46.32,5.054785148199424
1219,187.0,1718.5388888888897,46.36,4.656659203907947
1220,188.0,1720.622222222223,46.4,4.479837050224675
1221,189.0,1722.7166666666674,46.44,4.488043454921903
1222,190.0,1724.8222222222232,46.480000000000004,4.748591245187602
1223,190.0,1726.9333333333343,46.52,4.5418680287413755
1224,190.0,1729.0444444444454,46.56,4.273207804132716
1225,192.0,1731.1666666666677,46.6,4.306713700379024
1226,192.0,1733.3000000000009,46.64,4.167376295506844
1227,193.0,1735.4388888888898,46.68,4.302977254258498
1228,193.0,1737.5833333333342,46.72,4.350439978881609
1229,193.0,1739.7277777777786,46.76,4.336572103324921
1230,195.0,1741.8833333333343,46.800000000000004,4.243362494476959
1231,195.0,1744.0500000000009,46.84,4.671174723645425
1232,196.0,1746.222222222223,46.88,4.678110556436992
1233,196.0,1748.4000000000008,46.92,4.596322543625846
1234,197.0,1750.5833333333342,46.96,4.477888625573982
1235,198.0,1752.7777777777785,47.0,4.2357447341764045
1236,199.0,1754.983333333334,47.04,4.560365727430149
1237,199.0,1757.194444444445,47.08,4.4191056438573195
1238,199.0,1759.405555555556,47.12,4.530465552080812
1239,200.0,1761.622222222223,47.160000000000004,4.223766306257421
1240,201.0,1763.8500000000006,47.2,4.1696041908817865
1241,202.0,1766.0888888888894,47.24,4.367963640240827
1242,202.0,1768.3333333333337,47.28,4.478403059102198
1243,203.0,1770.5833333333337,47.32,4.23218592805256
1244,203.0,1772.8388888888892,47.36,3.590233308958982
1245,204.0,1775.1000000000001,47.4,3.600849390849276
1246,205.0,1777.3722222222223,47.44,3.8641563984367417
1247,205.0,1779.6500000000003,47.480000000000004,4.042497861155534
1248,205.0,1781.9277777777781,47.52,3.8419216073309066
1249,205.0,1784.205555555556,47.56,3.9566809909404688
1250,207.0,1786.4944444444448,47.6,3.731407111101446
1251,208.0,1788.8000000000002,47.64,3.8031104789150407
1252,208.0,1791.1111111111113,47.68,3.8544897905500943
1253,208.0,1793.4222222222224,47.72,3.5910637027329497
1254,209.0,1795.738888888889,47.76,3.3478237651552036
1255,209.0,1798.0611111111116,47.800000000000004,3.02790927439323
1256,210.0,1800.3888888888894,47.84,3.036322437249486
1257,210.0,1802.7222222222226,47.88,3.0919328613919896
1258,210.0,1805.0555555555559,47.92,2.895741460756177
1259,211.0,1807.3944444444446,47.96,2.7782352172255873
1260,212.0,1809.7444444444445,48.0,3.0396652823456414
1261,212.0,1812.1000000000001,48.04,2.970587759697868
1262,212.0,1814.4555555555557,48.08,3.279706273158222
1263,212.0,1816.8111111111116,48.120000000000005,3.587526461767744
1264,213.0,1819.1722222222227,48.160000000000004,3.5331986714780936
1265,214.0,1821.544444444445,48.2,3.794268053048706
1266,214.0,1823.9222222222227,48.24,4.03450861986924
1267,215.0,1826.3055555555559,48.28,4.293583445309911
1268,216.0,1828.7000000000003,48.32,4.173629237711073
1269,216.0,1831.1000000000001,48.36,3.6578741690719
1270,217.0,1833.5055555555557,48.4,3.476992126916883
1271,217.0,1835.9166666666667,48.44,3.279501997396615
1272,218.0,1838.3333333333337,48.480000000000004,3.0992278016385124
1273,218.0,1840.755555555556,48.52,2.904020052077678
1274,218.0,1843.1777777777781,48.56,3.0876179679099804
1275,219.0,1845.6055555555558,48.6,2.9694907199672844
1276,219.0,1848.0388888888892,48.64,3.2157980424194017
1277,220.0,1850.477777777778,48.68,3.1604537066065004
1278,220.0,1852.9222222222224,48.72,3.152627695801461
1279,221.0,1855.3722222222225,48.76,3.22351503540514
1280,221.0,1857.8277777777785,48.800000000000004,3.280911891815836
1281,222.0,1860.2888888888895,48.84,3.351558384307307
1282,222.0,1862.7555555555562,48.88,3.092015473702163
1283,222.0,1865.2222222222229,48.92,2.8961901320518537
1284,223.0,1867.694444444445,48.96,2.7782116859958186
1285,224.0,1870.1777777777784,49.0,3.0391634216299455
1286,224.0,1872.6666666666672,49.04,2.9704057424282175
1287,224.0,1875.155555555556,49.08,2.96390312959396
1288,224.0,1877.6444444444453,49.120000000000005,2.7061728445211526
1289,225.0,1880.1388888888896,49.160000000000004,2.5252386739280657
1290,226.0,1882.644444444445,49.2,2.723064016238893
1291,226.0,1885.155555555556,49.24,2.9703772753376176
1292,226.0,1887.666666666667,49.28,2.9639322056995407
1293,226.0,1890.177777777778,49.32,2.706247747117568
1294,227.0,1892.6944444444446,49.36,2.2091424526776033
1295,228.0,1895.2222222222224,49.4,2.1529793318596724
1296,228.0,1897.7555555555557,49.44,2.5294775166034866
1297,228.0,1900.2888888888895,49.480000000000004,2.6515034959784836
1298,228.0,1902.8222222222228,49.52,2.5210198174854583
1299,228.0,1905.355555555556,49.56,2.1399705103243263
1300,229.0,1907.8944444444448,49.6,1.8939309620236386
1301,230.0,1910.4444444444448,49.64,1.83595277446441
1302,230.0,1913.0000000000002,49.68,1.9602410432951956
1303,230.0,1915.5555555555557,49.72,1.8946838948131517
1304,230.0,1918.111111111111,49.76,1.6403743415651213
1305,230.0,1920.666666666667,49.800000000000004,1.51359391830782
1306,230.0,1923.2222222222224,49.84,1.5125175152230002
1307,231.0,1925.7833333333335,49.88,1.706891491491063
1308,231.0,1928.3500000000001,49.92,1.7676711279331487
1309,231.0,1930.9166666666667,49.96,2.017813283853014
1310,232.0,1933.4888888888888,50.0,2.08700702713004
1311,232.0,1936.0666666666666,50.04,2.2741460657067685
1312,232.0,1938.6444444444444,50.08,2.2082897707392584
1313,232.0,1941.2222222222226,50.120000000000005,2.267741623029191
1314,233.0,1943.8055555555559,50.160000000000004,2.1476289876157946
1315,233.0,1946.3944444444446,50.2,2.145284071995376
1316,234.0,1948.988888888889,50.24,2.277673245525044
1317,234.0,1951.588888888889,50.28,2.210876247515263
1318,234.0,1954.1888888888889,50.32,1.9554697719966114
1319,234.0,1956.7888888888888,50.36,1.5124455883843362
1320,235.0,1959.3944444444444,50.4,1.5810327034127967
1321,235.0,1962.0055555555555,50.44,1.4535361273575402
1322,235.0,1964.616666666667,50.480000000000004,1.8311585035598938
1323,235.0,1967.227777777778,50.52,2.0181666845664985
1324,235.0,1969.8388888888892,50.56,2.0155173093343355
1325,236.0,1972.4555555555557,50.6,1.8321423402310102
1326,236.0,1975.077777777778,50.64,1.82946244408011
1327,237.0,1977.7055555555557,50.68,1.7081438014840842
1328,237.0,1980.338888888889,50.72,1.769709500537325
1329,237.0,1982.9722222222222,50.76,1.9578937678073027
1330,237.0,1985.6055555555558,50.800000000000004,2.209165899565035
1331,237.0,1988.238888888889,50.84,2.521371111516931
1332,237.0,1990.8722222222223,50.88,2.580347600662708
1333,238.0,1993.5111111111112,50.92,2.7749982703953386
1334,239.0,1996.161111111111,50.96,2.7805041011056386
1335,240.0,1998.822222222222,51.0,2.9135100799983222
1336,240.0,2001.4888888888886,51.04,3.0982281637711355
1337,240.0,2004.155555555555,51.08,2.9665964487903373
1338,240.0,2006.822222222222,51.120000000000005,2.521231632236947
1339,240.0,2009.4888888888886,51.160000000000004,2.1402947265619305
1340,241.0,2012.1611111111108,51.2,2.210002897763195
1341,242.0,2014.844444444444,51.24,2.4054845210234572
1342,242.0,2017.5333333333328,51.28,2.7177981585553916
1343,242.0,2020.2222222222217,51.32,2.7760960420003546
1344,242.0,2022.9111111111106,51.36,2.582455131040332
1345,243.0,2025.605555555555,51.4,2.4638623089762404
1346,243.0,2028.305555555555,51.44,2.3973641505173093
1347,244.0,2031.011111111111,51.480000000000004,2.4662441346997173
1348,244.0,2033.722222222222,51.52,2.335761485380736
1349,244.0,2036.433333333333,51.56,2.3328088299762455
1350,245.0,2039.1499999999996,51.6,2.4034414843120167
1351,245.0,2041.8722222222218,51.64,2.8426897920901864
1352,245.0,2044.594444444444,51.68,2.6485518418632306
1353,245.0,2047.3166666666662,51.72,2.58042120028778
1354,246.0,2050.044444444444,51.76,2.3340344371357222
1355,247.0,2052.7833333333333,51.800000000000004,2.214231155694928
1356,248.0,2055.5333333333333,51.84,2.5375208441257966
1357,247.0,2058.2833333333333,51.88,2.586566014379332
1358,247.0,2061.027777777778,51.92,2.393872431246175
1359,247.0,2063.7722222222224,51.96,1.9508184306939105
1360,248.0,2066.5222222222224,52.0,1.6411684856921727
1361,249.0,2069.2833333333333,52.04,1.5193626828779903
1362,249.0,2072.0499999999997,52.08,1.9599992165364386
1363,249.0,2074.8166666666666,52.120000000000005,1.8946273744648678
1364,249.0,2077.583333333333,52.160000000000004,1.6404538069928203
1365,249.0,2080.3499999999995,52.2,1.198137804422516
1366,249.0,2083.116666666666,52.24,0.9454155283728825
1367,250.0,2085.8888888888882,52.28,0.9485209111148214
1368,250.0,2088.666666666666,52.32,0.8846740648960517
1369,250.0,2091.444444444444,52.36,0.7578508782360603
1370,250.0,2094.2222222222217,52.4,0.25247001442226763
1371,250.0,2096.9999999999995,52.44,-0.2524700144222771
1372,250.0,2099.777777777778,52.480000000000004,-1.0734263331550133
1373,250.0,2102.5555555555557,52.52,-1.4533385009916369
1374,250.0,2105.3333333333335,52.56,-1.7079565771312328
1375,249.0,2108.105555555556,52.6,-2.459506000657759
1376,249.0,2110.8722222222223,52.64,-3.599373683026914
1377,248.0,2113.633333333333,52.68,-4.664465658799819
1378,248.0,2116.3888888888887,52.72,-5.311875591627421
1379,248.0,2119.144444444444,52.76,-6.154475180354842
1380,246.0,2121.888888888889,52.800000000000004,-7.325654590257565
1381,244.0,2124.6111111111113,52.84,-8.434019774208005
1382,243.0,2127.3166666666666,52.88,-9.452808488032062
1383,243.0,2130.0166666666664,52.92,-10.02350751128453
1384,241.0,2132.7055555555553,52.96,-10.321932917320101
1385,238.0,2135.3666666666663,53.0,-10.566459963442295
1386,237.0,2138.005555555555,53.04,-10.84265674120214
1387,235.0,2140.6277777777773,53.08,-11.393515853165102
1388,235.0,2143.2388888888886,53.120000000000005,-11.670127574713016
1389,233.0,2145.8388888888885,53.160000000000004,-10.76746458762433
1390,230.0,2148.4111111111106,53.2,-10.130017983066109
1391,229.0,2150.9611111111103,53.24,-9.964430985660655
1392,227.0,2153.4944444444436,53.28,-9.187066698694064
1393,226.0,2156.01111111111,53.32,-8.635629555639007
1394,226.0,2158.522222222221,53.36,-7.599888098949945
1395,224.0,2161.022222222221,53.4,-6.365973038814571
1396,223.0,2163.505555555554,53.44,-5.857916425212646
1397,223.0,2165.983333333332,53.480000000000004,-5.434481827631123
1398,222.0,2168.4555555555544,53.52,-5.113736226436582
1399,221.0,2170.9166666666656,53.56,-4.981337964239542
1400,221.0,2173.372222222221,53.6,-4.678177376996842
1401,220.0,2175.8222222222207,53.64,-4.860013411813758
1402,219.0,2178.2611111111096,53.68,-5.232184891763677
1403,219.0,2180.694444444443,53.72,-5.123939072843676
1404,218.0,2183.122222222221,53.76,-4.866474847249219
1405,217.0,2185.538888888888,53.800000000000004,-5.4902218014388895
1406,216.0,2187.9444444444434,53.84,-5.5474721880370454
1407,215.0,2190.338888888888,53.88,-5.731456031638059
1408,215.0,2192.7277777777767,53.92,-6.07120172932061
1409,215.0,2195.1166666666654,53.96,-5.842482704785133
1410,212.0,2197.4888888888877,54.0,-5.970904162048347
1411,212.0,2199.844444444443,54.04,-6.24736222989306
1412,211.0,2202.194444444443,54.08,-6.560872231839298
1413,210.0,2204.5333333333324,54.120000000000005,-6.626511718317592
1414,210.0,2206.866666666666,54.160000000000004,-6.467147500728518
1415,208.0,2209.188888888888,54.2,-5.925322642328427
1416,207.0,2211.4944444444436,54.24,-5.861480968015466
1417,206.0,2213.788888888888,54.28,-5.60490694967829
1418,206.0,2216.0777777777766,54.32,-5.499797253376556
1419,205.0,2218.36111111111,54.36,-5.493507657575858
1420,204.0,2220.6333333333323,54.4,-5.2316097305965785
1421,204.0,2222.8999999999987,54.44,-5.754775976006884
1422,203.0,2225.16111111111,54.480000000000004,-6.00397096188159
1423,202.0,2227.41111111111,54.52,-6.067456504833612
1424,201.0,2229.649999999999,54.56,-6.25284329610776
1425,200.0,2231.877777777777,54.6,-6.503120343553623
1426,198.0,2234.088888888888,54.64,-7.097329492786748
1427,198.0,2236.288888888888,54.68,-7.071653461516759
1428,198.0,2238.4888888888877,54.72,-6.729280486890882
1429,196.0,2240.6777777777766,54.76,-7.006899902961625
1430,195.0,2242.849999999999,54.800000000000004,-7.258007719160081
1431,193.0,2245.0055555555546,54.84,-7.7220804998523835
1432,193.0,2247.149999999999,54.88,-8.216522205182143
1433,193.0,2249.294444444444,54.92,-8.651198280780243
1434,190.0,2251.4222222222215,54.96,-8.443535151779894
1435,189.0,2253.527777777777,55.0,-8.518281635891974
1436,187.0,2255.616666666666,55.04,-8.734089754745073
1437,187.0,2257.6944444444434,55.08,-8.928893820132387
1438,185.0,2259.7611111111105,55.120000000000005,-8.581757475713271
1439,184.0,2261.8111111111107,55.160000000000004,-7.76495230815703
1440,183.0,2263.8499999999995,55.2,-7.202921499544345
1441,181.0,2265.872222222222,55.24,-6.9100175785243145
1442,181.0,2267.8833333333328,55.28,-6.697620940711438
1443,180.0,2269.8888888888882,55.32,-6.123770611338757
1444,179.0,2271.8833333333328,55.36,-5.614755363313399
1445,179.0,2273.872222222222,55.4,-5.258142169957121
1446,177.0,2275.8499999999995,55.44,-4.967055888054068
1447,177.0,2277.8166666666666,55.480000000000004,-4.926112012461523
1448,176.0,2279.777777777778,55.52,-4.413598893622718
1449,176.0,2281.733333333333,55.56,-4.175628619896698
1450,175.0,2283.683333333333,55.6,-4.16528513462627
1451,174.0,2285.622222222222,55.64,-4.026437609894286
1452,174.0,2287.555555555555,55.68,-4.1674447870094165
1453,174.0,2289.4888888888886,55.72,-3.9288316466350226
1454,173.0,2291.4166666666665,55.76,-3.667705840263589
1455,172.0,2293.3333333333335,55.800000000000004,-3.0899495964648698
1456,171.0,2295.238888888889,55.84,-2.577249156885582
1457,171.0,2297.138888888889,55.88,-2.205469695398554
1458,171.0,2299.0388888888892,55.92,-1.9561253330075994
1459,171.0,2300.9388888888893,55.96,-1.452403853638842
1460,171.0,2302.8388888888894,56.0,-1.0740875152116343
1461,171.0,2304.7388888888895,56.04,-0.8850601732146496
1462,171.0,2306.6388888888896,56.08,-0.9492386525804507
1463,170.0,2308.533333333334,56.120000000000005,-0.9446944147853095
1464,170.0,2310.422222222223,56.160000000000004,-0.882609639339427
1465,170.0,2312.3111111111116,56.2,-0.7571698594833123
1466,170.0,2314.2000000000003,56.24,-0.568211789931925
1467,170.0,2316.088888888889,56.28,-0.3157409206801515
1468,170.0,2317.9777777777776,56.32,2.482887392854692e-14
1469,170.0,2319.8666666666663,56.36,5.62071153766664e-15
1470,170.0,2321.755555555555,56.4,1.0263977767389016e-14
1471,170.0,2323.6444444444437,56.44,3.037989766156655e-14
1472,170.0,2325.533333333333,56.480000000000004,2.6875005541524945e-14
1473,170.0,2327.4222222222215,56.52,-1.3716379910826015e-14
1474,170.0,2329.31111111111,56.56,-2.0847433295817888e-14
1475,170.0,2331.199999999999,56.6,-1.060814611851542e-14
1476,170.0,2333.0888888888876,56.64,2.1969992382154324e-14
1477,170.0,2334.9777777777763,56.68,-2.907706305796274e-14
1478,170.0,2336.866666666665,56.72,-2.0587622147579277e-14
1479,170.0,2338.7555555555537,56.76,2.0570994724987903e-14
1480,170.0,2340.644444444443,56.800000000000004,0.3157409206800883
1481,170.0,2342.5333333333315,56.84,0.8841205822061388
1482,170.0,2344.42222222222,56.88,1.3251146990778138
1483,170.0,2346.311111111109,56.92,1.9538167103662214
1484,170.0,2348.1999999999975,56.96,2.3900158649440484
1485,171.0,2350.094444444442,57.0,2.6500693480572255
1486,172.0,2351.9999999999977,57.04,3.0382852041659745
1487,172.0,2353.9111111111088,57.08,3.1551823582469676
1488,173.0,2355.8277777777757,57.120000000000005,3.3545497271579943
1489,173.0,2357.7499999999977,57.160000000000004,3.2188116312229536
1490,173.0,2359.6722222222197,57.2,2.7704693235212283
1491,174.0,2361.5999999999976,57.24,2.0847306184788286
1492,174.0,2363.533333333331,57.28,1.5762130291910827
1493,175.0,2365.47222222222,57.32,1.2672294539589481
1494,175.0,2367.4166666666642,57.36,1.139438976828012
1495,175.0,2369.3611111111086,57.4,1.2023043763432033
1496,174.0,2371.2999999999975,57.44,1.0692642366574567
1497,174.0,2373.2333333333313,57.480000000000004,1.1312775161850908
1498,175.0,2375.17222222222,57.52,1.0737299126234212
1499,175.0,2377.1166666666645,57.56,1.5772088443403063
1500,176.0,2379.0666666666643,57.6,1.9632436018893946
1501,176.0,2381.0222222222196,57.64,2.211294927109797
1502,176.0,2382.977777777775,57.68,1.954940330465573
1503,176.0,2384.93333333333,57.72,1.5115546559151951
1504,177.0,2386.8944444444414,57.76,1.2652223419870758
1505,177.0,2388.8611111111086,57.800000000000004,0.8850187532096028
1506,177.0,2390.8277777777753,57.84,0.7579641348732942
1507,177.0,2392.794444444442,57.88,0.568152254697594
1508,177.0,2394.7611111111087,57.92,0.31557546172457457
1509,177.0,2396.7277777777754,57.96,1.0156995987982405e-14
1510,177.0,2398.694444444442,58.0,1.229550212420307e-14
1511,177.0,2400.6611111111088,58.04,0.3157375863195697
1512,177.0,2402.6277777777755,58.08,0.5682106202547916
1513,177.0,2404.5944444444426,58.120000000000005,0.757185941384839
1514,177.0,2406.5611111111093,58.160000000000004,1.1981995973860247
1515,177.0,2408.527777777776,58.2,1.5117292175457069
1516,178.0,2410.499999999998,58.24,2.0243251538093823
1517,178.0,2412.477777777776,58.28,2.335958989340794
1518,178.0,2414.4555555555535,58.32,2.4564532981925424
1519,179.0,2416.4388888888866,58.36,2.7177954888444407
1520,179.0,2418.4277777777756,58.4,2.711453664079703
1521,180.0,2420.42222222222,58.44,3.1020168626908364
1522,180.0,2422.4222222222206,58.480000000000004,3.472349238024283
1523,180.0,2424.4222222222206,58.52,3.5246169750660896
1524,181.0,2426.427777777776,58.56,3.2814556564776995
1525,181.0,2428.438888888887,58.6,3.398112328828948
1526,183.0,2430.4611111111094,58.64,3.5540104110839477
1527,183.0,2432.4944444444427,58.68,3.669212743436878
1528,183.0,2434.527777777776,58.72,3.468554327639893
1529,183.0,2436.5611111111093,58.76,3.2717367309088483
1530,184.0,2438.5999999999985,58.800000000000004,3.092025616582603
1531,185.0,2440.6499999999987,58.84,2.9134563751395945
1532,185.0,2442.7055555555544,58.88,3.095069742397106
1533,185.0,2444.76111111111,58.92,3.3391915077295504
1534,186.0,2446.822222222221,58.96,3.2850379726982664
1535,186.0,2448.888888888888,59.0,3.215101520070824
1536,187.0,2450.96111111111,59.04,3.1611346102725575
1537,187.0,2453.0388888888874,59.08,3.1519276223475905
1538,188.0,2455.122222222221,59.120000000000005,2.907381762355831
1539,188.0,2457.21111111111,59.160000000000004,2.712654863473975
1540,189.0,2459.3055555555543,59.2,2.5947302746586334
1541,189.0,2461.405555555554,59.24,2.527668749836284
1542,189.0,2463.505555555554,59.28,2.522810243312759
1543,189.0,2465.605555555554,59.32,2.2666077614575824
1544,190.0,2467.7111111111094,59.36,2.4643447617133445
1545,190.0,2469.8222222222203,59.4,2.712935003271201
1546,191.0,2471.938888888887,59.44,3.036919575682499
1547,191.0,2474.0611111111098,59.480000000000004,3.091780396039903
1548,191.0,2476.183333333332,59.52,2.8949157430097854
1549,192.0,2478.3111111111098,59.56,2.7782781683564766
1550,193.0,2480.4499999999985,59.6,3.040587617225598
1551,193.0,2482.594444444443,59.64,2.9709219520592685
1552,193.0,2484.7388888888877,59.68,2.9633749253786292
1553,193.0,2486.8833333333323,59.72,2.7048136093572226
1554,194.0,2489.0333333333324,59.76,2.525233893570739
1555,195.0,2491.194444444444,59.800000000000004,2.7244039011071117
1556,195.0,2493.3611111111104,59.84,2.970883726269119
1557,195.0,2495.527777777777,59.88,2.9634141012833264
1558,195.0,2497.6944444444434,59.92,2.704914326070415
1559,196.0,2499.8666666666654,59.96,2.5252342718664753
1560,197.0,2502.049999999999,60.0,2.406969730356747
1561,197.0,2504.2388888888877,60.04,2.718515376307862
1562,197.0,2506.4277777777766,60.08,2.775708487542216
1563,197.0,2508.616666666666,60.120000000000005,2.8965347668168318
1564,198.0,2510.81111111111,60.160000000000004,2.7164956544199925
1565,198.0,2513.01111111111,60.2,2.584918611845911
1566,199.0,2515.2166666666653,60.24,3.225409416055175
1567,199.0,2517.4277777777766,60.28,3.532405942346926
1568,200.0,2519.6444444444433,60.32,3.540136095593268
1569,200.0,2521.8666666666654,60.36,3.2157108861601427
1570,200.0,2524.0888888888876,60.4,3.2708968589419225
1571,202.0,2526.3222222222207,60.44,3.360289505352791
1572,202.0,2528.5666666666657,60.480000000000004,3.4148931626252628
1573,202.0,2530.81111111111,60.52,3.154260804373218
1574,202.0,2533.0555555555547,60.56,3.2727801477644065
1575,203.0,2535.3055555555547,60.6,3.0921602810408793
1576,204.0,2537.5666666666657,60.64,2.9125796269304134
1577,204.0,2539.833333333332,60.68,3.0949205323792444
1578,204.0,2542.0999999999985,60.72,3.024075576952168
1579,205.0,2544.372222222221,60.76,3.0326997437209857
1580,205.0,2546.649999999999,60.800000000000004,2.711861011708797
1581,206.0,2548.9333333333325,60.84,2.783899738027791
1582,206.0,2551.2222222222213,60.88,2.904017611933056
1583,206.0,2553.51111111111,60.92,2.771641426960235
1584,207.0,2555.8055555555543,60.96,2.7173721118733902
1585,207.0,2558.105555555554,61.0,2.711888082944379
1586,208.0,2560.4111111111097,61.04,2.7838409434119487
1587,208.0,2562.722222222221,61.08,2.904018048132155
1588,208.0,2565.0333333333324,61.120000000000005,3.087337768412847
1589,209.0,2567.349999999999,61.160000000000004,2.9696006102116494
1590,209.0,2569.672222222221,61.2,2.8997267554539814
1591,210.0,2571.9999999999986,61.24,2.9082958817625317
1592,210.0,2574.333333333332,61.28,2.9647081938918616
1593,211.0,2576.672222222221,61.32,2.7825528895251126
1594,211.0,2579.0166666666655,61.36,2.651956059057678
1595,211.0,2581.36111111111,61.4,2.58402761848768
1596,212.0,2583.71111111111,61.44,2.592705636617053
1597,212.0,2586.0666666666657,61.480000000000004,2.6510444686649715
1598,212.0,2588.422222222221,61.52,2.457363542316
1599,213.0,2590.783333333332,61.56,2.400819473872632
1600,213.0,2593.1499999999987,61.6,2.4601129381950892
1601,214.0,2595.522222222221,61.64,2.278135626961506
1602,214.0,2597.8999999999987,61.68,2.210995146867295
1603,214.0,2600.2777777777765,61.72,1.9553197177264583
1604,214.0,2602.655555555554,61.76,1.827620127403248
1605,215.0,2605.038888888888,61.800000000000004,2.150640993208101
1606,215.0,2607.4277777777766,61.84,2.527589345086945
1607,215.0,2609.8166666666652,61.88,2.964013481879495
1608,215.0,2612.205555555554,61.92,3.1456265904640763
1609,216.0,2614.5999999999985,61.96,3.0893700688802537
1610,217.0,2617.005555555554,62.0,3.0974235783768322
1611,218.0,2619.4222222222206,62.04,3.484828245573179
1612,218.0,2621.8444444444426,62.08,3.539155925314641
1613,218.0,2624.266666666665,62.120000000000005,3.278426275611203
1614,218.0,2626.688888888887,62.160000000000004,2.7059399003624525
1615,219.0,2629.116666666665,62.2,2.209125467563401
1616,220.0,2631.555555555554,62.24,1.836186948373639
1617,220.0,2633.999999999998,62.28,1.6438536177507481
1618,220.0,2636.4444444444425,62.32,1.6423608826640925
1619,220.0,2638.888888888887,62.36,1.4517187969888863
1620,220.0,2641.333333333331,62.4,1.3883135719113484
1621,220.0,2643.777777777776,62.440000000000005,1.4505179899381229
1622,220.0,2646.2222222222204,62.480000000000004,1.700674164355076
1623,221.0,2648.67222222222,62.52,1.8322324867723105
1624,221.0,2651.1277777777755,62.56,2.1452195056395893
1625,222.0,2653.5888888888867,62.6,2.5948524886818625
1626,222.0,2656.0555555555534,62.64,3.0960769847104395
1627,222.0,2658.52222222222,62.68,3.278773720961421
1628,222.0,2660.988888888887,62.72,3.145971342003021
1629,223.0,2663.461111111109,62.76,3.089498501640454
1630,224.0,2665.9444444444425,62.800000000000004,3.097299772430601
1631,225.0,2668.438888888887,62.84,3.1670283549238043
1632,225.0,2670.938888888887,62.88,2.9701488530091043
1633,225.0,2673.438888888887,62.92,2.838944341966114
1634,225.0,2675.938888888887,62.96,2.39414442483576
1635,226.0,2678.4444444444425,63.0,2.339142793669173
1636,226.0,2680.9555555555535,63.04,2.6521395621422714
1637,226.0,2683.4666666666644,63.08,3.02492526434499
1638,227.0,2685.9833333333313,63.120000000000005,3.1575490278328298
1639,227.0,2688.5055555555537,63.160000000000004,3.3399089688276424
1640,228.0,2691.0333333333315,63.2,3.2210787040983493
1641,229.0,2693.5722222222203,63.24,3.164073768029331
1642,229.0,2696.1166666666645,63.28,2.841452575560387
1643,229.0,2698.6611111111088,63.32,2.5851894522633936
1644,230.0,2701.2111111111085,63.36,2.4027798992398823
1645,230.0,2703.766666666664,63.4,1.9579165414410764
1646,230.0,2706.3222222222203,63.440000000000005,1.9562147585231016
1647,230.0,2708.877777777776,63.480000000000004,2.0796279538634748
1648,231.0,2711.438888888887,63.52,2.022583497548055
1649,231.0,2714.0055555555537,63.56,1.7676711279332042
1650,231.0,2716.5722222222203,63.6,1.702195800795427
1651,232.0,2719.1444444444423,63.64,2.1510105651729354
1652,232.0,2721.72222222222,63.68,2.337958389781083
1653,232.0,2724.2999999999975,63.72,2.2718276856031787
1654,232.0,2726.877777777775,63.76,2.646523059814879
1655,232.0,2729.455555555553,63.800000000000004,2.767565614441242
1656,234.0,2732.044444444442,63.84,2.9769785169969474
1657,234.0,2734.644444444442,63.88,3.223048798718514
1658,234.0,2737.244444444442,63.92,3.531205278225
1659,235.0,2739.849999999997,63.96,3.5377860823074476
1660,235.0,2742.461111111108,64.0,3.2148224531697376
1661,236.0,2745.0777777777753,64.04,2.907828916042476
1662,236.0,2747.699999999997,64.08,2.9649818485775654
1663,237.0,2750.3277777777753,64.12,2.7820302285275145
1664,237.0,2752.961111111108,64.16,2.651909258440699
1665,237.0,2755.5944444444417,64.2,2.5845061883859604
1666,238.0,2758.23333333333,64.24,2.275673797985612
1667,238.0,2760.877777777775,64.28,2.0829283493996553
1668,238.0,2763.52222222222,64.32000000000001,2.01788364331915
1669,239.0,2766.1722222222197,64.36,2.0868994270848815
1670,239.0,2768.8277777777757,64.4,1.9578848738296326
1671,239.0,2771.483333333331,64.44,1.9562471735287488
1672,239.0,2774.138888888887,64.48,2.0797674805645756
1673,240.0,2776.7999999999975,64.52,2.0224943245334583
1674,240.0,2779.4666666666644,64.56,1.7676715429817476
1675,240.0,2782.1333333333305,64.6,2.0179029910886173
1676,241.0,2784.805555555553,64.64,2.403515382118625
1677,241.0,2787.4833333333313,64.68,2.5263864116585304
1678,241.0,2790.1611111111088,64.72,2.396628412635108
1679,241.0,2792.838888888887,64.76,2.392480482519954
1680,242.0,2795.52222222222,64.8,2.209171205463937
1681,243.0,2798.216666666665,64.84,2.152576598826888
1682,243.0,2800.9166666666642,64.88,2.2126509511223817
1683,243.0,2803.6166666666645,64.92,2.0832495608008172
1684,243.0,2806.316666666665,64.96000000000001,1.7655597688337066
1685,243.0,2809.016666666664,65.0,1.575628021716591
1686,244.0,2811.7222222222204,65.04,1.5177499206386098
1687,244.0,2814.433333333331,65.08,1.642389676141219
1688,244.0,2817.144444444443,65.12,1.9562641429071248
1689,244.0,2819.8555555555536,65.16,2.0798405480516227
1690,245.0,2822.5722222222207,65.2,2.022447610721487
1691,245.0,2825.2944444444424,65.24,2.083713153874412
1692,245.0,2828.016666666665,65.28,2.2698552858312633
1693,246.0,2830.744444444443,65.32000000000001,2.592109151091197
1694,246.0,2833.477777777776,65.36,2.651111412265286
1695,246.0,2836.2111111111094,65.4,2.458021882078647
1696,247.0,2838.9499999999975,65.44,2.7169329459691456
1697,247.0,2841.6944444444425,65.48,2.7123369926127454
1698,248.0,2844.444444444442,65.52,2.4661777172787116
1699,248.0,2847.199999999998,65.56,2.335763211444769
1700,248.0,2849.955555555553,65.6,2.0172378529156236
1701,249.0,2852.7166666666644,65.64,1.8340854880161146
1702,249.0,2855.4833333333313,65.68,1.7690948118859406
1703,249.0,2858.2499999999973,65.72,1.5151492632664507
1704,249.0,2861.016666666664,65.76,1.450588249261044
1705,249.0,2863.78333333333,65.8,1.5756919403005187
1706,250.0,2866.555555555553,65.84,1.5176875204203326
1707,250.0,2869.3333333333303,65.88,1.642366332610826
1708,250.0,2872.1111111111086,65.92,1.6404563330576285
1709,250.0,2874.888888888887,65.96000000000001,1.82807909315178
1710,251.0,2877.6722222222197,66.0,1.8335273318654595
1711,251.0,2880.461111111109,66.04,1.9585555296315418
1712,251.0,2883.2499999999973,66.08,2.2083891652871164
1713,251.0,2886.0388888888865,66.12,2.268118913482945
1714,252.0,2888.8333333333303,66.16,2.1475417679706985
1715,252.0,2891.633333333331,66.2,1.8295482182462381
1716,253.0,2894.438888888886,66.24,2.024561179769953
1717,253.0,2897.2499999999977,66.28,2.022086409186407
1718,253.0,2900.0611111111093,66.32000000000001,2.1464604062494015
1719,253.0,2902.87222222222,66.36,2.0183117154008525
1720,253.0,2905.6833333333316,66.4,2.3312436115849424
1721,254.0,2908.4999999999977,66.44,3.0335402794003006
1722,254.0,2911.3222222222203,66.48,3.7211136938549036
1723,255.0,2914.1499999999974,66.52,4.104800190041177
1724,255.0,2916.9833333333313,66.56,4.471578560270601
1725,256.0,2919.82222222222,66.6,4.476059892309239
1726,258.0,2922.6777777777756,66.64,4.436327635076619
1727,258.0,2925.544444444443,66.68,4.297723930976582
1728,258.0,2928.4111111111088,66.72,3.783043974933333
1729,259.0,2931.2833333333315,66.76,3.2841889999338676
1730,259.0,2934.1611111111088,66.8,2.775428094788325
1731,260.0,2937.0444444444424,66.84,2.5939067029697824
1732,260.0,2939.9333333333307,66.88,2.77932122196288
1733,260.0,2942.82222222222,66.92,2.7116957554520322
1734,260.0,2945.711111111109,66.96000000000001,2.708289455723784
1735,261.0,2948.6055555555527,67.0,2.7773768767836176
1736,262.0,2951.5111111111087,67.04,2.910689641526798
1737,262.0,2954.4222222222193,67.08,3.0945967400973444
1738,262.0,2957.3333333333308,67.12,3.025456845604712
1739,263.0,2960.249999999997,67.16,2.71585428696593
1740,263.0,2963.1722222222197,67.2,2.144678142644986
1741,264.0,2966.0999999999967,67.24,2.0243794006340656
1742,264.0,2969.0333333333306,67.28,2.022008012182854
1743,264.0,2971.9666666666644,67.32000000000001,1.830489928245306
1744,264.0,2974.8999999999974,67.36,1.7663360502687713
1745,264.0,2977.833333333331,67.4,1.8277208291136713
1746,265.0,2980.7722222222196,67.44,1.7065906955870067
1747,265.0,2983.7166666666644,67.48,1.767672482271369
1748,265.0,2986.6611111111083,67.52,1.7024974652552862
1749,266.0,2989.6111111111086,67.56,1.5174307008632564
1750,266.0,2992.5666666666634,67.6,1.5164974558378916
1751,266.0,2995.5222222222196,67.64,1.6423103890470234
1752,266.0,2998.477777777776,67.68,1.8932890673146536
1753,266.0,3001.4333333333307,67.72,1.9543275398829043
1754,266.0,3004.388888888887,67.76,1.8263707502489606
1755,267.0,3007.349999999997,67.8,1.893933191318858
1756,268.0,3010.32222222222,67.84,2.152005692653087
1757,268.0,3013.299999999997,67.88,2.2123662739033114
1758,268.0,3016.277777777775,67.92,2.083257869036936
1759,268.0,3019.255555555553,67.96000000000001,2.081423562713105
1760,268.0,3022.2333333333304,68.0,1.8277668791114663
1761,269.0,3025.216666666664,68.04,2.0229312266915067
1762,269.0,3028.205555555552,68.08,2.3359292508191296
1763,269.0,3031.1944444444416,68.12,2.4583727615217255
1764,270.0,3034.1888888888857,68.16,2.400435473817915
1765,270.0,3037.188888888886,68.2,2.4605388481756565
1766,271.0,3040.194444444441,68.24,2.593682443753863
1767,271.0,3043.2055555555526,68.28,2.7792589846761047
1768,271.0,3046.216666666664,68.32000000000001,2.7118158463636726
1769,271.0,3049.2277777777745,68.36,2.3932004742061204
1770,272.0,3052.244444444442,68.4,2.2092190080008827
1771,273.0,3055.272222222219,68.44,2.1519040751952767
1772,273.0,3058.305555555553,68.48,2.212315588507742
1773,273.0,3061.338888888886,68.52,2.083259337428755
1774,273.0,3064.3722222222195,68.56,2.0814585705901543
1775,273.0,3067.4055555555533,68.60000000000001,1.8278225450975498
1776,274.0,3070.4444444444416,68.64,2.022881454648293
1777,274.0,3073.4888888888863,68.68,2.3359281094864914
1778,274.0,3076.53333333333,68.72,2.4584412366219635
1779,275.0,3079.5833333333308,68.76,2.4004093401973376
1780,275.0,3082.6388888888855,68.8,1.8290488539686298
1781,276.0,3085.699999999997,68.84,1.1383859180057765
1782,276.0,3088.7666666666632,68.88,0.6952447916557084
1783,276.0,3091.8333333333303,68.92,0.18958731601943082
1784,276.0,3094.8999999999974,68.96000000000001,-0.3793373832360406
1785,275.0,3097.961111111108,69.0,-0.3151875111384653
1786,275.0,3101.016666666664,69.04,-0.3153956586954383
1787,275.0,3104.072222222219,69.08,-1.1950271857240871e-14
1788,275.0,3107.127777777775,69.12,0.3153956586955019
1789,275.0,3110.1833333333298,69.16,0.6304789416138323
1790,276.0,3113.2444444444413,69.2,0.9483746434225367
1791,276.0,3116.3111111111075,69.24,1.2007200879859272
1792,276.0,3119.3777777777746,69.28,1.3262370817108438
1793,276.0,3122.4444444444416,69.32000000000001,1.3252763898269289
1794,276.0,3125.5111111111078,69.36,1.5138535898758447
1795,276.0,3128.577777777775,69.4,1.8284553175529048
1796,277.0,3131.6499999999965,69.44,2.275407912009324
1797,277.0,3134.727777777775,69.48,2.5244131820111653
1798,277.0,3137.805555555552,69.52,2.5832004656493477
1799,278.0,3140.888888888886,69.56,2.46203029461367
1800,279.0,3143.983333333331,69.60000000000001,2.1510834721310377
1801,279.0,3147.0833333333303,69.64,1.9596844230758086
1802,279.0,3150.1833333333307,69.68,1.8945537336150302
1803,279.0,3153.28333333333,69.72,1.6405572119972869
1804,279.0,3156.3833333333305,69.76,1.5138675499038294
1805,279.0,3159.48333333333,69.8,1.828480625849408
1806,280.0,3162.588888888886,69.84,2.2753792394156047
1807,280.0,3165.699999999996,69.88,2.5244222868926096
1808,280.0,3168.811111111108,69.92,2.5832560172455277
1809,281.0,3171.927777777775,69.96000000000001,2.4620313752091874
1810,282.0,3175.0555555555525,70.0,2.1510343068478064
1811,282.0,3178.188888888886,70.04,1.643317676859869
1812,282.0,3181.322222222219,70.08,1.3261404655986053
1813,282.0,3184.4555555555526,70.12,0.8836669240519619
1814,282.0,3187.5888888888853,70.16,7.019639410288138e-15
1815,282.0,3190.722222222219,70.2,-0.5681633514844577
1816,282.0,3193.8555555555517,70.24,-0.757819695301756
1817,282.0,3196.9888888888854,70.28,-0.8845792307585267
1818,282.0,3200.122222222219,70.32000000000001,-0.9483447231472245
1819,281.0,3203.2499999999964,70.36,-1.260585986409695
1820,281.0,3206.372222222219,70.4,-1.4507513795585183
1821,281.0,3209.494444444441,70.44,-1.8305093424897916
1822,281.0,3212.6166666666636,70.48,-2.021898908641776
1823,281.0,3215.7388888888854,70.52,-2.0241264836466115
1824,280.0,3218.8555555555527,70.56,-1.8296746518996008
1825,280.0,3221.9666666666644,70.60000000000001,-1.8319334271822036
1826,279.0,3225.0722222222194,70.64,-2.3309159476476693
1827,279.0,3228.1722222222197,70.68,-2.5861015004655368
1828,279.0,3231.272222222219,70.72,-2.589641693111249
1829,279.0,3234.3722222222195,70.76,-2.9713218440866784
1830,279.0,3237.472222222219,70.8,-3.3561082760379453
1831,277.0,3240.5611111111084,70.84,-3.7155681521031325
1832,277.0,3243.6388888888855,70.88,-4.733079633064339
1833,277.0,3246.716666666664,70.92,-5.316555700936691
1834,275.0,3249.783333333331,70.96000000000001,-5.735933201857659
1835,275.0,3252.838888888886,71.0,-6.007087429216508
1836,274.0,3255.8888888888864,71.04,-5.688117681205977
1837,272.0,3258.9222222222193,71.08,-5.854851523636992
1838,272.0,3261.944444444442,71.12,-5.558800250459097
1839,271.0,3264.961111111108,71.16,-5.048059645182194
1840,270.0,3267.966666666664,71.2,-4.7285814434634945
1841,270.0,3270.9666666666635,71.24,-4.611491204782395
1842,269.0,3273.9611111111085,71.28,-4.603092402494044
1843,269.0,3276.949999999998,71.32000000000001,-4.805065954701221
1844,268.0,3279.9333333333307,71.36,-4.547245026770437
1845,268.0,3282.9111111111088,71.4,-4.242838813216358
1846,266.0,3285.877777777775,71.44,-4.221811173918856
1847,265.0,3288.8277777777753,71.48,-3.838199172758
1848,265.0,3291.772222222219,71.52,-3.4685067406247847
1849,265.0,3294.716666666664,71.56,-2.7794804688145347
1850,265.0,3297.6611111111088,71.60000000000001,-2.466430031383075
1851,264.0,3300.599999999997,71.64,-2.143065553545273
1852,264.0,3303.533333333331,71.68,-2.2082964003758527
1853,264.0,3306.466666666664,71.72,-2.401130490741954
1854,264.0,3309.399999999998,71.76,-2.7209118857476207
1855,263.0,3312.327777777775,71.8,-2.778148150777992
1856,262.0,3315.244444444442,71.84,-2.897388830463025
1857,262.0,3318.1555555555524,71.88,-3.09223538109222
1858,262.0,3321.066666666664,71.92,-3.0351301411768623
1859,261.0,3323.97222222222,71.96000000000001,-3.343263667602218
1860,261.0,3326.8722222222195,72.0,-3.600592355796155
1861,260.0,3329.7666666666646,72.04,-4.412044022261641
1862,260.0,3332.655555555553,72.08,-5.119815252897285
1863,260.0,3335.544444444442,72.12,-5.390742566930363
1864,258.0,3338.4222222222193,72.16,-5.492878116776573
1865,257.0,3341.283333333331,72.2,-5.806298448827275
1866,255.0,3344.127777777775,72.24,-6.219470422640146
1867,255.0,3346.961111111109,72.28,-6.747423626673957
1868,255.0,3349.794444444443,72.32000000000001,-6.64782110682218
1869,254.0,3352.62222222222,72.36,-6.200920956787104
1870,253.0,3355.438888888887,72.4,-5.819228093631113
1871,251.0,3358.2388888888863,72.44,-6.167493809183941
1872,250.0,3361.02222222222,72.48,-6.6086530742777025
1873,250.0,3363.7999999999975,72.52,-6.5106335415824805
1874,249.0,3366.5722222222203,72.56,-6.443938235411053
1875,249.0,3369.338888888887,72.60000000000001,-6.718234394266879
1876,246.0,3372.0888888888867,72.64,-7.1617910269890706
1877,246.0,3374.8222222222203,72.68,-7.63659053125044
1878,246.0,3377.555555555553,72.72,-7.804305342887244
1879,244.0,3380.2777777777756,72.76,-7.904300639737166
1880,242.0,3382.977777777775,72.8,-8.254624971297781
1881,240.0,3385.6555555555533,72.84,-8.410111979672601
1882,240.0,3388.3222222222194,72.88,-9.151800518545164
1883,240.0,3390.9888888888863,72.92,-9.07989308504324
1884,238.0,3393.6444444444423,72.96000000000001,-8.418194239544476
1885,236.0,3396.277777777775,73.0,-8.261156515307233
1886,234.0,3398.8888888888864,73.04,-8.608687960924586
1887,233.0,3401.4833333333304,73.08,-9.18936754326184
1888,233.0,3404.07222222222,73.12,-8.992904177884487
1889,232.0,3406.655555555553,73.16,-8.24022573665568
1890,230.0,3409.22222222222,73.2,-7.640028731355434
1891,228.0,3411.7666666666637,73.24,-7.607282645194576
1892,227.0,3414.294444444442,73.28,-7.8636358542494555
1893,227.0,3416.816666666665,73.32000000000001,-7.780688939055944
1894,226.0,3419.3333333333308,73.36,-7.277079677487869
1895,225.0,3421.8388888888867,73.4,-6.390235508834002
1896,223.0,3424.3277777777753,73.44,-6.167553707743276
1897,222.0,3426.799999999998,73.48,-6.040130108066534
1898,222.0,3429.266666666664,73.52,-5.750675939657736
1899,221.0,3431.727777777776,73.56,-5.554060469062019
1900,221.0,3434.1833333333316,73.60000000000001,-5.128937238840979
1901,219.0,3436.6277777777755,73.64,-5.095550408487954
1902,219.0,3439.0611111111093,73.68,-5.554029265804201
1903,219.0,3441.4944444444423,73.72,-5.830660658892529
1904,217.0,3443.9166666666647,73.76,-5.549340995560437
1905,217.0,3446.3277777777753,73.8,-5.508186097138591
1906,215.0,3448.727777777776,73.84,-5.537603244789576
1907,214.0,3451.1111111111086,73.88,-6.036836074589225
1908,214.0,3453.488888888887,73.92,-5.999595815499772
1909,214.0,3455.866666666665,73.96000000000001,-5.388676430600761
1910,213.0,3458.238888888887,74.0,-5.257040227743338
1911,211.0,3460.5944444444426,74.04,-5.222436982014998
1912,210.0,3462.933333333331,74.08,-5.656184624113194
1913,210.0,3465.2666666666646,74.12,-5.934155382081497
1914,210.0,3467.5999999999976,74.16,-6.0231010093222315
1915,209.0,3469.9277777777756,74.2,-5.511680157388952
1916,207.0,3472.2388888888863,74.24,-5.099825440683261
1917,206.0,3474.533333333331,74.28,-4.906349250261684
1918,206.0,3476.8222222222203,74.32000000000001,-4.673665933278797
1919,205.0,3479.105555555553,74.36,-4.036395095818176
1920,205.0,3481.3833333333314,74.4,-3.0343091748727633
1921,204.0,3483.6555555555533,74.44,-2.330135527023372
1922,204.0,3485.92222222222,74.48,-2.0178567997660286
1923,204.0,3488.1888888888866,74.52,-1.8312111066080103
1924,204.0,3490.4555555555535,74.56,-1.4537663665300626
1925,204.0,3492.7222222222204,74.60000000000001,-1.5814509924164097
1926,203.0,3494.983333333331,74.64,-1.5120326866192206
1927,203.0,3497.238888888887,74.68,-1.9552245464395996
1928,203.0,3499.494444444442,74.72,-2.211070460957207
1929,203.0,3501.7499999999977,74.76,-2.278428784309773
1930,202.0,3503.9999999999973,74.8,-2.145101464064063
1931,202.0,3506.2444444444423,74.84,-1.832365794943613
1932,201.0,3508.483333333331,74.88,-2.014725735416465
1933,201.0,3510.7166666666644,74.92,-2.017821728370287
1934,201.0,3512.949999999998,74.96000000000001,-1.8312170475682108
1935,201.0,3515.1833333333307,75.0,-1.4537924146571581
1936,201.0,3517.4166666666642,75.04,-1.2654857885079338
1937,200.0,3519.6444444444414,75.08,-0.9450352579154427
1938,200.0,3521.866666666664,75.12,-0.8827939349095025
1939,200.0,3524.088888888886,75.16,-0.757230843035877
1940,200.0,3526.3111111111084,75.2,-0.568207346694913
1941,200.0,3528.53333333333,75.24,-0.6313130726166347
1942,200.0,3530.7555555555527,75.28,-0.5681556933124103
1943,200.0,3532.9777777777754,75.32000000000001,-0.7579195451395748
1944,200.0,3535.199999999997,75.36,-0.8848830007489982
1945,200.0,3537.4222222222197,75.4,-0.948909223011964
1946,199.0,3539.638888888886,75.44,-0.9450255499708211
1947,199.0,3541.8499999999976,75.48,-0.8827886868803437
1948,199.0,3544.0611111111084,75.52,-0.7572291069669062
1949,199.0,3546.27222222222,75.56,-0.8836765393311378
1950,199.0,3548.4833333333318,75.60000000000001,-0.8839995495653369
1951,199.0,3550.6944444444425,75.64,-0.7579212698534612
1952,199.0,3552.905555555554,75.68,-0.8848882504703427
1953,199.0,3555.116666666665,75.72,-0.948918982210075
1954,198.0,3557.3222222222207,75.76,-0.94501574409683
1955,198.0,3559.52222222222,75.8,-0.8827833858458445
1956,198.0,3561.7222222222204,75.84,-0.7572273533334032
1957,198.0,3563.9222222222197,75.88,-0.5682076015214442
1958,198.0,3566.12222222222,75.92,-0.31572899716548336
1959,198.0,3568.3222222222203,75.96000000000001,-0.3155840676051931
1960,198.0,3570.5222222222196,76.0,-0.5681554263774892
1961,198.0,3572.72222222222,76.04,-0.44222351563034945
1962,198.0,3574.9222222222193,76.08,-0.3160481908844893
1963,198.0,3577.1222222222195,76.12,-0.1896986790972083
1964,197.0,3579.3166666666634,76.16,-0.06292511007550385
1965,197.0,3581.5055555555527,76.2,0.06292511007553105
1966,198.0,3583.6999999999966,76.24,0.18969867909722218
1967,198.0,3585.899999999997,76.28,0.63224145767794
1968,198.0,3588.099999999997,76.32000000000001,1.0108422514594682
1969,198.0,3590.2999999999965,76.36,1.3250863717943735
1970,198.0,3592.499999999997,76.4,1.5133420884086963
1971,198.0,3594.699999999996,76.44,1.5120920177353576
1972,199.0,3596.905555555552,76.48,1.7072684006860246
1973,199.0,3599.1166666666627,76.52,1.7676691683226997
1974,199.0,3601.3277777777744,76.56,2.0174284958083724
1975,200.0,3603.5444444444415,76.60000000000001,2.087594832442869
1976,200.0,3605.7666666666632,76.64,1.958042540969437
1977,200.0,3607.988888888886,76.68,1.6402160066743636
1978,200.0,3610.2111111111076,76.72,1.5119859408231449
1979,201.0,3612.4388888888857,76.76,1.2649121441779252
1980,201.0,3614.6722222222184,76.8,0.8848778032673347
1981,201.0,3616.905555555552,76.84,1.0739599581344341
1982,201.0,3619.1388888888846,76.88,1.136362729787947
1983,201.0,3621.372222222218,76.92,1.0725037442982388
1984,201.0,3623.6055555555517,76.96000000000001,0.8827991307241165
1985,201.0,3625.8388888888844,77.0,1.2603436353536983
1986,202.0,3628.0777777777735,77.04,1.5182905955183035
1987,202.0,3630.3222222222175,77.08,1.6425917667268075
1988,202.0,3632.5666666666625,77.12,1.6402279122302994
1989,202.0,3634.8111111111066,77.16,1.5120172588435181
1990,203.0,3637.061111111107,77.2,1.5814666147357888
1991,203.0,3639.316666666662,77.24,1.453774963740988
1992,203.0,3641.572222222218,77.28,1.5151481270805207
1993,203.0,3643.827777777774,77.32000000000001,1.4502635998731663
1994,203.0,3646.083333333329,77.36,1.2598031799547955
1995,204.0,3648.3444444444403,77.4,1.265443675834737
1996,204.0,3650.6111111111068,77.44,1.7701963463411559
1997,204.0,3652.8777777777736,77.48,2.0834179097765917
1998,204.0,3655.14444444444,77.52,2.205947730488533
1999,204.0,3657.411111111107,77.56,2.4543404046857296
2000,205.0,3659.6833333333293,77.60000000000001,2.4622112918128445
2001,206.0,3661.966666666662,77.64,2.9124967431777957
2002,206.0,3664.2555555555514,77.68,3.411463234430511
2003,206.0,3666.5444444444397,77.72,3.591310965311481
2004,207.0,3668.8388888888844,77.76,3.4726397804513125
2005,207.0,3671.138888888884,77.8,3.339322196047544
2006,208.0,3673.4444444444403,77.84,3.5377833460892143
2007,209.0,3675.7611111111064,77.88,3.734607303841877
2008,209.0,3678.083333333329,77.92,3.597657396449297
2009,209.0,3680.4055555555515,77.96000000000001,3.1480421370881304
2010,210.0,3682.7333333333286,78.0,2.460928136479546
2011,211.0,3685.072222222218,78.04,1.2658907200639453
2012,211.0,3687.416666666662,78.08,0.31626818574757315
2013,211.0,3689.761111111107,78.12,-0.3162681857476114
2014,211.0,3692.105555555551,78.16,-0.9496244318106138
2015,210.0,3694.4444444444403,78.2,-2.208146953408842
2016,209.0,3696.7722222222174,78.24,-3.585498885164754
2017,209.0,3699.09444444444,78.28,-4.289496601191809
2018,209.0,3701.4166666666624,78.32000000000001,-4.621149362367605
2019,209.0,3703.738888888884,78.36,-4.891415731309856
2020,207.0,3706.0499999999956,78.4,-5.301476585533499
2021,205.0,3708.338888888884,78.44,-6.147374193024084
2022,205.0,3710.6166666666622,78.48,-6.809411981441982
2023,205.0,3712.8944444444396,78.52,-7.226734712201382
2024,204.0,3715.166666666662,78.56,-7.608586765488251
2025,202.0,3717.422222222218,78.60000000000001,-8.134992199260493
2026,200.0,3719.6555555555506,78.64,-8.792072510312371
2027,200.0,3721.877777777773,78.68,-9.429211190695161
2028,199.0,3724.0944444444394,78.72,-9.582202783990835
2029,197.0,3726.2944444444397,78.76,-9.488913616909356
2030,194.0,3728.4666666666617,78.8,-10.027608463554289
2031,193.0,3730.6166666666622,78.84,-10.615419362775274
2032,193.0,3732.7611111111064,78.88,-11.279453255904249
2033,192.0,3734.8999999999955,78.92,-10.87690428320354
2034,190.0,3737.0222222222183,78.96000000000001,-10.090142076406076
2035,186.0,3739.1111111111068,79.0,-9.885512163159369
2036,185.0,3741.1722222222184,79.04,-10.539404376143127
2037,184.0,3743.222222222218,79.08,-10.890718315257008
2038,184.0,3745.266666666663,79.12,-10.28705708997254
2039,183.0,3747.305555555551,79.16,-9.289103433176
2040,180.0,3749.322222222218,79.2,-8.8759071216249
2041,178.0,3751.3111111111066,79.24,-9.282615582042986
2042,177.0,3753.283333333329,79.28,-9.2454999620949
2043,177.0,3755.2499999999964,79.32000000000001,-9.44678202672237
2044,176.0,3757.211111111107,79.36,-9.017797287486017
2045,173.0,3759.1499999999965,79.4,-8.853626748111461
2046,172.0,3761.0666666666625,79.44,-9.18017757362805
2047,172.0,3762.977777777774,79.48,-9.386873172346464
2048,170.0,3764.8777777777736,79.52,-9.673855116883733
2049,169.0,3766.7611111111073,79.56,-9.442434263043202
2050,166.0,3768.6222222222186,79.60000000000001,-9.465713074372918
2051,165.0,3770.461111111107,79.64,-9.994009033826229
2052,165.0,3772.2944444444406,79.68,-10.028520006990057
2053,163.0,3774.1166666666627,79.72,-9.674433014003151
2054,162.0,3775.9222222222184,79.76,-9.443935337868972
2055,159.0,3777.705555555551,79.8,-9.15202215976863
2056,158.0,3779.4666666666626,79.84,-9.738496327793206
2057,158.0,3781.2222222222176,79.88,-10.148495632825998
2058,156.0,3782.966666666662,79.92,-9.481508825097698
2059,155.0,3784.6944444444403,79.96000000000001,-8.998169568172367
2060,153.0,3786.405555555551,80.0,-8.883867899155492
2061,151.0,3788.0944444444403,80.04,-9.532495425229287
2062,150.0,3789.7666666666623,80.08,-9.690128547679377
2063,150.0,3791.4333333333293,80.12,-9.334844288169794
2064,149.0,3793.09444444444,80.16,-9.039376787947251
2065,146.0,3794.733333333329,80.2,-9.363656292208917
2066,144.0,3796.34444444444,80.24,-9.756702759922424
2067,144.0,3797.9444444444403,80.28,-10.367031657526434
2068,143.0,3799.538888888885,80.32000000000001,-10.35463085342386
2069,142.0,3801.122222222218,80.36,-10.070654225872664
2070,138.0,3802.677777777774,80.4,-9.873744646726875
2071,137.0,3804.205555555551,80.44,-10.21950862066335
2072,136.0,3805.722222222218,80.48,-10.334500600842727
2073,136.0,3807.233333333329,80.52,-10.25857687945869
2074,134.0,3808.7333333333295,80.56,-9.706493142810624
2075,131.0,3810.205555555552,80.60000000000001,-9.072192468069387
2076,130.0,3811.655555555552,80.64,-9.35024746017273
2077,130.0,3813.0999999999967,80.68,-9.204224487340646
2078,128.0,3814.5333333333297,80.72,-8.782947393996967
2079,127.0,3815.9499999999966,80.76,-8.21985720964943
2080,125.0,3817.3499999999963,80.8,-8.028108161004711
2081,124.0,3818.73333333333,80.84,-8.417358742888673
2082,124.0,3820.111111111107,80.88,-8.445074923467958
2083,123.0,3821.4833333333295,80.92,-7.633102580953742
2084,121.0,3822.8388888888853,80.96000000000001,-7.072765898011488
2085,119.0,3824.1722222222184,81.0,-6.821434427921322
2086,118.0,3825.4888888888854,81.04,-6.635820391464601
2087,118.0,3826.799999999996,81.08,-6.252679940737596
2088,118.0,3828.111111111107,81.12,-5.5956227878213705
2089,117.0,3829.4166666666624,81.16,-4.628068040283685
2090,115.0,3830.7055555555517,81.2,-4.443062987580851
2091,115.0,3831.983333333329,81.24,-4.844302920989378
2092,115.0,3833.261111111107,81.28,-5.446068647442628
2093,114.0,3834.533333333329,81.32000000000001,-5.815875936981357
2094,114.0,3835.7999999999956,81.36,-5.667335124168562
2095,112.0,3837.0555555555516,81.4,-5.544066355543818
2096,111.0,3838.29444444444,81.44,-5.6690182853779705
2097,110.0,3839.5222222222183,81.48,-5.351832614334132
2098,109.0,3840.7388888888845,81.52,-4.900100783913036
2099,109.0,3841.9499999999957,81.56,-4.676881803773477
2100,108.0,3843.1555555555515,81.60000000000001,-4.5261675389378455
2101,108.0,3844.3555555555513,81.64,-4.550530165660536
2102,108.0,3845.5555555555516,81.68,-4.451075446963084
2103,107.0,3846.749999999996,81.72,-4.563660604800627
2104,106.0,3847.9333333333293,81.76,-4.617258203469041
2105,104.0,3849.099999999996,81.8,-4.2494557978218745
2106,104.0,3850.2555555555514,81.84,-3.964841492308088
2107,104.0,3851.4111111111065,81.88,-3.6697695861495094
2108,103.0,3852.5611111111066,81.92,-2.9569071389249784
2109,103.0,3853.705555555551,81.96000000000001,-2.2714864235355634
2110,103.0,3854.8499999999954,82.0,-1.9589454609700996
2111,103.0,3855.99444444444,82.04,-2.0916082051874194
2112,102.0,3857.1333333333287,82.08,-2.0147820211280645
2113,102.0,3858.2666666666623,82.12,-1.7676478424180644
2114,102.0,3859.3999999999955,82.16,-1.7098532328078233
2115,101.0,3860.5277777777733,82.2,-1.8227466386446087
2116,101.0,3861.649999999995,82.24,-1.7641657662926822
2117,101.0,3862.7722222222174,82.28,-1.51513782844722
2118,101.0,3863.8944444444396,82.32000000000001,-1.4555451854035033
2119,101.0,3865.0166666666614,82.36,-1.2683252736196355
2120,100.0,3866.133333333328,82.4,-1.2569040063474668
2121,100.0,3867.244444444439,82.44,-1.4484524230505036
2122,100.0,3868.3555555555504,82.48,-1.5151375533472067
2123,100.0,3869.4666666666612,82.52,-1.4555803964468461
2124,100.0,3870.5777777777726,82.56,-1.2683824316532637
2125,99.0,3871.6833333333284,82.60000000000001,-1.2568463787291426
2126,99.0,3872.7833333333283,82.64,-1.4484163474709035
2127,99.0,3873.8833333333287,82.68,-1.515137269868004
2128,99.0,3874.9833333333286,82.72,-1.455616318019338
2129,99.0,3876.083333333329,82.76,-1.268440747822007
2130,98.0,3877.1777777777734,82.8,-0.9430272705424474
2131,98.0,3878.2666666666623,82.84,-0.8817070553337503
2132,98.0,3879.355555555551,82.88,-0.7568706635223057
2133,98.0,3880.44444444444,82.92,-0.568233285405092
2134,98.0,3881.5333333333288,82.96000000000001,-0.31580283829884004
2135,98.0,3882.6222222222173,83.0,-1.0013845127539003e-14
2136,98.0,3883.711111111106,83.04,3.3370125049907044e-16
2137,98.0,3884.7999999999947,83.08,-1.7013993509746163e-15
2138,98.0,3885.8888888888837,83.12,2.0010854020526725e-15
2139,98.0,3886.977777777772,83.16,1.2269885581651503e-14
2140,98.0,3888.066666666661,83.2,0.31580283829885886
2141,98.0,3889.1555555555497,83.24,0.5682332854050816
2142,98.0,3890.2444444444386,83.28,0.7568706635222396
2143,98.0,3891.3333333333276,83.32000000000001,0.8817070553338738
2144,98.0,3892.422222222216,83.36,0.9430272705425269
2145,99.0,3893.5166666666605,83.4,1.2684407478222293
2146,99.0,3894.6166666666604,83.44,1.4556163180193484
2147,99.0,3895.716666666661,83.48,1.5151372698682668
2148,99.0,3896.8166666666607,83.52,1.448416347471125
2149,99.0,3897.916666666661,83.56,1.2568463787288469
2150,100.0,3899.022222222217,83.60000000000001,0.9508538302685351
2151,100.0,3900.1333333333278,83.64,1.2028780502413687
2152,100.0,3901.244444444439,83.68,1.3270769134931601
2153,100.0,3902.35555555555,83.72,1.324425440632145
2154,100.0,3903.4666666666612,83.76,1.1961173204194722
2155,100.0,3904.577777777772,83.8,0.943105911152395
2156,101.0,3905.694444444439,83.84,1.268325273619763
2157,101.0,3906.8166666666607,83.88,1.7727633583674596
2158,101.0,3907.938888888883,83.92,2.083487167351597
2159,101.0,3909.061111111105,83.96000000000001,2.202217261106724
2160,101.0,3910.183333333327,84.0,2.4464250612308303
2161,102.0,3911.3111111111048,84.04,2.4622635442337115
2162,103.0,3912.4499999999935,84.08,2.920948446858586
2163,103.0,3913.594444444438,84.12,3.0963190452542473
2164,103.0,3914.7388888888822,84.16,3.017939235601095
2165,104.0,3915.8888888888823,84.2,3.0349846535879133
2166,104.0,3917.0444444444374,84.24,3.0254497879902678
2167,105.0,3918.205555555549,84.28,3.0423114444106036
2168,105.0,3919.372222222216,84.32000000000001,3.090374706289084
2169,105.0,3920.5388888888824,84.36,2.887439673290281
2170,106.0,3921.711111111105,84.4,2.7786463156983707
2171,107.0,3922.894444444438,84.44,3.0488642414477094
2172,107.0,3924.0833333333267,84.48,2.973902039337698
2173,107.0,3925.2722222222155,84.52,2.9602899240818337
2174,107.0,3926.4611111111044,84.56,3.0117918421252265
2175,108.0,3927.655555555549,84.60000000000001,3.0935938679471557
2176,109.0,3928.8611111111045,84.64,3.172846478616329
2177,109.0,3930.0722222222157,84.68,3.2826884215834675
2178,109.0,3931.2833333333265,84.72,3.455651756417518
2179,110.0,3932.499999999993,84.76,3.661472613683545
2180,111.0,3933.727777777771,84.8,3.807043425168557
2181,111.0,3934.9611111111044,84.84,4.168476860204288
2182,111.0,3936.1944444444375,84.88,4.771837176585615
2183,112.0,3937.4333333333266,84.92,4.970413990680992
2184,113.0,3938.6833333333266,84.96000000000001,5.045976216004388
2185,114.0,3939.9444444444375,85.0,5.309269517515394
2186,115.0,3941.21666666666,85.04,5.758465077041977
2187,116.0,3942.499999999993,85.08,6.018091902477075
2188,116.0,3943.7888888888824,85.12,5.659100079904081
2189,117.0,3945.0833333333267,85.16,5.480434430417675
2190,118.0,3946.3888888888823,85.2,5.428822806212072
2191,119.0,3947.705555555549,85.24,5.503296133064145
2192,120.0,3949.033333333327,85.28,5.7029056564332095
2193,120.0,3950.3666666666604,85.32000000000001,5.659871799629613
2194,121.0,3951.705555555549,85.36,5.16393337010489
2195,122.0,3953.0555555555493,85.4,5.177933244179902
2196,123.0,3954.41666666666,85.44,5.317580248317852
2197,124.0,3955.7888888888824,85.48,5.263050237278063
2198,124.0,3957.1666666666597,85.52,5.038337308681915
2199,124.0,3958.544444444438,85.56,4.69771384121881
2200,126.0,3959.933333333327,85.60000000000001,4.941786916911193
2201,127.0,3961.338888888882,85.64,5.273147825316429
2202,127.0,3962.7499999999936,85.68,5.683804520087932
2203,127.0,3964.1611111111047,85.72,5.892481143825482
2204,128.0,3965.5777777777716,85.76,5.960102374492638
2205,130.0,3967.0111111111046,85.8,5.826274621920273
2206,131.0,3968.461111111105,85.84,6.08449990097329
2207,132.0,3969.9222222222156,85.88,6.46548882782697
2208,132.0,3971.3888888888823,85.92,6.2275852616668885
2209,133.0,3972.861111111105,85.96000000000001,5.794981013338811
2210,134.0,3974.344444444438,86.0,5.746494254312081
2211,135.0,3975.8388888888826,86.04,6.07157356265644
2212,136.0,3977.344444444438,86.08,6.137564182493913
2213,136.0,3978.8555555555495,86.12,5.9662533678586405
2214,137.0,3980.372222222216,86.16,5.658103776063293
2215,139.0,3981.9055555555497,86.2,6.155900376493281
2216,140.0,3983.4555555555494,86.24,6.28830506606123
2217,140.0,3985.011111111105,86.28,6.436352319229284
2218,140.0,3986.5666666666607,86.32000000000001,6.326845584782323
2219,141.0,3988.1277777777714,86.36,6.01899374955191
2220,144.0,3989.711111111105,86.4,6.178236807938171
2221,144.0,3991.3111111111048,86.44,6.581697873073616
2222,145.0,3992.9166666666606,86.48,6.766754922224141
2223,145.0,3994.5277777777715,86.52,6.656324235482723
2224,146.0,3996.1444444444382,86.56,6.285278674298096
2225,148.0,3997.777777777772,86.60000000000001,5.958065597700785
2226,149.0,3999.4277777777716,86.64,6.659556472981531
2227,149.0,4001.0833333333276,86.68,6.6775224357237235
2228,150.0,4002.744444444438,86.72,6.801971382030659
2229,151.0,4004.4166666666606,86.76,6.299007794734511
2230,152.0,4006.0999999999935,86.8,5.864141310024962
2231,154.0,4007.799999999994,86.84,5.907448398759296
2232,154.0,4009.5111111111046,86.88,5.999605724528853
2233,155.0,4011.2277777777717,86.92,5.563109561631367
2234,155.0,4012.9499999999944,86.96000000000001,4.906197851280399
2235,156.0,4014.677777777772,87.0,4.79334145095131
2236,157.0,4016.416666666661,87.04,4.489184474403738
2237,158.0,4018.1666666666606,87.08,4.4333259105786915
2238,158.0,4019.9222222222165,87.12,3.973268011688883
2239,158.0,4021.6777777777716,87.16,3.833054303791126
2240,160.0,4023.4444444444384,87.2,3.998776453356417
2241,160.0,4025.222222222216,87.24,3.986014550021867
2242,160.0,4026.9999999999936,87.28,4.54118637143951
2243,160.0,4028.777777777772,87.32000000000001,4.959843291515033
2244,161.0,4030.5611111111048,87.36,5.281905617788084
2245,163.0,4032.361111111105,87.4,6.406200115820755
2246,163.0,4034.1722222222156,87.44,7.4347244101962
2247,165.0,4035.994444444438,87.48,7.909342869784894
2248,165.0,4037.827777777771,87.52,7.973355900127589
2249,166.0,4039.66666666666,87.56,7.7141245957822
2250,170.0,4041.533333333327,87.60000000000001,7.850504462525834
2251,170.0,4043.4222222222156,87.64,7.730306206309115
2252,170.0,4045.3111111111048,87.68,6.924687303788809
2253,171.0,4047.205555555549,87.72,6.545790864879075
2254,172.0,4049.111111111105,87.76,5.8607355642392
2255,174.0,4051.033333333327,87.8,5.528879895221894
2256,174.0,4052.966666666661,87.84,6.1969351383257605
2257,174.0,4054.8999999999937,87.88,6.603941875716485
2258,175.0,4056.838888888883,87.92,6.416366563237941
2259,176.0,4058.7888888888833,87.96000000000001,5.977068569208789
2260,178.0,4060.7555555555496,88.0,6.017114593411153
2261,179.0,4062.738888888883,88.04,6.461357349094023
2262,180.0,4064.733333333327,88.08,6.333937370181877
2263,180.0,4066.7333333333277,88.12,5.609117248744095
2264,180.0,4068.733333333327,88.16,5.021944102175228
2265,182.0,4070.7444444444386,88.2,4.61884767577126
2266,183.0,4072.772222222216,88.24,4.692106755969892
2267,183.0,4074.8055555555497,88.28,4.928019705694682
2268,183.0,4076.8388888888835,88.32000000000001,5.032357359450288
2269,184.0,4078.877777777772,88.36,4.723749082424856
2270,185.0,4080.927777777772,88.4,4.609593608495383
2271,186.0,4082.9888888888827,88.44,4.680275122213186
2272,187.0,4085.061111111105,88.48,4.685253773643082
2273,187.0,4087.138888888883,88.52,4.604671249126472
2274,187.0,4089.216666666661,88.56,4.086569735896282
2275,189.0,4091.30555555555,88.60000000000001,3.865636810611107
2276,189.0,4093.4055555555497,88.64,4.173018496767111
2277,189.0,4095.50555555555,88.68,4.349066075465081
2278,190.0,4097.611111111105,88.72,4.798320333993079
2279,190.0,4099.722222222216,88.76,4.779554873300143
2280,191.0,4101.838888888882,88.8,4.662701765529821
2281,193.0,4103.972222222215,88.84,5.136460712350602
2282,193.0,4106.1166666666595,88.88,5.431169242054936
2283,194.0,4108.26666666666,88.92,5.246872183249034
2284,194.0,4110.422222222216,88.96000000000001,4.909847365080619
2285,195.0,4112.583333333327,89.0,4.477842202801808
2286,196.0,4114.755555555549,89.04,4.235804653001402
2287,197.0,4116.938888888882,89.08,4.242836130553831
2288,197.0,4119.1277777777705,89.12,4.167363502833228
2289,197.0,4121.316666666659,89.16,4.343760165140601
2290,198.0,4123.511111111104,89.2,4.417083253927417
2291,199.0,4125.716666666659,89.24,4.362146121272879
2292,199.0,4127.927777777771,89.28,4.2210250110950875
2293,200.0,4130.144444444438,89.32000000000001,4.416685404597717
2294,201.0,4132.372222222215,89.36,4.550714839237777
2295,202.0,4134.611111111104,89.4,4.560144863866202
2296,202.0,4136.855555555548,89.44,4.73581860980819
2297,202.0,4139.099999999992,89.48,4.781522777499134
2298,203.0,4141.349999999992,89.52,4.410801259821393
2299,204.0,4143.611111111104,89.56,4.292838671245637
2300,205.0,4145.883333333327,89.60000000000001,4.744631848337564
2301,206.0,4148.16666666666,89.64,5.066484801295093
2302,206.0,4150.455555555549,89.68,4.920657935520133
2303,206.0,4152.744444444437,89.72,4.653550081687573
2304,207.0,4155.038888888882,89.76,4.283441798370329
2305,209.0,4157.349999999992,89.8,4.185891715769775
2306,209.0,4159.672222222215,89.84,3.9836167538013147
2307,209.0,4161.994444444437,89.88,4.097948598054153
2308,210.0,4164.322222222216,89.92,3.853131983322484
2309,210.0,4166.65555555555,89.96000000000001,3.530122337020639
2310,211.0,4168.994444444438,90.0,3.4774267832878114
2311,211.0,4171.338888888883,90.04,3.7200512618223898
2312,212.0,4173.6888888888825,90.08,3.6637677374658213
2313,212.0,4176.044444444438,90.12,3.5921238661413772
2314,213.0,4178.405555555549,90.16,3.536217029287491
2315,214.0,4180.777777777771,90.2,3.481798836237842
2316,214.0,4183.155555555549,90.24,3.7264495501613744
2317,214.0,4185.5333333333265,90.28,3.5915801377527967
2318,215.0,4187.916666666661,90.32000000000001,3.472625674286247
2319,215.0,4190.305555555549,90.36,3.3395700514931725
2320,216.0,4192.699999999994,90.4,3.537694869651976
2321,217.0,4195.1055555555495,90.44,3.7342446406677667
2322,217.0,4197.516666666661,90.48,3.5976894934336454
2323,217.0,4199.927777777772,90.52,3.463914523768072
2324,218.0,4202.3444444444385,90.56,3.345230664673667
2325,219.0,4204.772222222216,90.60000000000001,3.2278426509147606
2326,219.0,4207.205555555549,90.64,3.411324357186307
2327,219.0,4209.638888888882,90.68,3.5917383485053325
2328,220.0,4212.07777777777,90.72,3.4726173272227414
2329,220.0,4214.5222222222155,90.76,3.339715775797785
2330,221.0,4216.972222222215,90.8,3.2211214743030734
2331,222.0,4219.433333333327,90.84,3.4814541263556644
2332,222.0,4221.899999999993,90.88,3.4098973609647003
2333,222.0,4224.36666666666,90.92,3.024581659299927
2334,223.0,4226.838888888883,90.96000000000001,2.716068384168154
2335,223.0,4229.31666666666,91.0,2.776178393953348
2336,224.0,4231.799999999994,91.04,2.8474782739848354
2337,224.0,4234.288888888882,91.08,3.2841355004309283
2338,224.0,4236.777777777771,91.12,3.402707198964535
2339,224.0,4239.266666666659,91.16,3.206520941680835
2340,226.0,4241.766666666659,91.2,3.417853910698688
2341,226.0,4244.27777777777,91.24,3.2838502684064736
2342,227.0,4246.794444444437,91.28,3.5438333875785553
2343,227.0,4249.31666666666,91.32000000000001,3.4720527162362864
2344,227.0,4251.838888888882,91.36,3.086614297939096
2345,228.0,4254.36666666666,91.4,2.717122442476634
2346,228.0,4256.899999999993,91.44,3.0281103676380794
2347,229.0,4259.4388888888825,91.48,3.0358241571764837
2348,229.0,4261.983333333326,91.52,3.4082496878451236
2349,229.0,4264.527777777771,91.56,3.4632532695304596
2350,230.0,4267.077777777771,91.60000000000001,3.5344793173201623
2351,231.0,4269.638888888881,91.64,3.6042618838618683
2352,231.0,4272.205555555549,91.68,3.65955960850389
2353,232.0,4274.777777777771,91.72,3.728944855649949
2354,232.0,4277.3555555555495,91.76,3.783394335113941
2355,233.0,4279.9388888888825,91.8,3.792280949093949
2356,233.0,4282.527777777772,91.84,3.7204982813910883
2357,234.0,4285.122222222216,91.88,3.6635694335731763
2358,234.0,4287.722222222216,91.92,3.592724813217813
2359,235.0,4290.327777777772,91.96000000000001,3.5361397466790105
2360,236.0,4292.944444444438,92.0,3.480907056958196
2361,236.0,4295.56666666666,92.04,3.409851261690572
2362,236.0,4298.188888888882,92.08,3.340658621674536
2363,237.0,4300.816666666659,92.12,3.284568666737684
2364,237.0,4303.4499999999925,92.16,2.9002383398949223
2365,238.0,4306.088888888882,92.2,2.9077972047869687
2366,238.0,4308.733333333326,92.24,3.281050486686113
2367,239.0,4311.383333333327,92.28,3.3511614016313342
2368,239.0,4314.038888888883,92.32000000000001,3.092118075609686
2369,239.0,4316.694444444438,92.36,3.212220645968595
2370,240.0,4319.3555555555495,92.4,3.3465674963951972
2371,241.0,4322.027777777771,92.44,3.4796744658308736
2372,241.0,4324.705555555549,92.48,3.2827996719614156
2373,241.0,4327.383333333326,92.52,3.46474328812285
2374,242.0,4330.066666666659,92.56,3.345305749387158
2375,243.0,4332.761111111105,92.60000000000001,3.227038787574464
2376,243.0,4335.461111111104,92.64,3.4111065135272365
2377,243.0,4338.161111111105,92.68,3.592406839103083
2378,244.0,4340.86666666666,92.72,3.4725816000340735
2379,244.0,4343.577777777772,92.76,3.340331858811506
2380,245.0,4346.294444444438,92.8,3.2209847948663417
2381,246.0,4349.022222222216,92.84,3.4805543764886377
2382,246.0,4351.755555555549,92.88,3.7262324993504983
2383,246.0,4354.488888888883,92.92,3.5924811998666484
2384,247.0,4357.227777777772,92.96000000000001,3.4725775799628114
2385,247.0,4359.972222222215,93.0,3.3404004250916888
2386,248.0,4362.722222222215,93.04,3.2209695314423237
2387,249.0,4365.483333333326,93.08,3.1634714952815135
2388,249.0,4368.249999999994,93.12,2.8414104327215024
2389,249.0,4371.01666666666,93.16,2.2697345057158715
2390,250.0,4373.788888888883,93.2,2.1498990269727853
2391,250.0,4376.56666666666,93.24,1.7690891468141183
2392,250.0,4379.3444444444385,93.28,1.5151492812453802
2393,250.0,4382.122222222217,93.32000000000001,1.4505939794763454
2394,250.0,4384.899999999994,93.36,1.2603332914320315
2395,251.0,4387.683333333328,93.4,0.9485147245229881
2396,251.0,4390.472222222216,93.44,1.2008421527406932
2397,251.0,4393.2611111111055,93.48,1.3262847490395708
2398,251.0,4396.049999999994,93.52,1.641055518831387
2399,251.0,4398.838888888883,93.56,1.7657548346257796
2400,251.0,4401.627777777772,93.60000000000001,2.0165432244172594
2401,252.0,4404.422222222216,93.64,2.400710488814265
2402,252.0,4407.222222222216,93.68,2.5856643128443446
2403,253.0,4410.027777777771,93.72,2.591069416024301
2404,253.0,4412.838888888882,93.76,2.7131708424556282
2405,254.0,4415.655555555548,93.8,2.909860257540528
2406,254.0,4418.477777777771,93.84,2.779357425595359
2407,254.0,4421.299999999993,93.88,3.027470822064559
2408,254.0,4424.122222222216,93.92,2.9596331119113644
2409,255.0,4426.949999999994,93.96000000000001,2.9655663990652785
2410,256.0,4429.788888888883,94.0,2.718973674322632
2411,256.0,4432.633333333328,94.04,2.5875416539559843
2412,257.0,4435.483333333327,94.08,2.5937858672437035
2413,257.0,4438.338888888883,94.12,2.33758842544934
2414,257.0,4441.194444444438,94.16,2.14646053721316
2415,257.0,4444.049999999994,94.2,2.0183411813847494
2416,257.0,4446.905555555549,94.24,2.331315418812074
2417,258.0,4449.76666666666,94.28,2.717025267476206
2418,258.0,4452.633333333327,94.32000000000001,3.1534314755719626
2419,259.0,4455.505555555548,94.36,3.348164842250081
2420,259.0,4458.383333333327,94.4,3.2775099489949895
2421,260.0,4461.26666666666,94.44,3.2839537707278454
2422,261.0,4464.161111111105,94.48,2.974510739982255
2423,261.0,4467.061111111105,94.52,2.716621245601609
2424,261.0,4469.961111111105,94.56,2.5241892143803217
2425,261.0,4472.861111111106,94.60000000000001,2.710389916182395
2426,262.0,4475.766666666661,94.64,2.5911610915228804
2427,262.0,4478.6777777777725,94.68,2.524364488960697
2428,262.0,4481.588888888883,94.72,2.8983922781750815
2429,263.0,4484.50555555555,94.76,3.030285089979249
2430,264.0,4487.433333333327,94.8,3.226455210924717
2431,264.0,4490.36666666666,94.84,3.4109480141152835
2432,264.0,4493.299999999993,94.88,3.5928917686187587
2433,265.0,4496.238888888883,94.92,3.472555218057446
2434,265.0,4499.183333333328,94.96000000000001,3.025094493066928
2435,266.0,4502.133333333328,95.0,2.3362445136865317
2436,267.0,4505.094444444439,95.04,1.835111028783281
2437,267.0,4508.061111111106,95.08,1.2011681178151814
2438,267.0,4511.027777777773,95.12,0.4424457487762365
2439,267.0,4513.994444444439,95.16,-0.06321519063841301
2440,266.0,4516.955555555551,95.2,-0.6302357103744687
2441,266.0,4519.911111111106,95.24,-0.8830530671297699
2442,266.0,4522.866666666662,95.28,-1.0726818670620386
2443,266.0,4525.822222222218,95.32000000000001,-1.136363118717312
2444,266.0,4528.777777777774,95.36,-1.0737822403702568
2445,266.0,4531.73333333333,95.4,-0.8846237955158156
2446,266.0,4534.688888888885,95.44,-0.9484275130278671
2447,265.0,4537.638888888886,95.48,-0.9455092718216779
2448,265.0,4540.583333333329,95.52,-1.1982197200093467
2449,265.0,4543.527777777775,95.56,-1.64051187412185
2450,265.0,4546.47222222222,95.60000000000001,-2.2099699235940466
2451,265.0,4549.416666666663,95.64,-2.528712131091934
2452,265.0,4552.361111111109,95.68,-2.5955807995118194
2453,264.0,4555.2999999999965,95.72,-3.095649399355016
2454,263.0,4558.2277777777745,95.76,-3.6575369643878655
2455,262.0,4561.1444444444405,95.8,-3.9043485126673136
2456,262.0,4564.055555555552,95.84,-4.1660475611990995
2457,262.0,4566.966666666663,95.88,-4.049641422217524
2458,261.0,4569.872222222219,95.92,-3.537296815948458
2459,260.0,4572.766666666664,95.96000000000001,-3.34067920764722
2460,260.0,4575.655555555552,96.0,-3.787583802406961
2461,259.0,4578.5388888888865,96.04,-4.159910953436926
2462,259.0,4581.416666666663,96.08,-4.485580497564316
2463,259.0,4584.294444444442,96.12,-4.369963619723745
2464,258.0,4587.166666666663,96.16,-4.4903281203325545
2465,256.0,4590.022222222219,96.2,-4.845376492492225
2466,256.0,4592.866666666664,96.24000000000001,-5.111189554737573
2467,255.0,4595.705555555553,96.28,-5.234396932208062
2468,255.0,4598.5388888888865,96.32000000000001,-4.935074634307275
2469,254.0,4601.366666666664,96.36,-4.8006650086410945
2470,253.0,4604.183333333332,96.4,-4.792400591960414
2471,252.0,4606.988888888886,96.44,-5.291107442017949
2472,252.0,4609.7888888888865,96.48,-5.307909869212711
2473,252.0,4612.588888888886,96.52,-5.199554023414262
2474,250.0,4615.377777777775,96.56,-4.920934220061156
2475,249.0,4618.149999999998,96.60000000000001,-5.165737910248072
2476,248.0,4620.911111111109,96.64,-5.22390938456118
2477,248.0,4623.666666666665,96.68,-5.178955270013715
2478,248.0,4626.42222222222,96.72,-5.004358441017047
2479,247.0,4629.17222222222,96.76,-4.616166146194066
2480,245.0,4631.905555555552,96.8,-4.716051241741556
2481,245.0,4634.627777777775,96.84,-4.73003077324056
2482,245.0,4637.349999999997,96.88,-4.997860761871158
2483,244.0,4640.066666666664,96.92,-4.803632820339877
2484,243.0,4642.77222222222,96.96000000000001,-4.165676284926094
2485,242.0,4645.466666666664,97.0,-3.7793162156495597
2486,242.0,4648.155555555553,97.04,-3.725968654978388
2487,241.0,4650.838888888886,97.08,-3.6555194167500056
2488,241.0,4653.516666666664,97.12,-3.2202839352077857
2489,241.0,4656.194444444441,97.16,-2.783011572528073
2490,240.0,4658.866666666663,97.2,-2.71226928984092
2491,240.0,4661.53333333333,97.24000000000001,-2.7169992880603844
2492,239.0,4664.194444444441,97.28,-2.457901672025441
2493,239.0,4666.849999999997,97.32000000000001,-2.3359369525038285
2494,239.0,4669.505555555552,97.36,-2.0232735602518015
2495,238.0,4672.155555555552,97.4,-1.8273838004118446
2496,238.0,4674.7999999999965,97.44,-2.081182595529969
2497,238.0,4677.444444444442,97.48,-2.0832476756793494
2498,238.0,4680.088888888886,97.52,-2.212715054617248
2499,238.0,4682.733333333331,97.56,-2.152705194210133
2500,237.0,4685.37222222222,97.60000000000001,-1.8939315216570722
2501,236.0,4687.999999999997,97.64,-1.8258074255456536
2502,236.0,4690.6222222222195,97.68,-1.6391359654213016
2503,236.0,4693.244444444441,97.72,-1.3252954532305565
2504,236.0,4695.866666666663,97.76,-0.8840419413520386
2505,236.0,4698.4888888888845,97.8,-0.31571733895857695
2506,236.0,4701.111111111107,97.84,0.3157173389586172
2507,236.0,4703.733333333328,97.88,0.568203491003001
2508,236.0,4706.35555555555,97.92,0.7572835295888507
2509,236.0,4708.977777777773,97.96000000000001,0.8829532459714491
2510,236.0,4711.599999999994,98.0,0.9453300128169025
2511,237.0,4714.227777777772,98.04,0.9486060929420085
2512,237.0,4716.861111111105,98.08,0.8847199068471588
2513,237.0,4719.494444444439,98.12,0.7578659482807927
2514,237.0,4722.127777777772,98.16,0.8839737544126964
2515,237.0,4724.761111111106,98.2,0.8837025347013456
2516,237.0,4727.3944444444405,98.24000000000001,0.7572847643105006
2517,237.0,4730.027777777774,98.28,0.8829569804595108
2518,237.0,4732.661111111108,98.32000000000001,0.9453369236356894
2519,238.0,4735.2999999999965,98.36,0.9485992097547047
2520,238.0,4737.944444444442,98.4,1.2009157642644006
2521,238.0,4740.588888888886,98.44,1.6424156570417794
2522,238.0,4743.233333333331,98.48,1.8932121584315145
2523,238.0,4745.877777777775,98.52,1.9540047037677646
2524,238.0,4748.52222222222,98.56,2.1410572981653435
2525,239.0,4751.172222222221,98.60000000000001,2.778393703751614
2526,240.0,4753.833333333331,98.64,3.163970345781428
2527,240.0,4756.499999999998,98.68,3.282799433042991
2528,240.0,4759.166666666664,98.72,3.780398102923069
2529,241.0,4761.838888888887,98.76,3.9135131491859387
2530,242.0,4764.522222222219,98.8,3.667917372062801
2531,242.0,4767.211111111108,98.84,3.4070087805101528
2532,242.0,4769.899999999996,98.88,2.894662789746024
2533,244.0,4772.599999999997,98.92,2.2164356146654427
2534,244.0,4775.311111111108,98.96000000000001,1.3285740241671526
2535,244.0,4778.022222222219,99.0,0.6323956030176655
2536,244.0,4780.733333333331,99.04,-0.12644136854127166
2537,243.0,4783.438888888886,99.08,-1.1967602205306878
2538,243.0,4786.138888888887,99.12,-2.20818352408233
2539,243.0,4788.838888888887,99.16,-2.716766658852862
2540,243.0,4791.538888888887,99.2,-3.290929531471854
2541,242.0,4794.233333333333,99.24000000000001,-3.8522714007917074
2542,241.0,4796.916666666665,99.28,-4.349267412102444
2543,241.0,4799.594444444443,99.32000000000001,-4.805866657530787
2544,240.0,4802.266666666665,99.36,-5.495844456012272
2545,239.0,4804.927777777776,99.4,-6.6258320872810375
2546,238.0,4807.577777777776,99.44,-7.6946525067780485
2547,237.0,4810.216666666665,99.48,-8.332876931845787
2548,237.0,4812.8499999999985,99.52,-9.269173811523729
2549,235.0,4815.472222222221,99.56,-9.941981987007237
2550,232.0,4818.066666666666,99.60000000000001,-10.946067215827942
2551,230.0,4820.633333333332,99.64,-11.623355235805713
2552,230.0,4823.188888888888,99.68,-11.720121941106504
2553,228.0,4825.733333333332,99.72,-11.711182934476726
2554,226.0,4828.255555555555,99.76,-10.933399870731057
2555,223.0,4830.749999999998,99.8,-10.666965908496232
2556,222.0,4833.222222222221,99.84,-11.068346674414814
2557,222.0,4835.688888888887,99.88,-11.784674554395655
2558,220.0,4838.144444444443,99.92,-11.575228450771915
2559,219.0,4840.583333333332,99.96000000000001,-10.977446699378262
2560,216.0,4842.999999999998,100.0,-10.90253088870268
2561,214.0,4845.388888888888,100.04,-11.51589358849874
2562,212.0,4847.755555555554,100.08,-12.068992443559855
2563,211.0,4850.105555555554,100.12,-11.545185141851439
2564,211.0,4852.449999999998,100.16,-11.00252518295357
2565,208.0,4854.7777777777765,100.2,-10.851746179589592
2566,206.0,4857.077777777777,100.24000000000001,-11.26388843209836
2567,204.0,4859.355555555554,100.28,-11.870412367016566
2568,204.0,4861.622222222221,100.32000000000001,-12.172553098898874
2569,203.0,4863.883333333332,100.36,-12.03730559528384
2570,199.0,4866.116666666666,100.4,-11.266461907279185
2571,197.0,4868.316666666666,100.44,-11.181111369018463
2572,195.0,4870.494444444444,100.48,-10.72552451904548
2573,195.0,4872.66111111111,100.52,-10.439323083248206
2574,194.0,4874.822222222221,100.56,-9.446896392304746
2575,192.0,4876.966666666666,100.60000000000001,-8.703219977265634
2576,190.0,4879.088888888888,100.64,-8.664158374290537
2577,190.0,4881.199999999999,100.68,-8.533826410726169
2578,189.0,4883.305555555554,100.72,-8.614115772624208
2579,188.0,4885.399999999999,100.76,-8.24467883257997
2580,185.0,4887.472222222221,100.8,-7.971228064701726
2581,184.0,4889.522222222221,100.84,-7.976458316019447
2582,184.0,4891.566666666665,100.88,-8.283886684719409
2583,183.0,4893.605555555554,100.92,-7.787418080613766
2584,182.0,4895.633333333332,100.96000000000001,-7.220309189255844
2585,180.0,4897.644444444443,101.0,-6.859748200429832
2586,179.0,4899.638888888888,101.04,-7.1753579980555156
2587,178.0,4901.62222222222,101.08,-7.18182804896841
2588,178.0,4903.5999999999985,101.12,-6.591531456882538
2589,177.0,4905.57222222222,101.16,-6.01788915822441
2590,175.0,4907.5277777777765,101.2,-5.158868019968412
2591,174.0,4909.466666666665,101.24000000000001,-4.523558657404893
2592,174.0,4911.399999999999,101.28,-4.16134506409007
2593,174.0,4913.333333333332,101.32000000000001,-3.7326796902333457
2594,173.0,4915.261111111109,101.36,-2.9003535541863497
2595,173.0,4917.183333333332,101.4,-2.39897297360006
2596,173.0,4919.105555555553,101.44,-2.2767782314585823
2597,172.0,4921.02222222222,101.48,-2.2686335299380707
2598,172.0,4922.933333333331,101.52,-2.083870307739728
2599,172.0,4924.844444444442,101.56,-1.7076953891118005
2600,171.0,4926.749999999998,101.60000000000001,-1.8260434227755713
2601,171.0,4928.649999999998,101.64,-1.7656055788545981
2602,171.0,4930.549999999998,101.68,-1.5151467403866077
2603,171.0,4932.449999999998,101.72,-1.7697404523796545
2604,171.0,4934.3499999999985,101.76,-1.835581855737631
2605,170.0,4936.244444444443,101.8,-2.0158765025896774
2606,170.0,4938.133333333332,101.84,-2.6506368925452244
2607,170.0,4940.022222222221,101.88,-3.037407149337833
2608,169.0,4941.905555555554,101.92,-3.1551569254390044
2609,169.0,4943.783333333332,101.96000000000001,-3.3540210639724126
2610,168.0,4945.655555555554,102.0,-3.217724637815641
2611,167.0,4947.5166666666655,102.04,-3.1462367534564426
2612,167.0,4949.37222222222,102.08,-3.1548046545536206
2613,167.0,4951.227777777776,102.12,-2.846300004116576
2614,166.0,4953.077777777776,102.16,-2.5842557920416667
2615,166.0,4954.922222222221,102.2,-2.0838892075258384
2616,166.0,4956.7666666666655,102.24000000000001,-1.7078091175261148
2617,165.0,4958.605555555554,102.28,-1.825870336838993
2618,165.0,4960.438888888888,102.32000000000001,-1.7655301231403542
2619,165.0,4962.272222222221,102.36,-1.515146386818581
2620,165.0,4964.105555555555,102.4,-1.4541788251867027
2621,165.0,4965.938888888888,102.44,-0.9498454605439097
2622,164.0,4967.766666666666,102.48,-0.3778655268950368
2623,164.0,4969.5888888888885,102.52,-0.12601092023590713
2624,164.0,4971.411111111111,102.56,0.12601092023589394
2625,164.0,4973.233333333333,102.60000000000001,0.6929442637649603
2626,165.0,4975.06111111111,102.64,1.2028699248448267
2627,165.0,4976.894444444444,102.68,1.6428546537135982
2628,165.0,4978.727777777777,102.72,1.6399607339008155
2629,165.0,4980.561111111111,102.76,1.8266737154126687
2630,166.0,4982.4,102.8,1.8349201400117476
2631,166.0,4984.2444444444445,102.84,1.6428460147354387
2632,166.0,4986.0888888888885,102.88,1.6399695277751831
2633,166.0,4987.933333333333,102.92,1.5113381823548673
2634,167.0,4989.783333333334,102.96000000000001,1.2653779273940253
2635,167.0,4991.638888888889,103.0,0.5688308621153015
2636,167.0,4993.4944444444445,103.04,0.18948636609599614
2637,167.0,4995.349999999999,103.08,-0.5051586842434285
2638,167.0,4997.205555555555,103.12,-1.4531963407641006
2639,167.0,4999.06111111111,103.16,-2.27940377755757
2640,166.0,5000.911111111111,103.2,-3.5306373418746753
2641,166.0,5002.7555555555555,103.24000000000001,-4.744280932276283
2642,165.0,5004.594444444444,103.28,-5.81222743425349
2643,164.0,5006.422222222222,103.32000000000001,-6.381809340461528
2644,164.0,5008.2444444444445,103.36,-7.12142068162703
2645,161.0,5010.05,103.4,-7.727295140280889
2646,160.0,5011.833333333333,103.44,-8.679558322665487
2647,159.0,5013.605555555556,103.48,-8.824140955571803
2648,159.0,5015.372222222222,103.52,-9.21549964984825
2649,157.0,5017.127777777778,103.56,-9.620198577172568
2650,155.0,5018.861111111111,103.60000000000001,-10.322641347873468
2651,153.0,5020.572222222222,103.64,-11.608282526174987
2652,153.0,5022.272222222222,103.68,-12.324584421896443
2653,151.0,5023.961111111111,103.72,-12.516744713543554
2654,149.0,5025.627777777778,103.76,-12.248619834531054
2655,145.0,5027.261111111111,103.8,-12.001653962851755
2656,143.0,5028.861111111111,103.84,-11.79857098625462
2657,143.0,5030.45,103.88,-11.699288988930306
2658,142.0,5032.033333333334,103.92,-10.418006366248392
2659,140.0,5033.6,103.96000000000001,-9.042098477322538
2660,138.0,5035.144444444444,104.0,-7.7248758718606
2661,137.0,5036.672222222222,104.04,-7.352746512873286
2662,136.0,5038.188888888889,104.08,-7.296103031166992
2663,136.0,5039.7,104.12,-6.9042364948918395
2664,135.0,5041.205555555555,104.16,-6.074856183002207
2665,134.0,5042.7,104.2,-5.622457138090628
2666,133.0,5044.183333333333,104.24000000000001,-5.61403500587648
2667,132.0,5045.655555555555,104.28,-5.4191812062323095
2668,131.0,5047.116666666667,104.32000000000001,-5.099493146431459
2669,131.0,5048.572222222222,104.36,-4.683170916538297
2670,130.0,5050.022222222222,104.4,-4.41591703052299
2671,129.0,5051.461111111111,104.44,-4.024373323861948
2672,129.0,5052.894444444444,104.48,-3.5996351353677856
2673,129.0,5054.327777777778,104.52,-3.1703279256940053
2674,128.0,5055.7555555555555,104.56,-3.0935822222992733
2675,127.0,5057.172222222222,104.60000000000001,-3.014703450688317
2676,127.0,5058.583333333333,104.64,-2.961383587888228
2677,127.0,5059.9944444444445,104.68,-2.9728523262268993
2678,127.0,5061.405555555555,104.72,-2.729638548837523
2679,126.0,5062.811111111111,104.76,-2.210357185499581
2680,125.0,5064.205555555555,104.8,-2.1346348991940713
2681,125.0,5065.594444444444,104.84,-2.203637023137869
2682,125.0,5066.983333333333,104.88,-2.3982652223373684
2683,125.0,5068.372222222221,104.92,-2.3411120338167173
2684,125.0,5069.76111111111,104.96000000000001,-2.0290325727539305
2685,124.0,5071.144444444443,105.0,-1.5135800344403667
2686,124.0,5072.522222222221,105.04,-1.264466532551595
2687,123.0,5073.894444444443,105.08,-1.2561177608053598
2688,123.0,5075.26111111111,105.12,-1.1320077530186183
2689,123.0,5076.627777777777,105.16,-0.8812313442162852
2690,124.0,5077.999999999999,105.2,-0.8247571153321014
2691,124.0,5079.377777777777,105.24000000000001,-0.9522020867649011
2692,123.0,5080.749999999999,105.28,-0.9452167435606035
2693,123.0,5082.116666666666,105.32000000000001,-1.199396295883027
2694,123.0,5083.483333333333,105.36,-1.3919628592617181
2695,122.0,5084.844444444444,105.4,-1.5101875676119823
2696,122.0,5086.199999999999,105.44,-1.197614593999155
2697,122.0,5087.555555555555,105.48,-0.7570097376300083
2698,122.0,5088.91111111111,105.52,-0.5682233563586652
2699,122.0,5090.2666666666655,105.56,-0.31577408480559055
2700,122.0,5091.622222222221,105.60000000000001,0.3157740848055004
2701,122.0,5092.977777777776,105.64,0.2524499016001535
2702,122.0,5094.333333333332,105.68,0.18923874691840947
2703,122.0,5095.688888888887,105.72,0.1261122164460568
2704,122.0,5097.044444444443,105.76,0.0630420321573973
2705,123.0,5098.405555555553,105.8,1.6015966166685897e-14
2706,122.0,5099.766666666665,105.84,0.252262011058939
2707,122.0,5101.1222222222195,105.88,0.4414254041234762
2708,122.0,5102.477777777775,105.92,0.5672930653691719
2709,122.0,5103.833333333331,105.96000000000001,0.629903172597089
2710,122.0,5105.188888888886,106.0,0.6294344999334897
2711,123.0,5106.549999999997,106.04,1.267303496469197
2712,123.0,5107.916666666664,106.08,1.7718542812317801
2713,123.0,5109.283333333331,106.12,2.083464592915053
2714,123.0,5110.649999999998,106.16,2.2035399168311485
2715,123.0,5112.016666666665,106.2,2.44922678838819
2716,124.0,5113.388888888887,106.24000000000001,2.462249529719766
2717,125.0,5114.77222222222,106.28,2.917974030158105
2718,125.0,5116.161111111109,106.32000000000001,3.0958285819637337
2719,125.0,5117.549999999997,106.36,3.3359239824948648
2720,126.0,5118.9444444444425,106.4,3.603325548379338
2721,126.0,5120.344444444442,106.44,3.780110828939091
2722,127.0,5121.749999999998,106.48,3.9195809449021493
2723,127.0,5123.161111111109,106.52,4.024079854364638
2724,128.0,5124.577777777776,106.56,4.161741167353129
2725,129.0,5126.005555555554,106.60000000000001,4.556794049975693
2726,130.0,5127.4444444444425,106.64,5.139588035901586
2727,130.0,5128.888888888887,106.68,5.172821273487559
2728,130.0,5130.333333333331,106.72,5.076733647892108
2729,131.0,5131.783333333331,106.76,4.583807983405124
2730,133.0,5133.249999999997,106.8,4.695844462989872
2731,134.0,5134.733333333331,106.84,4.962343260738472
2732,134.0,5136.222222222219,106.88,5.059154818798055
2733,134.0,5137.711111111108,106.92,4.715750986282516
2734,134.0,5139.199999999997,106.96000000000001,3.628983249312311
2735,136.0,5140.699999999997,107.0,2.2778412626496984
2736,137.0,5142.216666666664,107.04,1.3986969018267943
2737,137.0,5143.738888888886,107.08,0.4441791297592208
2738,137.0,5145.261111111109,107.12,-0.5076671506965413
2739,136.0,5146.777777777776,107.16,-2.0817383070738495
2740,135.0,5148.283333333331,107.2,-4.461952119842401
2741,135.0,5149.783333333331,107.24000000000001,-6.445723841440562
2742,134.0,5151.277777777776,107.28,-7.775072815866333
2743,134.0,5152.766666666665,107.32000000000001,-8.491040175162581
2744,132.0,5154.244444444442,107.36,-8.70519858886311
2745,129.0,5155.694444444442,107.4,-9.410299103121803
2746,127.0,5157.116666666663,107.44,-10.309803284325103
2747,126.0,5158.522222222219,107.48,-10.360751499842348
2748,126.0,5159.922222222219,107.52,-10.553229094557596
2749,125.0,5161.316666666664,107.56,-9.948810722334521
2750,122.0,5162.688888888886,107.60000000000001,-9.494312457905522
2751,120.0,5164.03333333333,107.64,-9.5082959882474
2752,120.0,5165.366666666664,107.68,-10.131805349217741
2753,118.0,5166.688888888886,107.72,-10.037279058702858
2754,117.0,5167.994444444442,107.76,-9.754467860764224
2755,115.0,5169.28333333333,107.8,-9.68432371918676
2756,114.0,5170.555555555553,107.84,-10.343591648108243
2757,112.0,5171.811111111108,107.88,-10.936368546479912
2758,112.0,5173.055555555553,107.92,-10.716598452316603
2759,110.0,5174.2888888888865,107.96000000000001,-10.365885228747155
2760,107.0,5175.494444444442,108.0,-9.970420505859503
2761,105.0,5176.67222222222,108.04,-9.735304721283049
2762,104.0,5177.83333333333,108.08,-9.02485995512861
2763,104.0,5178.988888888886,108.12,-8.572198954565293
2764,103.0,5180.138888888886,108.16,-7.495670528023855
2765,101.0,5181.272222222219,108.2,-6.842566211796571
2766,100.0,5182.388888888886,108.24000000000001,-6.834674001922787
2767,100.0,5183.499999999997,108.28,-6.908186233850544
2768,99.0,5184.605555555553,108.32000000000001,-6.6635875604115835
2769,98.0,5185.699999999997,108.36,-6.465833078737115
2770,96.0,5186.777777777775,108.4,-6.510200896864564
2771,95.0,5187.838888888886,108.44,-6.634717787275933
2772,95.0,5188.894444444441,108.48,-6.58452631719095
2773,95.0,5189.949999999997,108.52,-6.266109428977196
2774,93.0,5190.994444444442,108.56,-5.8731194587369355
2775,91.0,5192.016666666665,108.60000000000001,-5.544118142656281
2776,91.0,5193.027777777776,108.64,-5.782851089960775
2777,91.0,5194.0388888888865,108.68,-6.157777606093322
2778,90.0,5195.044444444442,108.72,-5.898278418018277
2779,89.0,5196.0388888888865,108.76,-5.06008736019199
2780,88.0,5197.02222222222,108.8,-4.726834924979839
2781,87.0,5197.994444444443,108.84,-4.6535802504175106
2782,86.0,5198.9555555555535,108.88,-4.511576187461623
2783,86.0,5199.911111111109,108.92,-3.974848984929718
2784,86.0,5200.866666666664,108.96000000000001,-3.363894358992134
2785,85.0,5201.816666666664,109.0,-3.0243417978866147
2786,85.0,5202.761111111108,109.04,-2.4061008307923095
2787,84.0,5203.699999999997,109.08,-1.884902971314988
2788,84.0,5204.6333333333305,109.12,-1.5767085002856152
2789,84.0,5205.566666666664,109.16,-1.138071378536523
2790,83.0,5206.494444444442,109.2,-0.5626933055803396
2791,84.0,5207.42222222222,109.24000000000001,-0.2531822014086974
2792,84.0,5208.355555555553,109.28,0.12648153067190032
2793,84.0,5209.2888888888865,109.32000000000001,0.1896195101541755
2794,84.0,5210.22222222222,109.36,-0.06312435182368153
2795,84.0,5211.155555555553,109.4,-0.5675002477669318
2796,84.0,5212.088888888887,109.44,-1.3270289610040031
2797,84.0,5213.02222222222,109.48,-1.6477931780728297
2798,84.0,5213.9555555555535,109.52,-1.8449269678283267
2799,83.0,5214.883333333331,109.56,-1.893875209720867
2800,82.0,5215.799999999998,109.60000000000001,-2.1284591454467168
2801,82.0,5216.711111111109,109.64,-2.2005019980507003
2802,82.0,5217.62222222222,109.68,-2.0835132179193523
2803,82.0,5218.533333333331,109.72,-2.0895510217392266
2804,82.0,5219.4444444444425,109.76,-1.8407732264925414
2805,81.0,5220.349999999998,109.8,-1.6978353110311935
2806,81.0,5221.249999999998,109.84,-2.082102960381046
2807,81.0,5222.149999999998,109.88,-2.2813555647307227
2808,80.0,5223.044444444442,109.92,-2.263902528752354
2809,80.0,5223.933333333331,109.96000000000001,-2.398910751043496
2810,80.0,5224.822222222219,110.0,-2.2814628474129117
2811,79.0,5225.705555555553,110.04,-2.2637902729799424
2812,79.0,5226.58333333333,110.08,-2.084467613688083
2813,79.0,5227.461111111108,110.12,-1.711394913910417
2814,78.0,5228.33333333333,110.16,-1.5073908398357865
2815,78.0,5229.199999999997,110.2,-1.1965509765146445
2816,78.0,5230.066666666664,110.24000000000001,-0.756689123741455
2817,78.0,5230.933333333331,110.28,-0.5682460835577491
2818,78.0,5231.799999999997,110.32000000000001,-0.3158403003738974
2819,78.0,5232.666666666664,110.36,-1.6361699500880398e-15
2820,78.0,5233.533333333331,110.4,0.3158403003737844
2821,78.0,5234.399999999998,110.44,0.5682460835578109
2822,78.0,5235.266666666665,110.48,0.7566891237413949
2823,78.0,5236.133333333331,110.52,1.1965509765144253
2824,78.0,5236.999999999998,110.56,1.5073908398359548
2825,79.0,5237.87222222222,110.60000000000001,1.7113949139110047
2826,79.0,5238.749999999998,110.64,2.084467613687001
2827,79.0,5239.627777777776,110.68,2.263790272978959
2828,80.0,5240.511111111109,110.72,2.2814628474137386
2829,80.0,5241.399999999998,110.76,2.3989107510430796
2830,80.0,5242.2888888888865,110.8,2.579780264577275
2831,81.0,5243.183333333331,110.84,3.170625539006754
2832,81.0,5244.08333333333,110.88,3.4034974780460736
2833,81.0,5244.983333333331,110.92,3.319225324200025
2834,82.0,5245.888888888887,110.96000000000001,3.652369913200122
2835,83.0,5246.805555555553,111.0,3.988684513247242
2836,84.0,5247.733333333331,111.04,4.264894038570163
2837,84.0,5248.666666666664,111.08,4.736859447116666
2838,84.0,5249.599999999998,111.12,4.758255288480662
2839,85.0,5250.5388888888865,111.16,4.39889606663907
2840,86.0,5251.488888888886,111.2,4.928795253820964
2841,87.0,5252.449999999998,111.24000000000001,5.580280395366688
2842,88.0,5253.42222222222,111.28,6.02807977804317
2843,88.0,5254.399999999998,111.32000000000001,5.89785224880168
2844,88.0,5255.377777777775,111.36,5.279586249109941
2845,91.0,5256.3722222222195,111.4,5.031361539659481
2846,92.0,5257.388888888886,111.44,4.53510346211823
2847,92.0,5258.411111111109,111.48,3.9316511937818843
2848,92.0,5259.433333333331,111.52,3.6563400576366227
2849,92.0,5260.4555555555535,111.56,3.0123475638399113
2850,93.0,5261.483333333332,111.60000000000001,1.7086902417894945
2851,93.0,5262.516666666665,111.64,1.1993601986955542
2852,93.0,5263.549999999998,111.68,0.9446499193352997
2853,94.0,5264.588888888887,111.72,0.635610878568043
2854,94.0,5265.633333333331,111.76,0.2541462625680726
2855,93.0,5266.67222222222,111.8,-0.5030810226063315
2856,93.0,5267.7055555555535,111.84,-0.8814192435245697
2857,93.0,5268.738888888886,111.88,-1.5136520405165663
2858,93.0,5269.77222222222,111.92,-2.025314280670969
2859,93.0,5270.805555555554,111.96000000000001,-2.032077940021836
2860,92.0,5271.833333333331,112.0,-1.8273335560194284
2861,92.0,5272.855555555554,112.04,-1.8342077397446628
2862,91.0,5273.87222222222,112.08,-2.0081221368576507
2863,91.0,5274.883333333331,112.12,-2.014932177554754
2864,91.0,5275.894444444442,112.16,-2.1464318716397024
2865,91.0,5276.905555555553,112.2,-2.0254261335118025
2866,91.0,5277.916666666664,112.24000000000001,-2.0323395520062824
2867,90.0,5278.92222222222,112.28,-1.8272555030531739
2868,90.0,5279.92222222222,112.32000000000001,-1.8342824284065393
2869,89.0,5280.916666666664,112.36,-2.007851359144303
2870,89.0,5281.905555555553,112.4,-2.3284373997727457
2871,89.0,5282.894444444442,112.44,-2.3999170682386066
2872,89.0,5283.883333333331,112.48,-2.217919910388706
2873,89.0,5284.87222222222,112.52,-2.163194657395647
2874,88.0,5285.855555555554,112.56,-1.8938822959620634
2875,87.0,5286.827777777777,112.60000000000001,-1.8172738956194314
2876,87.0,5287.794444444443,112.64,-1.3214441963415524
2877,87.0,5288.76111111111,112.68,-0.7569287299994006
2878,87.0,5289.727777777776,112.72,0.18941015904075054
2879,87.0,5290.694444444443,112.76,1.1339724004519462
2880,87.0,5291.66111111111,112.8,1.6947666032558928
2881,88.0,5292.633333333332,112.84,2.15173407839934
2882,88.0,5293.6111111111095,112.88,2.3944510476821974
2883,89.0,5294.594444444443,112.92,2.4733996036681467
2884,89.0,5295.583333333332,112.96000000000001,2.335544203568263
2885,89.0,5296.572222222221,113.0,2.3274798677203217
2886,90.0,5297.566666666666,113.04,2.411111406268219
2887,90.0,5298.566666666666,113.08,2.528247418889364
2888,90.0,5299.566666666666,113.12,2.7087980951744726
2889,90.0,5300.566666666666,113.16,2.945904970613152
2890,91.0,5301.572222222221,113.2,3.2793675033947225
2891,92.0,5302.588888888888,113.24000000000001,3.6164556738414957
2892,92.0,5303.6111111111095,113.28,3.906878062350748
2893,93.0,5304.638888888888,113.32000000000001,3.9207295067187293
2894,93.0,5305.672222222221,113.36,3.8963455569202923
2895,94.0,5306.71111111111,113.4,3.8548619964002215
2896,95.0,5307.76111111111,113.44,3.74637611972783
2897,95.0,5308.816666666666,113.48,3.59654610646821
2898,95.0,5309.872222222221,113.52,3.768906001924686
2899,96.0,5310.9333333333325,113.56,3.9124216117560344
2900,97.0,5312.005555555555,113.60000000000001,4.315255854177498
2901,97.0,5313.083333333332,113.64,4.856508018174514
2902,97.0,5314.16111111111,113.68,5.253123893780505
2903,99.0,5315.249999999998,113.72,5.313050090282613
2904,99.0,5316.3499999999985,113.76,5.145843121143786
2905,101.0,5317.46111111111,113.8,5.593090618962005
2906,102.0,5318.588888888888,113.84,6.109909098109666
2907,102.0,5319.722222222221,113.88,6.310046916790845
2908,102.0,5320.855555555554,113.92,5.882153347121296
2909,103.0,5321.994444444443,113.96000000000001,5.95093995398115
2910,105.0,5323.149999999998,114.0,6.149964133074227
2911,106.0,5324.32222222222,114.04,6.6613591070281615
2912,107.0,5325.505555555554,114.08,6.906507260147002
2913,107.0,5326.6944444444425,114.12,6.521394832045238
2914,108.0,5327.888888888887,114.16,5.963064574067146
2915,110.0,5329.0999999999985,114.2,5.8441346126434865
2916,111.0,5330.327777777777,114.24000000000001,6.045820615649137
2917,111.0,5331.561111111109,114.28,5.933670402366168
2918,111.0,5332.794444444443,114.32000000000001,5.633237710466586
2919,112.0,5334.033333333332,114.36,5.206874499269483
2920,114.0,5335.288888888887,114.4,5.271794520359407
2921,115.0,5336.561111111109,114.44,5.7283382229318
2922,115.0,5337.838888888888,114.48,5.933716402866986
2923,115.0,5339.116666666665,114.52,5.9502978108569815
2924,116.0,5340.399999999999,114.56,5.773122665600632
2925,118.0,5341.699999999999,114.60000000000001,5.708488589677168
2926,119.0,5343.0166666666655,114.64,6.032275787649718
2927,119.0,5344.338888888888,114.68,6.423920532224214
2928,120.0,5345.666666666665,114.72,6.614510529222311
2929,121.0,5347.005555555555,114.76,6.1769294263716645
2930,122.0,5348.355555555554,114.8,6.125368715467569
2931,123.0,5349.716666666665,114.84,6.446288116619613
2932,124.0,5351.088888888888,114.88,6.825387799883919
2933,125.0,5352.472222222221,114.92,6.57158879189872
2934,125.0,5353.8611111111095,114.96000000000001,6.33364762350862
2935,127.0,5355.261111111109,115.0,6.580978302733713
2936,128.0,5356.677777777776,115.04,6.456143290716693
2937,129.0,5358.105555555554,115.08,6.395898031241952
2938,129.0,5359.538888888887,115.12,6.033672564917458
2939,130.0,5360.977777777776,115.16,6.1665147555561655
2940,132.0,5362.4333333333325,115.2,6.354606131957055
2941,132.0,5363.9,115.24000000000001,6.436115957716664
2942,133.0,5365.372222222221,115.28,6.626737984917941
2943,133.0,5366.849999999999,115.32000000000001,6.825985300692348
2944,135.0,5368.338888888888,115.36,6.497907936045575
2945,137.0,5369.8499999999985,115.4,6.872181645668973
2946,137.0,5371.37222222222,115.44,7.4506339094242575
2947,138.0,5372.899999999999,115.48,7.380174075399171
2948,139.0,5374.438888888887,115.52,6.993569568790432
2949,139.0,5375.983333333332,115.56,6.259325242518317
2950,142.0,5377.544444444443,115.60000000000001,6.3573503210902995
2951,143.0,5379.127777777776,115.64,7.060370940138007
2952,143.0,5380.716666666665,115.68,7.010061392010499
2953,143.0,5382.305555555554,115.72,6.644858563244812
2954,144.0,5383.899999999999,115.76,6.395262076116173
2955,146.0,5385.511111111109,115.8,5.880637032646951
2956,148.0,5387.144444444442,115.84,6.115727429756867
2957,148.0,5388.7888888888865,115.88,6.391888115225395
2958,148.0,5390.433333333332,115.92,6.098250179462896
2959,149.0,5392.083333333332,115.96000000000001,5.603694023077198
2960,150.0,5393.744444444443,116.0,5.492477639833734
2961,151.0,5395.416666666665,116.04,5.756029392082166
2962,152.0,5397.0999999999985,116.08,6.454364771754416
2963,152.0,5398.788888888887,116.12,6.535440831093906
2964,153.0,5400.483333333332,116.16,6.411469612995727
2965,155.0,5402.194444444443,116.2,6.392657581939881
2966,156.0,5403.9222222222215,116.24000000000001,6.395557338114564
2967,157.0,5405.66111111111,116.28,6.461403287393799
2968,157.0,5407.405555555554,116.32000000000001,6.231215886507585
2969,158.0,5409.155555555554,116.36,5.797106251311797
2970,159.0,5410.916666666665,116.4,5.74630489634504
2971,160.0,5412.688888888887,116.44,6.0699207121460015
2972,161.0,5414.472222222221,116.48,6.135483099801311
2973,161.0,5416.261111111109,116.52,5.971146857476253
2974,162.0,5418.055555555554,116.56,5.661807117832041
2975,164.0,5419.866666666665,116.60000000000001,5.832359112841205
2976,165.0,5421.6944444444425,116.64,6.0300623679576475
2977,165.0,5423.5277777777765,116.68,5.93403882674529
2978,165.0,5425.3611111111095,116.72,5.649175926285899
2979,166.0,5427.199999999999,116.76,5.217676737917939
2980,168.0,5429.055555555554,116.8,4.9433069254183195
2981,169.0,5430.927777777776,116.84,5.141921869716724
2982,169.0,5432.805555555554,116.88,5.496643656655602
2983,169.0,5434.683333333332,116.92,5.343832114266422
2984,170.0,5436.566666666665,116.96000000000001,5.039017580680782
2985,171.0,5438.461111111109,117.0,4.861195655481935
2986,172.0,5440.366666666665,117.04,5.185329232780132
2987,173.0,5442.283333333331,117.08,5.696538428918506
2988,173.0,5444.2055555555535,117.12,5.666684676698587
2989,174.0,5446.1333333333305,117.16,5.484464627232433
2990,175.0,5448.072222222219,117.2,5.429079172463939
2991,176.0,5450.02222222222,117.24000000000001,5.1824592187185505
2992,177.0,5451.983333333331,117.28,5.126354558890481
2993,177.0,5453.949999999998,117.32000000000001,4.913990465493886
2994,178.0,5455.92222222222,117.36,4.608229759440902
2995,179.0,5457.905555555553,117.4,4.492485971663115
2996,179.0,5459.894444444441,117.44,4.541194647790426
2997,180.0,5461.888888888886,117.48,4.486513860364762
2998,180.0,5463.888888888886,117.52,4.658417873687831
2999,181.0,5465.894444444441,117.56,4.414639339026624
3000,182.0,5467.911111111109,117.60000000000001,4.74063576157976
3001,183.0,5469.938888888886,117.64,5.254615711032384
3002,183.0,5471.97222222222,117.68,5.232185994856927
3003,184.0,5474.011111111108,117.72,5.110185290564937
3004,184.0,5476.055555555553,117.76,4.839205850865383
3005,186.0,5478.111111111108,117.8,4.811009731267493
3006,187.0,5480.183333333331,117.84,4.94622491684095
3007,187.0,5482.261111111108,117.88,4.925545432350756
3008,187.0,5484.338888888887,117.92,4.466365541083413
3009,188.0,5486.422222222221,117.96000000000001,4.286210657433132
3010,189.0,5488.516666666665,118.0,3.982370810957024
3011,190.0,5490.62222222222,118.04,4.245352540339598
3012,190.0,5492.733333333331,118.08,4.735873480542372
3013,190.0,5494.844444444442,118.12,4.780480341216425
3014,191.0,5496.961111111108,118.16,4.410268878151551
3015,192.0,5499.088888888886,118.2,4.609561243800938
3016,193.0,5501.227777777775,118.24000000000001,4.679968903253105
3017,194.0,5503.377777777775,118.28,5.002477213108637
3018,194.0,5505.533333333331,118.32000000000001,4.85621262322365
3019,194.0,5507.688888888886,118.36,4.273614473843053
3020,196.0,5509.855555555553,118.4,3.988858975315579
3021,196.0,5512.03333333333,118.44,3.915531896613859
3022,197.0,5514.2166666666635,118.48,3.7976341097309008
3023,197.0,5516.405555555552,118.52,3.9759300148253933
3024,197.0,5518.594444444441,118.56,3.7756312753777936
3025,198.0,5520.788888888886,118.60000000000001,3.534331319768903
3026,199.0,5522.994444444441,118.64,3.605185356480855
3027,199.0,5525.205555555553,118.68,3.659221618248886
3028,200.0,5527.422222222219,118.72,3.729609855554659
3029,200.0,5529.644444444441,118.76,3.466663511546208
3030,201.0,5531.872222222219,118.8,3.5407595913231953
3031,201.0,5534.105555555552,118.84,3.5324356693114627
3032,202.0,5536.34444444444,118.88,3.5400891214037036
3033,202.0,5538.588888888885,118.92,3.215750690641968
3034,202.0,5540.833333333329,118.96000000000001,3.2710149294845814
3035,204.0,5543.088888888885,119.0,3.3601487801363223
3036,204.0,5545.355555555552,119.04,3.7318546009542537
3037,204.0,5547.622222222219,119.08,3.722209464399644
3038,204.0,5549.888888888886,119.12,3.710969673117703
3039,205.0,5552.161111111108,119.16,3.719583381405327
3040,206.0,5554.444444444442,119.2,3.3499046057028927
3041,207.0,5556.738888888886,119.24000000000001,3.67382722434225
3042,207.0,5559.038888888886,119.28,3.6631782782896205
3043,207.0,5561.338888888886,119.32000000000001,3.338447950879328
3044,208.0,5563.6444444444405,119.36,3.0326654916174802
3045,208.0,5565.955555555552,119.4,3.027897663936785
3046,209.0,5568.272222222218,119.44,3.0363511657328845
3047,209.0,5570.594444444441,119.48,3.0919255408402706
3048,209.0,5572.916666666663,119.52,3.2111465688472656
3049,210.0,5575.244444444442,119.56,3.0302748917519287
3050,211.0,5577.583333333331,119.60000000000001,3.228151204400994
3051,211.0,5579.927777777775,119.64,3.4114078244073074
3052,211.0,5582.27222222222,119.68,3.591481598871516
3053,212.0,5584.6222222222195,119.72,3.472630852181308
3054,212.0,5586.977777777775,119.76,3.339479305668781
3055,213.0,5589.338888888886,119.8,3.2211737135954692
3056,214.0,5591.711111111108,119.84,3.481798836238239
3057,214.0,5594.088888888886,119.88,3.409926298562675
3058,214.0,5596.4666666666635,119.92,3.024367269009155
3059,215.0,5598.849999999998,119.96000000000001,3.032589254061773
3060,215.0,5601.238888888886,120.0,3.0279766498225418
3061,216.0,5603.633333333331,120.04,3.0361556386938937
3062,216.0,5606.033333333331,120.08,3.4081971974853946
3063,216.0,5608.433333333332,120.12,3.4627128933910143
3064,217.0,5610.838888888887,120.16,3.218179752386295
3065,218.0,5613.255555555554,120.2,3.3522157473869636
3066,218.0,5615.677777777776,120.24000000000001,3.4717518931829434
3067,219.0,5618.105555555553,120.28,3.6051818654486443
3068,219.0,5620.5388888888865,120.32000000000001,3.406795968094996
3069,219.0,5622.972222222219,120.36,3.211537317092292
3070,220.0,5625.411111111108,120.4,3.03027739164392
3071,221.0,5627.861111111108,120.44,3.227768999795107
3072,221.0,5630.316666666664,120.48,3.0948083573930507
3073,221.0,5632.772222222219,120.52,3.3402976374554507
3074,222.0,5635.233333333331,120.56,3.284684630631132
3075,222.0,5637.699999999998,120.60000000000001,2.8999803906945734
3076,223.0,5640.17222222222,120.64,2.9080488453880045
3077,223.0,5642.649999999998,120.68,3.2809293082740254
3078,224.0,5645.1333333333305,120.72,3.3515085636128
3079,224.0,5647.6222222222195,120.76,3.092028366914818
3080,224.0,5650.111111111108,120.8,2.8962602361833376
3081,225.0,5652.605555555552,120.84,2.7782079969984586
3082,226.0,5655.111111111108,120.88,3.039084962759322
3083,226.0,5657.6222222222195,120.92,2.970377275337477
3084,226.0,5660.133333333331,120.96000000000001,2.963932205699486
3085,226.0,5662.644444444442,121.0,3.021532315204335
3086,227.0,5665.16111111111,121.04,2.77731443980105
3087,228.0,5667.688888888887,121.08,2.911680968924089
3088,228.0,5670.222222222221,121.12,3.094766939440162
3089,228.0,5672.755555555554,121.16,3.024732557016552
3090,229.0,5675.294444444443,121.2,3.0324506440058814
3091,229.0,5677.838888888888,121.24000000000001,3.0281200197747733
3092,230.0,5680.388888888887,121.28,3.035800207104548
3093,230.0,5682.9444444444425,121.32000000000001,3.0920656783659655
3094,230.0,5685.499999999997,121.36,3.211927865615532
3095,231.0,5688.061111111108,121.4,3.0302797752649946
3096,232.0,5690.6333333333305,121.44,3.227386597541503
3097,232.0,5693.211111111109,121.48,3.094744373759749
3098,232.0,5695.7888888888865,121.52,3.024828809952308
3099,233.0,5698.37222222222,121.56,3.0324140753690516
3100,233.0,5700.96111111111,121.60000000000001,2.7121974979129444
3101,234.0,5703.555555555554,121.64,2.4664200994547825
3102,234.0,5706.155555555554,121.68,2.335756886679637
3103,234.0,5708.755555555554,121.72,2.3326783328043126
3104,235.0,5711.3611111111095,121.76,2.4036309465057175
3105,235.0,5713.97222222222,121.8,2.5264151210194634
3106,235.0,5716.583333333331,121.84,2.0808290372142446
3107,235.0,5719.194444444442,121.88,1.8256453287532581
3108,236.0,5721.811111111108,121.92,1.4522955061937768
3109,237.0,5724.438888888886,121.96000000000001,0.9505043692719711
3110,237.0,5727.072222222219,122.0,0.37989459142115206
3111,236.0,5729.699999999997,122.04,-0.1891240033346481
3112,236.0,5732.322222222218,122.08,-0.7569327548220455
3113,236.0,5734.944444444441,122.12,-1.3263168859675458
3114,236.0,5737.566666666662,122.16,-1.8337002026243918
3115,235.0,5740.183333333329,122.2,-2.457265157368414
3116,235.0,5742.79444444444,122.24000000000001,-3.0906612008007603
3117,235.0,5745.405555555551,122.28,-4.045043758997292
3118,235.0,5748.016666666662,122.32000000000001,-4.627652474006811
3119,234.0,5750.622222222217,122.36,-5.129654837962199
3120,232.0,5753.211111111106,122.4,-6.10893910232636
3121,231.0,5755.783333333328,122.44,-7.49313531473127
3122,230.0,5758.344444444439,122.48,-8.194982247264443
3123,230.0,5760.899999999994,122.52,-8.559115882572973
3124,229.0,5763.449999999994,122.56,-8.441880476960147
3125,226.0,5765.977777777773,122.60000000000001,-8.43667374161671
3126,224.0,5768.477777777772,122.64,-8.66094133372632
3127,224.0,5770.966666666661,122.68,-8.525304412600528
3128,223.0,5773.449999999993,122.72,-8.599398559591219
3129,222.0,5775.922222222216,122.76,-8.476524174628866
3130,220.0,5778.377777777771,122.8,-8.374197351613114
3131,219.0,5780.81666666666,122.84,-8.759751228843907
3132,219.0,5783.249999999993,122.88,-9.387921880959142
3133,217.0,5785.672222222215,122.92,-9.112326728919955
3134,215.0,5788.072222222216,122.96000000000001,-8.394061315611864
3135,213.0,5790.449999999993,123.0,-7.921569129187543
3136,212.0,5792.811111111105,123.04,-7.739167787253399
3137,211.0,5795.161111111104,123.08,-7.491316125312987
3138,211.0,5797.505555555549,123.12,-6.512685242237777
3139,211.0,5799.849999999993,123.16,-5.522485828087523
3140,209.0,5802.183333333327,123.2,-4.920265340738409
3141,208.0,5804.499999999994,123.24000000000001,-4.849759986202331
3142,207.0,5806.805555555548,123.28,-4.654848649499858
3143,207.0,5809.105555555549,123.32000000000001,-4.4194951414720895
3144,207.0,5811.405555555548,123.36,-4.115587952771607
3145,206.0,5813.6999999999925,123.4,-3.9763470675101225
3146,205.0,5815.983333333325,123.44,-4.029977468280853
3147,205.0,5818.261111111104,123.48,-4.042123526478098
3148,205.0,5820.538888888881,123.52,-4.372066719419192
3149,204.0,5822.811111111104,123.56,-4.302431119822275
3150,202.0,5825.066666666659,123.60000000000001,-4.45995419027768
3151,202.0,5827.311111111103,123.64,-4.851611413882942
3152,202.0,5829.5555555555475,123.68,-5.123885593092492
3153,201.0,5831.794444444436,123.72,-5.24427122113374
3154,201.0,5834.027777777769,123.76,-5.198727979290957
3155,199.0,5836.249999999991,123.8,-5.227551878412334
3156,198.0,5838.455555555547,123.84,-5.79032398939514
3157,198.0,5840.655555555548,123.88000000000001,-6.1963024987042195
3158,197.0,5842.849999999992,123.92,-6.004723207514577
3159,196.0,5845.033333333326,123.96000000000001,-5.938530958620471
3160,195.0,5847.205555555547,124.0,-5.929698872473844
3161,194.0,5849.366666666659,124.04,-6.303415100602835
3162,193.0,5851.516666666658,124.08,-7.0570672216770305
3163,193.0,5853.661111111103,124.12,-7.1587298127074765
3164,192.0,5855.799999999992,124.16,-7.2245748150699365
3165,190.0,5857.922222222214,124.2,-7.8799200607987165
3166,189.0,5860.02777777777,124.24000000000001,-8.454820537984892
3167,187.0,5862.116666666659,124.28,-8.864042996603073
3168,187.0,5864.194444444437,124.32000000000001,-8.934092590887742
3169,186.0,5866.266666666659,124.36,-8.505386362652503
3170,183.0,5868.316666666659,124.4,-8.16823955630149
3171,182.0,5870.344444444437,124.44,-8.112895145116115
3172,181.0,5872.361111111104,124.48,-7.617274061366364
3173,181.0,5874.372222222215,124.52,-7.476790629846122
3174,180.0,5876.3777777777705,124.56,-6.905694283968148
3175,178.0,5878.3666666666595,124.60000000000001,-6.543249125052909
3176,177.0,5880.338888888881,124.64,-7.167803510475014
3177,177.0,5882.305555555548,124.68,-7.780145764394581
3178,176.0,5884.266666666659,124.72,-7.9819065100570565
3179,175.0,5886.21666666666,124.76,-7.799716059536679
3180,173.0,5888.149999999993,124.8,-7.820979752289579
3181,171.0,5890.061111111105,124.84,-8.098799092987143
3182,170.0,5891.95555555555,124.88000000000001,-8.363902666312441
3183,170.0,5893.8444444444385,124.92,-7.919095557243767
3184,169.0,5895.727777777772,124.96000000000001,-7.038479712913206
3185,167.0,5897.594444444438,125.0,-6.423613416893733
3186,166.0,5899.444444444438,125.04,-6.164910235490791
3187,165.0,5901.2833333333265,125.08,-5.973782780831228
3188,165.0,5903.11666666666,125.12,-5.628657035858495
3189,165.0,5904.949999999993,125.16,-5.081676035082201
3190,163.0,5906.7722222222155,125.2,-4.2832411631600875
3191,162.0,5908.577777777771,125.24000000000001,-3.7704279999264743
3192,162.0,5910.3777777777705,125.28,-3.593365113907252
3193,162.0,5912.177777777771,125.32000000000001,-3.415933319810477
3194,161.0,5913.972222222214,125.36,-2.9000768197212046
3195,161.0,5915.761111111104,125.4,-2.0839060035474
3196,161.0,5917.549999999992,125.44,-1.707910359031719
3197,160.0,5919.333333333326,125.48,-1.511365810891232
3198,160.0,5921.111111111103,125.52,-1.1980617800464983
3199,160.0,5922.888888888881,125.56,-1.072316895338909
3200,160.0,5924.66666666666,125.60000000000001,-1.1363622056388862
3201,160.0,5926.444444444437,125.64,-0.7584367846065768
3202,160.0,5928.222222222215,125.68,-0.3161412945933223
3203,160.0,5929.999999999993,125.72,-0.18977116884030515
3204,159.0,5931.7722222222155,125.76,-0.06287601814491506
3205,159.0,5933.538888888882,125.8,0.06287601814485087
3206,160.0,5935.311111111105,125.84,0.18977116884021256
3207,160.0,5937.088888888883,125.88000000000001,0.3161412945932751
3208,160.0,5938.86666666666,125.92,0.44229578403326214
3209,160.0,5940.644444444439,125.96000000000001,0.8840387306176588
3210,160.0,5942.422222222216,126.0,0.8836369870442843
3211,160.0,5944.199999999994,126.04,0.7571444394095277
3212,160.0,5945.977777777772,126.08,0.8825328512722874
3213,160.0,5947.75555555555,126.12,0.9445524436254061
3214,161.0,5949.538888888883,126.16,0.9493798108254335
3215,161.0,5951.327777777772,126.2,0.8851360676006322
3216,161.0,5953.116666666661,126.24000000000001,0.7580026522529563
3217,161.0,5954.90555555555,126.28,0.8840374894755567
3218,161.0,5956.694444444439,126.32000000000001,0.8836382411897876
3219,161.0,5958.483333333327,126.36,0.7571471238015525
3220,161.0,5960.272222222216,126.4,0.8825409592799766
3221,161.0,5962.061111111105,126.44,0.944567433068533
3222,162.0,5963.8555555555495,126.48,0.9493649095229285
3223,162.0,5965.655555555549,126.52,0.8851280564909706
3224,162.0,5967.455555555549,126.56,0.7580000224719585
3225,162.0,5969.255555555549,126.60000000000001,0.8840362636162566
3226,162.0,5971.055555555548,126.64,0.5678947790931692
3227,162.0,5972.855555555549,126.68,0.1892770570257086
3228,162.0,5974.655555555548,126.72,0.12614933109249793
3229,162.0,5976.455555555548,126.76,0.37849043449664066
3230,163.0,5978.261111111103,126.8,0.571079930549669
3231,162.0,5980.066666666658,126.84,0.6933155649474686
3232,162.0,5981.866666666659,126.88000000000001,0.7557935596626962
3233,162.0,5983.666666666658,126.92,0.7552015019680094
3234,163.0,5985.4722222222135,126.96000000000001,0.6960350707708883
3235,163.0,5987.283333333325,127.0,0.5691650580153267
3236,163.0,5989.094444444436,127.04,0.757997424892241
3237,163.0,5990.905555555547,127.08,0.5681496799267685
3238,163.0,5992.716666666658,127.12,0.3155684918586939
3239,163.0,5994.527777777769,127.16,0.3157445412675554
3240,163.0,5996.33888888888,127.2,0.8841326391384061
3241,163.0,5998.149999999991,127.24000000000001,1.3250868762350754
3242,163.0,5999.961111111103,127.28,1.9536765406505232
3243,163.0,6001.772222222214,127.32000000000001,2.389630763265016
3244,164.0,6003.58888888888,127.36,2.650006031647971
3245,165.0,6005.416666666659,127.4,2.721350829663915
3246,165.0,6007.249999999992,127.44,2.9033583497048454
3247,166.0,6009.088888888881,127.48,2.8494574168079634
3248,166.0,6010.933333333325,127.52,2.8432190369388968
3249,166.0,6012.77777777777,127.56,2.5224698137633776
3250,166.0,6014.622222222215,127.60000000000001,2.2657602552786855
3251,167.0,6016.472222222214,127.64,2.148084649697394
3252,167.0,6018.32777777777,127.68,2.1448130433535506
3253,168.0,6020.188888888881,127.72,2.279617054744
3254,168.0,6022.0555555555475,127.76,2.527968933175443
3255,168.0,6023.922222222213,127.8,2.838580112010399
3256,168.0,6025.78888888888,127.84,2.8324461179376783
3257,169.0,6027.661111111102,127.88000000000001,3.2212065964821273
3258,169.0,6029.53888888888,127.92,3.2750132336965856
3259,170.0,6031.422222222213,127.96000000000001,3.4090202310708104
3260,171.0,6033.3166666666575,128.0,3.9253283166307207
3261,171.0,6035.216666666657,128.04,4.03774338158006
3262,172.0,6037.122222222214,128.08,4.111923002812087
3263,172.0,6039.033333333325,128.12,4.096732508756093
3264,172.0,6040.944444444435,128.16,4.02118382264535
3265,174.0,6042.866666666657,128.2,4.24499384125796
3266,174.0,6044.799999999991,128.24,4.671094821697033
3267,175.0,6046.73888888888,128.28,4.6788632995398896
3268,175.0,6048.683333333324,128.32,4.910820857728747
3269,176.0,6050.633333333325,128.36,4.72860104740801
3270,177.0,6052.594444444436,128.4,4.423612067751497
3271,178.0,6054.5666666666575,128.44,4.367321436214884
3272,178.0,6056.544444444435,128.48,3.910060082307941
3273,179.0,6058.527777777769,128.52,3.7932070842884507
3274,179.0,6060.516666666657,128.56,3.2787892930511693
3275,180.0,6062.511111111101,128.6,3.4176818039588515
3276,180.0,6064.511111111102,128.64000000000001,3.472349238023897
3277,180.0,6066.511111111102,128.68,3.5246169750661047
3278,181.0,6068.516666666657,128.72,3.5978788041273972
3279,181.0,6070.527777777768,128.76,3.964647247011655
3280,183.0,6072.549999999991,128.8,4.313397614262785
3281,183.0,6074.583333333324,128.84,4.5489518808195015
3282,183.0,6076.616666666657,128.88,4.0890132982192995
3283,184.0,6078.655555555547,128.92000000000002,3.341107858868433
3284,185.0,6080.705555555546,128.96,2.6548707418441557
3285,186.0,6082.766666666657,129.0,0.7609887221997751
3286,186.0,6084.833333333324,129.04,-1.0767359172741775
3287,185.0,6086.894444444436,129.08,-3.3420440261985553
3288,185.0,6088.949999999991,129.12,-5.319432261146201
3289,185.0,6091.0055555555455,129.16,-6.944556751898873
3290,182.0,6093.044444444434,129.2,-8.58151778090002
3291,180.0,6095.055555555546,129.24,-9.809553940555364
3292,178.0,6097.044444444434,129.28,-10.475550456520113
3293,178.0,6099.022222222211,129.32,-10.707474340321873
3294,177.0,6100.9944444444345,129.36,-10.302026791327686
3295,174.0,6102.944444444434,129.4,-10.071280218230342
3296,172.0,6104.866666666656,129.44,-10.471137775926396
3297,171.0,6106.772222222211,129.48,-10.569541176950732
3298,171.0,6108.6722222222115,129.52,-11.117660513011051
3299,170.0,6110.566666666656,129.56,-11.218392987932601
3300,166.0,6112.433333333322,129.6,-11.298337671678405
3301,164.0,6114.2666666666555,129.64000000000001,-12.0251192621084
3302,164.0,6116.088888888878,129.68,-12.488419118363659
3303,162.0,6117.899999999989,129.72,-12.741232371334272
3304,160.0,6119.688888888877,129.76,-12.159774587660818
3305,157.0,6121.449999999989,129.8,-11.917593134702821
3306,155.0,6123.183333333322,129.84,-12.212252393453618
3307,155.0,6124.905555555543,129.88,-12.868937422196852
3308,153.0,6126.616666666655,129.92000000000002,-12.161449062880209
3309,152.0,6128.311111111099,129.96,-11.70848481090905
3310,148.0,6129.977777777765,130.0,-11.516972065218518
3311,147.0,6131.616666666654,130.04,-12.073075630799913
3312,145.0,6133.238888888877,130.08,-12.751958655948957
3313,145.0,6134.849999999988,130.12,-12.410449355343879
3314,143.0,6136.449999999987,130.16,-11.760434719235755
3315,140.0,6138.022222222209,130.2,-11.194963631694874
3316,138.0,6139.566666666655,130.24,-11.606336051630414
3317,136.0,6141.088888888877,130.28,-11.582186991989355
3318,136.0,6142.599999999988,130.32,-11.360389344773248
3319,135.0,6144.105555555544,130.36,-10.639920826865206
3320,132.0,6145.588888888877,130.4,-10.00452813811628
3321,130.0,6147.044444444432,130.44,-9.770991148647237
3322,129.0,6148.483333333321,130.48,-9.368060809736422
3323,129.0,6149.916666666655,130.52,-9.537572210782056
3324,127.0,6151.338888888877,130.56,-8.666627105501618
3325,125.0,6152.738888888876,130.6,-7.598442134524855
3326,124.0,6154.12222222221,130.64000000000001,-7.161279203141989
3327,124.0,6155.499999999988,130.68,-6.781529970434478
3328,122.0,6156.866666666655,130.72,-6.348639255696621
3329,122.0,6158.22222222221,130.76,-5.377357420232176
3330,121.0,6159.57222222221,130.8,-5.107534145648638
3331,120.0,6160.911111111099,130.84,-4.97009986968684
3332,120.0,6162.244444444432,130.88,-5.063218580213179
3333,119.0,6163.57222222221,130.92000000000002,-4.607228143006673
3334,119.0,6164.894444444432,130.96,-4.761819971982265
3335,117.0,6166.2055555555435,131.0,-4.707102527285009
3336,117.0,6167.505555555544,131.04,-4.923125331726451
3337,116.0,6168.799999999988,131.08,-4.977253651397943
3338,116.0,6170.088888888877,131.12,-4.628941173591202
3339,115.0,6171.3722222222095,131.16,-4.489496157897683
3340,114.0,6172.644444444431,131.2,-3.9058264435186727
3341,113.0,6173.905555555543,131.24,-3.9544874327305606
3342,113.0,6175.161111111099,131.28,-3.65851707867334
3343,113.0,6176.416666666654,131.32,-3.3596282050544093
3344,112.0,6177.666666666655,131.36,-2.7117161588976235
3345,112.0,6178.9111111111,131.4,-2.4658758148303783
3346,111.0,6180.149999999989,131.44,-2.2623104791539266
3347,111.0,6181.383333333321,131.48,-2.206849034250497
3348,111.0,6182.616666666655,131.52,-2.275678694871622
3349,111.0,6183.849999999988,131.56,-2.091011809532535
3350,110.0,6185.077777777765,131.6,-2.3290836890593303
3351,110.0,6186.299999999987,131.64000000000001,-2.335615945006508
3352,110.0,6187.522222222209,131.68,-2.471252584063026
3353,109.0,6188.738888888875,131.72,-2.3953375526282987
3354,109.0,6189.949999999986,131.76,-2.150727050594992
3355,108.0,6191.155555555542,131.8,-1.6966652670821145
3356,108.0,6192.355555555542,131.84,-1.7632063118183723
3357,108.0,6193.555555555542,131.88,-1.6405747759557776
3358,108.0,6194.755555555543,131.92000000000002,-1.3269796264326612
3359,108.0,6195.955555555543,131.96,-1.5184650393230943
3360,108.0,6197.155555555542,132.0,-1.5207677294487705
3361,107.0,6198.349999999987,132.04,-1.6994684187401692
3362,107.0,6199.5388888888765,132.08,-1.7676504825122308
3363,107.0,6200.727777777765,132.12,-1.7096056325637201
3364,106.0,6201.911111111099,132.16,-1.5094389647791195
3365,106.0,6203.088888888877,132.2,-1.5117705268372579
3366,106.0,6204.2666666666555,132.24,-1.3245011840006227
3367,106.0,6205.444444444433,132.28,-1.327002577881716
3368,106.0,6206.622222222211,132.32,-1.5185275101132716
3369,106.0,6207.79999999999,132.36,-1.5208737803256853
3370,105.0,6208.972222222212,132.4,-2.0131946348703944
3371,105.0,6210.138888888878,132.44,-2.335601912817801
3372,105.0,6211.305555555544,132.48,-2.471686121020802
3373,104.0,6212.466666666655,132.52,-2.39515941232482
3374,104.0,6213.62222222221,132.56,-2.1509302472999328
3375,103.0,6214.77222222221,132.6,-1.6962833175777
3376,103.0,6215.916666666655,132.64000000000001,-1.4488063567686067
3377,103.0,6217.061111111099,132.68,-1.0727521241729565
3378,103.0,6218.2055555555435,132.72,-0.5682308441680848
3379,103.0,6219.349999999988,132.76,-0.3157957439553302
3380,103.0,6220.494444444433,132.8,-2.8357037645213896e-14
3381,103.0,6221.638888888877,132.84,0.3157957439551695
3382,103.0,6222.783333333321,132.88,0.568230844167967
3383,103.0,6223.927777777766,132.92000000000002,0.7569049985902081
3384,103.0,6225.07222222221,132.96,0.8818104991789215
3385,103.0,6226.216666666654,133.0,1.2581748818240157
3386,104.0,6227.366666666654,133.04,1.5212529409668925
3387,104.0,6228.52222222221,133.08,1.9606415473019163
3388,104.0,6229.677777777765,133.12,2.206661828277269
3389,104.0,6230.83333333332,133.16,2.2616098683640047
3390,105.0,6231.994444444431,133.2,2.4661230859894987
3391,105.0,6233.161111111098,133.24,2.711516152231472
3392,106.0,6234.333333333319,133.28,3.3605265723246034
3393,106.0,6235.511111111097,133.32,3.6583016783616555
3394,106.0,6236.688888888876,133.36,3.6377143002344217
3395,107.0,6237.8722222222095,133.4,3.338130757132756
3396,108.0,6239.066666666654,133.44,3.4164077126943893
3397,109.0,6240.272222222209,133.48,3.1781720885833638
3398,109.0,6241.483333333321,133.52,3.6088909767619572
3399,109.0,6242.694444444432,133.56,3.9721530470540167
3400,109.0,6243.905555555542,133.6,4.206764567190212
3401,110.0,6245.1222222222095,133.64000000000001,4.348185081068418
3402,110.0,6246.344444444431,133.68,4.38257206356619
3403,112.0,6247.577777777764,133.72,4.810794525017
3404,113.0,6248.827777777764,133.76,5.136716259820703
3405,114.0,6250.088888888876,133.8,5.337488426710476
3406,114.0,6251.355555555542,133.84,5.304320546996189
3407,114.0,6252.622222222209,133.88,5.396186072858911
3408,115.0,6253.894444444431,133.92000000000002,5.287532261662996
3409,116.0,6255.177777777764,133.96,5.296696436326297
3410,117.0,6256.472222222208,134.0,5.493970363680013
3411,118.0,6257.777777777764,134.04,5.877370018843213
3412,119.0,6259.094444444431,134.08,6.072051907510307
3413,120.0,6260.422222222209,134.12,5.698568618443106
3414,120.0,6261.755555555542,134.16,5.410001698917873
3415,121.0,6263.09444444443,134.2,4.9791618462087355
3416,122.0,6264.444444444431,134.24,4.739850294103158
3417,123.0,6265.805555555541,134.28,4.37230063541238
3418,123.0,6267.172222222208,134.32,3.9081813636398524
3419,124.0,6268.544444444431,134.36,3.79553281349364
3420,124.0,6269.922222222209,134.4,3.593377699682274
3421,125.0,6271.305555555542,134.44,3.355876666569821
3422,125.0,6272.694444444431,134.48,3.090879466902662
3423,125.0,6274.08333333332,134.52,2.890096507064069
3424,126.0,6275.4777777777645,134.56,2.461892891161009
3425,127.0,6276.88333333332,134.6,2.474658012912271
3426,127.0,6278.294444444431,134.64000000000001,1.8982637157526463
3427,127.0,6279.705555555542,134.68,1.5149210487917868
3428,127.0,6281.116666666652,134.72,1.0085081249715893
3429,127.0,6282.527777777763,134.76,0.6935007465839366
3430,128.0,6283.94444444443,134.8,0.5718774368617524
3431,127.0,6285.361111111096,134.84,0.6930048955880046
3432,127.0,6286.772222222206,134.88,1.0703940184686245
3433,127.0,6288.183333333318,134.92000000000002,1.3205512217388837
3434,128.0,6289.599999999984,134.96,1.7721900119646692
3435,128.0,6291.0222222222055,135.0,2.6544708211117807
3436,128.0,6292.444444444427,135.04,3.9034549031864705
3437,129.0,6293.872222222206,135.08,5.116542826493724
3438,129.0,6295.305555555539,135.12,5.773359861155573
3439,130.0,6296.744444444428,135.16,6.595213746316703
3440,132.0,6298.199999999983,135.2,7.843261301886793
3441,133.0,6299.672222222206,135.24,8.646828414481357
3442,135.0,6301.161111111094,135.28,9.068148740264167
3443,135.0,6302.661111111094,135.32,8.905374968646239
3444,137.0,6304.172222222206,135.36,8.44585452800825
3445,139.0,6305.705555555539,135.4,7.863177932828728
3446,140.0,6307.255555555538,135.44,7.476776520863645
3447,141.0,6308.816666666649,135.48,6.714656005699949
3448,141.0,6310.383333333317,135.52,5.975075267602349
3449,142.0,6311.955555555539,135.56,5.0431477694686375
3450,143.0,6313.538888888872,135.6,4.870507843874628
3451,144.0,6315.133333333317,135.64000000000001,4.8184608668107085
3452,144.0,6316.733333333316,135.68,4.605188975933439
3453,144.0,6318.333333333316,135.72,4.645713751543819
3454,145.0,6319.938888888871,135.76,4.279348378600266
3455,147.0,6321.561111111094,135.8,4.513131359433171
3456,147.0,6323.194444444427,135.84,4.873861101368111
3457,147.0,6324.82777777776,135.88,5.415627626186891
3458,148.0,6326.46666666665,135.92000000000002,5.484384904343634
3459,148.0,6328.111111111094,135.96,5.0163406098005225
3460,150.0,6329.766666666649,136.0,4.807629288724544
3461,151.0,6331.438888888871,136.04,5.130978597435171
3462,152.0,6333.122222222205,136.08,5.328916026793765
3463,152.0,6334.811111111094,136.12,5.3040733057708325
3464,152.0,6336.499999999983,136.16,5.088780393875118
3465,153.0,6338.194444444427,136.2,4.724274300365421
3466,154.0,6339.899999999983,136.24,4.861183698315286
3467,155.0,6341.6166666666495,136.28,5.186244517018016
3468,156.0,6343.344444444427,136.32,5.379995414188333
3469,156.0,6345.077777777761,136.36,5.098246879370011
3470,157.0,6346.816666666649,136.4,5.046798798727199
3471,158.0,6348.566666666649,136.44,5.121396196294218
3472,159.0,6350.32777777776,136.48,5.003481216214728
3473,159.0,6352.094444444428,136.52,4.727363503054617
3474,159.0,6353.861111111094,136.56,4.7058861843004385
3475,161.0,6355.638888888871,136.6,4.6201717193062555
3476,162.0,6357.433333333317,136.64000000000001,4.376305767430317
3477,162.0,6359.233333333316,136.68,4.04255559212322
3478,162.0,6361.033333333316,136.72,3.711537149913296
3479,163.0,6362.83888888887,136.76,3.091487127242847
3480,164.0,6364.655555555538,136.8,2.154325523338683
3481,164.0,6366.47777777776,136.84,1.6446855395011009
3482,164.0,6368.299999999982,136.88,1.0103198727873346
3483,164.0,6370.122222222205,136.92000000000002,-4.242216166727875e-14
3484,164.0,6371.944444444427,136.96,-1.0103198727871896
3485,164.0,6373.766666666649,137.0,-2.2759832308637318
3486,164.0,6375.588888888871,137.04,-3.294444936243271
3487,163.0,6377.405555555539,137.08,-4.61071561030629
3488,162.0,6379.2111111110935,137.12,-5.488715824080799
3489,162.0,6381.011111111093,137.16,-6.283034543177436
3490,160.0,6382.799999999983,137.20000000000002,-7.441205433359801
3491,159.0,6384.572222222205,137.24,-8.582914893128976
3492,157.0,6386.32777777776,137.28,-9.172322596029693
3493,157.0,6388.072222222205,137.32,-9.386520406820146
3494,156.0,6389.811111111095,137.36,-9.417662677989204
3495,153.0,6391.527777777761,137.4,-9.437896562021317
3496,151.0,6393.21666666665,137.44,-9.897977517815487
3497,150.0,6394.888888888871,137.48,-9.803959228416293
3498,150.0,6396.555555555539,137.52,-9.906819771427694
3499,149.0,6398.21666666665,137.56,-9.360499489568058
3500,146.0,6399.855555555539,137.6,-9.363656292208736
3501,144.0,6401.466666666651,137.64000000000001,-9.756702759920886
3502,144.0,6403.06666666665,137.68,-10.367031657525569
3503,143.0,6404.661111111094,137.72,-10.354630853425132
3504,142.0,6406.244444444427,137.76,-10.070654225872548
3505,138.0,6407.799999999984,137.8,-9.873744646729472
3506,137.0,6409.327777777761,137.84,-10.529451121198706
3507,136.0,6410.844444444428,137.88,-11.21194457750392
3508,136.0,6412.3555555555395,137.92000000000002,-10.973070815754918
3509,134.0,6413.8555555555395,137.96,-10.554450059965033
3510,131.0,6415.327777777761,138.0,-10.292193232633986
3511,129.0,6416.7722222222055,138.04,-10.759861660815348
3512,128.0,6418.199999999984,138.08,-11.006336855634238
3513,128.0,6419.622222222206,138.12,-10.712601059523475
3514,126.0,6421.0333333333165,138.16,-9.587895313897642
3515,123.0,6422.416666666651,138.20000000000002,-8.761334772668548
3516,122.0,6423.777777777761,138.24,-8.526901613676511
3517,121.0,6425.1277777777605,138.28,-8.483484841028943
3518,121.0,6426.472222222204,138.32,-8.066638811089797
3519,120.0,6427.811111111094,138.36,-6.7989466702473775
3520,118.0,6429.133333333316,138.4,-6.099992483959475
3521,117.0,6430.438888888872,138.44,-6.155554192099345
3522,116.0,6431.733333333315,138.48,-5.963639533060798
3523,116.0,6433.022222222205,138.52,-5.946815421784023
3524,116.0,6434.311111111093,138.56,-5.983512595268896
3525,114.0,6435.58888888887,138.6,-5.91672963173366
3526,113.0,6436.849999999982,138.64000000000001,-6.285997275051881
3527,113.0,6438.105555555538,138.68,-6.783987211697011
3528,112.0,6439.355555555538,138.72,-6.984060663185571
3529,110.0,6440.58888888887,138.76,-6.863706252961841
3530,109.0,6441.8055555555375,138.8,-7.104779587945627
3531,108.0,6443.011111111093,138.84,-7.298551299168438
3532,107.0,6444.205555555537,138.88,-7.496576627835316
3533,107.0,6445.394444444427,138.92000000000002,-7.379550718429786
3534,106.0,6446.57777777776,138.96,-6.809266227774612
3535,103.0,6447.738888888871,139.0,-6.802567587419963
3536,103.0,6448.883333333315,139.04,-6.68242425646614
3537,102.0,6450.022222222205,139.08,-6.556347529051201
3538,101.0,6451.149999999982,139.12,-6.179277705767996
3539,101.0,6452.272222222205,139.16,-5.592152350703769
3540,99.0,6453.383333333316,139.20000000000002,-4.950937320641335
3541,99.0,6454.483333333315,139.24,-5.240794757068792
3542,98.0,6455.577777777759,139.28,-4.975319671421816
3543,98.0,6456.666666666648,139.32,-4.632628654402553
3544,97.0,6457.749999999982,139.36,-4.490768008890879
3545,96.0,6458.822222222204,139.4,-4.217072143742412
3546,95.0,6459.883333333315,139.44,-4.202516766388604
3547,95.0,6460.938888888871,139.48,-3.851104080600059
3548,95.0,6461.994444444426,139.52,-3.4944228742643557
3549,94.0,6463.0444444444265,139.56,-2.7792732216778995
3550,93.0,6464.083333333315,139.6,-2.4450785052361073
3551,93.0,6465.116666666649,139.64000000000001,-2.2015807072350144
3552,93.0,6466.149999999981,139.68,-2.3980035043201218
3553,93.0,6467.183333333314,139.72,-2.3429136420705685
3554,93.0,6468.216666666647,139.76,-2.348425953790406
3555,92.0,6469.244444444425,139.8,-2.394171986245549
3556,92.0,6470.266666666647,139.84,-2.910806113679476
3557,91.0,6471.283333333314,139.88,-3.146960872315509
3558,91.0,6472.294444444426,139.92000000000002,-3.1658787313416448
3559,90.0,6473.299999999981,139.96,-3.210130288203852
3560,90.0,6474.299999999981,140.0,-2.65784166075177
3561,89.0,6475.294444444426,140.04,-2.5138681708321
3562,89.0,6476.283333333315,140.08,-2.1442212365568474
3563,89.0,6477.272222222204,140.12,-1.8985595064603062
3564,88.0,6478.255555555537,140.16,-1.4426143372407927
3565,89.0,6479.238888888871,140.20000000000002,-1.5251088548932523
3566,88.0,6480.222222222204,140.24,-1.384584770229581
3567,88.0,6481.199999999982,140.28,-1.4512545570740503
3568,88.0,6482.177777777759,140.32,-1.3917482530950147
3569,88.0,6483.155555555537,140.36,-1.2045831292254396
3570,87.0,6484.127777777759,140.4,-1.570878931279115
3571,87.0,6485.094444444425,140.44,-1.4479186784417608
3572,87.0,6486.061111111091,140.48,-1.5151330691703169
3573,87.0,6487.027777777758,140.52,-1.456111704877597
3574,87.0,6487.9944444444245,140.56,-1.2692454618863747
3575,86.0,6488.955555555535,140.6,-0.6286499312730692
3576,86.0,6489.9111111110915,140.64000000000001,-0.3148220490977637
3577,86.0,6490.866666666647,140.68,5.457988463458565e-14
3578,86.0,6491.822222222202,140.72,0.31482204909816264
3579,86.0,6492.777777777757,140.76,0.9434678155432706
3580,87.0,6493.738888888869,140.8,2.1590445122649347
3581,87.0,6494.705555555535,140.84,2.782885732552015
3582,87.0,6495.6722222222015,140.88,3.1445386351270233
3583,87.0,6496.638888888869,140.92000000000002,3.2493181200825556
3584,88.0,6497.61111111109,140.96,3.1401200879193536
3585,90.0,6498.599999999979,141.0,3.452798469230416
3586,90.0,6499.599999999979,141.04,4.00489373309842
3587,90.0,6500.59999999998,141.08,4.166353371855258
3588,90.0,6501.59999999998,141.12,4.265029845395653
3589,90.0,6502.59999999998,141.16,3.927356350477812
3590,92.0,6503.611111111092,141.20000000000002,4.24824392440583
3591,93.0,6504.63888888887,141.24,5.088639200998318
3592,93.0,6505.672222222202,141.28,5.4189645572922736
3593,94.0,6506.711111111091,141.32,5.360736497946396
3594,94.0,6507.7555555555355,141.36,5.12851793563534
3595,96.0,6508.811111111091,141.4,4.823035615897206
3596,97.0,6509.883333333313,141.44,4.966542146666833
3597,97.0,6510.961111111091,141.48,4.926515240055532
3598,97.0,6512.038888888869,141.52,4.76715750280797
3599,98.0,6513.122222222202,141.56,4.529947149333242
3600,99.0,6514.216666666646,141.6,4.490604898618555
3601,100.0,6515.322222222202,141.64000000000001,4.951655234075272
3602,100.0,6516.433333333313,141.68,5.2255371535354715
3603,101.0,6517.54999999998,141.72,5.424766479819315
3604,101.0,6518.672222222202,141.76,5.0697153585478025
3605,103.0,6519.805555555537,141.8,5.325941531649221
3606,104.0,6520.955555555536,141.84,5.336010131440531
3607,104.0,6522.111111111091,141.88,5.482714344771041
3608,105.0,6523.272222222203,141.92000000000002,5.177145160535586
3609,105.0,6524.438888888869,141.96,5.015324417250559
3610,107.0,6525.616666666647,142.0,5.084628546652404
3611,107.0,6526.805555555536,142.04,5.493262158115447
3612,108.0,6527.999999999981,142.08,6.07009237944883
3613,108.0,6529.199999999981,142.12,6.0182536110332405
3614,109.0,6530.405555555536,142.16,6.14704691174639
3615,111.0,6531.627777777759,142.20000000000002,6.08466698782019
3616,112.0,6532.866666666648,142.24,6.402915937241813
3617,113.0,6534.116666666648,142.28,6.469773721900199
3618,113.0,6535.372222222203,142.32,6.223726614518185
3619,114.0,6536.633333333315,142.36,5.792721227956208
3620,115.0,6537.905555555537,142.4,5.746671713062983
3621,116.0,6539.18888888887,142.44,6.073281920146869
3622,117.0,6540.483333333314,142.48,6.13971449017426
3623,117.0,6541.783333333315,142.52,6.277260858002806
3624,118.0,6543.08888888887,142.56,6.220040145356652
3625,120.0,6544.411111111092,142.6,6.278295730982231
3626,121.0,6545.749999999982,142.64000000000001,6.346744412647121
3627,121.0,6547.094444444426,142.68,6.107010948141079
3628,122.0,6548.444444444425,142.72,6.047402413336709
3629,123.0,6549.805555555536,142.76,5.742346965423714
3630,124.0,6551.177777777759,142.8,5.502875531759008
3631,125.0,6552.561111111092,142.84,5.702079032416158
3632,125.0,6553.949999999981,142.88,5.977397464799924
3633,126.0,6555.344444444426,142.92000000000002,5.7316378261343415
3634,127.0,6556.749999999981,142.96,5.6137941444968185
3635,128.0,6558.166666666647,143.0,5.940579133022721
3636,129.0,6559.594444444425,143.04,6.326798843988374
3637,130.0,6561.033333333315,143.08,6.452295463232931
3638,130.0,6562.477777777759,143.12,5.964795714213624
3639,131.0,6563.927777777759,143.16,5.6570016188599
3640,133.0,6565.394444444426,143.20000000000002,5.837962082953563
3641,134.0,6566.877777777759,143.24,6.357476725966664
3642,134.0,6568.366666666647,143.28,6.820310993978107
3643,134.0,6569.855555555535,143.32,7.269162649754905
3644,135.0,6571.34999999998,143.36,7.0772068040001335
3645,137.0,6572.861111111091,143.4,7.2567086055817915
3646,139.0,6574.394444444424,143.44,7.745472990532537
3647,140.0,6575.944444444423,143.48,7.853692784050601
3648,141.0,6577.5055555555355,143.52,7.97001209260593
3649,141.0,6579.072222222202,143.56,7.280242842737312
3650,143.0,6580.64999999998,143.6,6.958874446790495
3651,144.0,6582.2444444444245,143.64000000000001,6.837429548873305
3652,144.0,6583.844444444424,143.68,6.662703715812296
3653,146.0,6585.455555555534,143.72,6.326766879491525
3654,146.0,6587.077777777757,143.76,6.3500769028985475
3655,148.0,6588.711111111091,143.8,6.148617720531086
3656,149.0,6590.36111111109,143.84,6.280613659468719
3657,149.0,6592.0166666666455,143.88,6.431112229457419
3658,149.0,6593.6722222222015,143.92000000000002,5.954565284647545
3659,151.0,6595.338888888868,143.96,5.998163807768766
3660,152.0,6597.022222222201,144.0,6.071814931849468
3661,153.0,6598.716666666645,144.04,6.51869178086004
3662,154.0,6600.4222222222015,144.08,7.023185839256576
3663,154.0,6602.133333333312,144.12,6.8480292395881115
3664,155.0,6603.8499999999785,144.16,6.411834644164493
3665,157.0,6605.583333333313,144.20000000000002,6.39245423240976
3666,158.0,6607.333333333313,144.24,6.7138384706394625
3667,159.0,6609.094444444424,144.28,6.712928396505248
3668,159.0,6610.86111111109,144.32,6.4162224464730695
3669,160.0,6612.633333333313,144.36,5.917872120295455
3670,161.0,6614.416666666646,144.4,5.486266857105245
3671,163.0,6616.216666666645,144.44,5.528238576230379
3672,163.0,6618.0277777777565,144.48,5.310494053384183
3673,163.0,6619.8388888888685,144.52,5.284545830098981
3674,164.0,6621.655555555535,144.56,5.105813384264824
3675,165.0,6623.483333333313,144.6,5.053665446709225
3676,166.0,6625.322222222202,144.64000000000001,5.127746803185671
3677,166.0,6627.166666666646,144.68,5.3527304238446
3678,167.0,6629.0166666666455,144.72,5.4841217851263
3679,168.0,6630.877777777756,144.76,5.112043182246911
3680,169.0,6632.749999999979,144.8,5.248447348868567
3681,170.0,6634.633333333312,144.84,5.192118528341843
3682,170.0,6636.522222222201,144.88,4.977882415742364
3683,171.0,6638.416666666646,144.92000000000002,4.35523986482775
3684,171.0,6640.316666666646,144.96,3.647957798104079
3685,173.0,6642.227777777756,145.0,2.6640697495658974
3686,173.0,6644.149999999978,145.04,1.4554432962677886
3687,173.0,6646.072222222201,145.08,0.505683077366707
3688,173.0,6647.994444444423,145.12,-0.8219512331758142
3689,173.0,6649.916666666644,145.16,-1.7732455258726518
3690,172.0,6651.833333333312,145.20000000000002,-2.9679100189544845
3691,171.0,6653.738888888867,145.24,-3.5886819207194858
3692,171.0,6655.638888888867,145.28,-4.232616177791865
3693,170.0,6657.533333333311,145.32,-4.477645647101714
3694,170.0,6659.422222222201,145.36,-4.685608264532233
3695,169.0,6661.305555555534,145.4,-4.738517765828688
3696,168.0,6663.177777777756,145.44,-4.981528168671035
3697,167.0,6665.0388888888665,145.48,-5.102046423213833
3698,167.0,6666.894444444423,145.52,-4.809839724863608
3699,166.0,6668.744444444423,145.56,-4.73909855634391
3700,165.0,6670.583333333311,145.6,-4.852672278913559
3701,164.0,6672.41111111109,145.64000000000001,-5.092851239695532
3702,164.0,6674.233333333312,145.68,-5.179430959525455
3703,164.0,6676.055555555534,145.72,-5.458705066843769
3704,163.0,6677.8722222222,145.76,-5.513987962327325
3705,161.0,6679.6722222222015,145.8,-5.974520106611103
3706,160.0,6681.455555555534,145.84,-6.536220583081507
3707,160.0,6683.233333333312,145.88,-7.21277451060929
3708,159.0,6685.005555555535,145.92000000000002,-7.220303760190615
3709,158.0,6686.7666666666455,145.96,-6.904981508999821
3710,156.0,6688.51111111109,146.0,-6.543772550375469
3711,155.0,6690.238888888867,146.04,-6.606181257476508
3712,154.0,6691.955555555534,146.08,-6.732697445511496
3713,154.0,6693.666666666645,146.12,-6.583098748183045
3714,153.0,6695.3722222222,146.16,-6.073225864181965
3715,152.0,6697.066666666646,146.20000000000002,-5.307808706241109
3716,151.0,6698.749999999979,146.24,-4.7331830528574095
3717,150.0,6700.422222222201,146.28,-4.408320816680608
3718,149.0,6702.083333333311,146.32,-4.021627899131873
3719,149.0,6703.738888888867,146.36,-3.2787605713227586
3720,149.0,6705.394444444422,146.4,-2.528616603824462
3721,149.0,6707.049999999977,146.44,-1.8365107900718962
3722,148.0,6708.699999999977,146.48,-1.2595270089213186
3723,148.0,6710.344444444422,146.52,-0.8824270099725722
3724,148.0,6711.988888888866,146.56,-1.0722426068270927
3725,148.0,6713.6333333333105,146.6,-0.8209581552269656
3726,148.0,6715.277777777756,146.64000000000001,-0.5055470042651349
3727,148.0,6716.9222222222,146.68,-0.12638680355067328
3728,148.0,6718.566666666644,146.72,-0.06320506035428193
3729,147.0,6720.205555555533,146.76,-0.31381282540322814
3730,148.0,6721.844444444422,146.8,-0.5056092649244948
3731,148.0,6723.488888888866,146.84,-0.6323223369651971
3732,148.0,6725.1333333333105,146.88,-0.3797672344378043
3733,148.0,6726.777777777756,146.92000000000002,-0.12665147565596208
3734,147.0,6728.416666666644,146.96,0.12579572244204051
3735,147.0,6730.049999999977,147.0,-1.528035463624618e-14
3736,147.0,6731.683333333311,147.04,0.18875159672580627
3737,148.0,6733.3222222222,147.08,0.3798605342917615
3738,148.0,6734.966666666644,147.12,0.5692648092451179
3739,148.0,6736.611111111089,147.16,0.7580400660705983
3740,148.0,6738.255555555534,147.20000000000002,0.884054928827073
3741,148.0,6739.899999999978,147.24,0.8836206116595671
3742,148.0,6741.544444444422,147.28,0.7571093910471566
3743,148.0,6743.188888888866,147.32,0.8824270099727762
3744,148.0,6744.833333333311,147.36,0.9443567987890057
3745,149.0,6746.483333333311,147.4,1.266485720083406
3746,149.0,6748.138888888866,147.44,1.4544104544977645
3747,149.0,6749.794444444421,147.48,1.5151452263019127
3748,149.0,6751.449999999977,147.52,1.4496265333439204
3749,149.0,6753.105555555532,147.56,1.2587820806841576
3750,150.0,6754.766666666643,147.6,0.9495568611506021
3751,150.0,6756.433333333311,147.64000000000001,0.8852312402243032
3752,150.0,6758.099999999977,147.68,1.0742071369758905
3753,150.0,6759.766666666643,147.72,1.1363620085174821
3754,150.0,6761.433333333309,147.76,1.0722558143785534
3755,150.0,6763.099999999977,147.8,1.5136758418578027
3756,150.0,6764.766666666643,147.84,2.3934467845928373
3757,151.0,6766.438888888864,147.88,3.3521326233986097
3758,151.0,6768.116666666643,147.92000000000002,3.9687665922678237
3759,151.0,6769.79444444442,147.96,4.577782751787132
3760,153.0,6771.483333333309,148.0,5.501594401126673
3761,154.0,6773.188888888864,148.04,6.202563132620393
3762,155.0,6774.9055555555315,148.08,6.329739870357593
3763,155.0,6776.627777777753,148.12,6.222903779468789
3764,156.0,6778.35555555553,148.16,5.97377571090109
3765,158.0,6780.099999999976,148.20000000000002,5.833273435489047
3766,159.0,6781.861111111087,148.24,5.712221684006636
3767,159.0,6783.627777777753,148.28,5.6828341114796155
3768,159.0,6785.39444444442,148.32,5.463124140779529
3769,160.0,6787.166666666642,148.36,5.0957686113640905
3770,162.0,6788.955555555531,148.4,4.885867034401523
3771,162.0,6790.75555555553,148.44,4.799939705830237
3772,163.0,6792.561111111085,148.48,4.678850463696492
3773,163.0,6794.372222222197,148.52,4.470473352706404
3774,164.0,6796.188888888863,148.56,3.8511388870135383
3775,165.0,6798.016666666641,148.6,3.484638407510435
3776,165.0,6799.849999999975,148.64000000000001,3.726940175373161
3777,165.0,6801.683333333308,148.68,3.5895198506953716
3778,166.0,6803.522222222196,148.72,3.472730608432552
3779,166.0,6805.36666666664,148.76,3.337675270002686
3780,167.0,6807.216666666642,148.8,3.5383668788807077
3781,168.0,6809.077777777752,148.84,4.054796224984437
3782,168.0,6810.944444444418,148.88,4.165665588425899
3783,168.0,6812.811111111086,148.92000000000002,3.898856947274062
3784,169.0,6814.683333333308,148.96,3.6552430547407386
3785,170.0,6816.566666666641,149.0,3.7308581576761406
3786,171.0,6818.461111111085,149.04,3.741180638467891
3787,171.0,6820.361111111086,149.08,4.044622721333705
3788,171.0,6822.2611111110855,149.12,3.9672821427947063
3789,171.0,6824.161111111085,149.16,3.5154780248066673
3790,173.0,6826.0722222221975,149.20000000000002,3.42053304704224
3791,173.0,6827.994444444419,149.24,3.600875118044682
3792,174.0,6829.922222222196,149.28,4.116568055227657
3793,174.0,6831.8555555555295,149.32,4.227276014545791
3794,174.0,6833.788888888864,149.36,3.960429778681529
3795,175.0,6835.727777777753,149.4,3.9736763993793534
3796,176.0,6837.677777777752,149.44,4.551917361730768
3797,177.0,6839.638888888863,149.48,4.6864961528872975
3798,177.0,6841.605555555531,149.52,5.0446358190578815
3799,177.0,6843.5722222221975,149.56,4.958938196364467
3800,179.0,6845.549999999975,149.6,4.806130538048626
3801,180.0,6847.54444444442,149.64000000000001,4.497411877780334
3802,180.0,6849.54444444442,149.68,4.418182881911302
3803,181.0,6851.549999999976,149.72,4.298877574558661
3804,181.0,6853.561111111087,149.76,3.780219422598182
3805,182.0,6855.577777777754,149.8,2.907490927528793
3806,182.0,6857.599999999976,149.84,2.396573644257159
3807,183.0,6859.627777777753,149.88,1.7083523912019682
3808,183.0,6861.661111111088,149.92000000000002,0.8848896008452604
3809,183.0,6863.694444444421,149.96,8.222433149978878e-14
3810,183.0,6865.7277777777535,150.0,-1.2006209263343743
3811,183.0,6867.761111111086,150.04,-2.277679569969817
3812,182.0,6869.788888888866,150.08,-3.154938258910145
3813,182.0,6871.8111111110875,150.12,-3.481717344003374
3814,181.0,6873.827777777754,150.16,-4.167822632013234
3815,180.0,6875.83333333331,150.20000000000002,-5.103943245830129
3816,179.0,6877.827777777754,150.24,-5.852252952037823
3817,179.0,6879.816666666642,150.28,-6.385983647861273
3818,179.0,6881.80555555553,150.32,-6.678239497485119
3819,177.0,6883.783333333309,150.36,-6.640965847483432
3820,175.0,6885.7388888888645,150.4,-6.979155391260945
3821,174.0,6887.677777777753,150.44,-7.35926743079976
3822,173.0,6889.60555555553,150.48,-7.431751270952752
3823,173.0,6891.527777777754,150.52,-7.226110313732856
3824,172.0,6893.44444444442,150.56,-6.5882577965706455
3825,170.0,6895.344444444419,150.6,-6.542181213660063
3826,169.0,6897.2277777777535,150.64000000000001,-6.853947884331281
3827,169.0,6899.105555555531,150.68,-6.897525463938867
3828,168.0,6900.9777777777535,150.72,-6.649566750991776
3829,167.0,6902.838888888864,150.76,-6.455162735691718
3830,165.0,6904.68333333331,150.8,-6.533568498266964
3831,164.0,6906.511111111087,150.84,-6.9711469376584585
3832,164.0,6908.333333333309,150.88,-7.14558702083152
3833,164.0,6910.155555555532,150.92000000000002,-6.683511679673338
3834,162.0,6911.9666666666435,150.96,-6.197586559875652
3835,160.0,6913.755555555532,151.0,-6.3996950244108985
3836,159.0,6915.527777777754,151.04,-7.272758248349648
3837,159.0,6917.294444444421,151.08,-8.14549923313525
3838,159.0,6919.0611111110875,151.12,-8.274325637440548
3839,158.0,6920.822222222198,151.16,-7.8991863334376085
3840,155.0,6922.561111111088,151.20000000000002,-8.304939879876493
3841,153.0,6924.272222222199,151.24,-8.956675270492404
3842,152.0,6925.9666666666435,151.28,-9.550986863950493
3843,152.0,6927.655555555532,151.32,-9.394811608483353
3844,151.0,6929.338888888867,151.36,-8.335863511375097
3845,148.0,6930.999999999977,151.4,-7.345404215123155
3846,147.0,6932.638888888866,151.44,-7.030876027027232
3847,146.0,6934.266666666644,151.48,-6.720555038063348
3848,146.0,6935.888888888867,151.52,-6.199548345645862
3849,146.0,6937.511111111089,151.56,-5.088907827207228
3850,144.0,6939.1222222221995,151.6,-4.029069492644341
3851,143.0,6940.716666666644,151.64000000000001,-3.5772300581655583
3852,143.0,6942.305555555533,151.68,-3.4631126425819896
3853,143.0,6943.894444444421,151.72,-3.349514537482337
3854,143.0,6945.48333333331,151.76,-2.9162352363630233
3855,142.0,6947.066666666644,151.8,-2.1445190164159857
3856,142.0,6948.644444444421,151.84,-1.833019289884264
3857,141.0,6950.2166666666435,151.88,-2.012399039442466
3858,141.0,6951.783333333311,151.92000000000002,-2.016806036283974
3859,141.0,6953.349999999978,151.96,-1.8313880090840449
3860,141.0,6954.916666666644,152.0,-1.4545459668971505
3861,141.0,6956.483333333311,152.04,-1.2667051544056709
3862,140.0,6958.044444444423,152.08,-0.9442077711782098
3863,140.0,6959.5999999999785,152.12,-0.8823463703248228
3864,140.0,6961.155555555534,152.16,-0.7570826798490345
3865,140.0,6962.711111111091,152.20000000000002,-0.25262318810397405
3866,140.0,6964.266666666646,152.24,0.25262318810393875
3867,140.0,6965.822222222202,152.28,0.441488696378396
3868,140.0,6967.377777777758,152.32,0.3151037726227394
3869,140.0,6968.933333333314,152.36,0.18896427222357282
3870,141.0,6970.494444444425,152.4,-0.2536038874717668
3871,141.0,6972.061111111092,152.44,-0.31718970143496705
3872,140.0,6973.622222222203,152.48,-0.3781976829716835
3873,140.0,6975.17777777776,152.52,-0.4416028309068276
3874,140.0,6976.733333333315,152.56,-0.5051806564335211
3875,139.0,6978.283333333315,152.6,-0.5648924943906468
3876,140.0,6979.833333333316,152.64000000000001,-0.5688834473408946
3877,140.0,6981.388888888871,152.68,-0.44234975305437924
3878,140.0,6982.944444444427,152.72,-0.5689568747197595
3879,140.0,6984.499999999983,152.76,-0.3163751587365756
3880,140.0,6986.055555555539,152.8,-0.3796747475373897
3881,139.0,6987.605555555539,152.84,-0.7548098810564678
3882,139.0,6989.149999999982,152.88,-0.755499305829722
3883,139.0,6990.694444444428,152.92000000000002,-0.6931290128470814
3884,140.0,6992.244444444427,152.96,-0.8888010644109025
3885,139.0,6993.7944444444265,153.0,-0.6308999154258302
3886,139.0,6995.33888888887,153.04,-0.6308993749219087
3887,139.0,6996.883333333316,153.08,-0.8840673918270606
3888,139.0,6998.42777777776,153.12,-1.074986738203834
3889,138.0,6999.966666666648,153.16,-1.1948474602431878
3890,139.0,7001.505555555537,153.20000000000002,-0.8875514444842485
3891,138.0,7003.044444444426,153.24,-1.133821537015476
3892,138.0,7004.5777777777585,153.28,-1.2612934173556098
3893,138.0,7006.111111111091,153.32,-1.2629549711939199
3894,138.0,7007.644444444425,153.36,-1.1380085448128385
3895,138.0,7009.177777777758,153.4,-1.582968426791348
3896,137.0,7010.705555555535,153.44,-1.5105319056950364
3897,137.0,7012.227777777757,153.48,-1.6396621091210766
3898,137.0,7013.74999999998,153.52,-1.643147468823591
3899,137.0,7015.272222222202,153.56,-1.5197816119379013
3900,136.0,7016.788888888868,153.6,-1.5735424662229043
3901,136.0,7018.29999999998,153.64000000000001,-1.4493975520590385
3902,136.0,7019.811111111091,153.68,-1.1998905978376568
3903,136.0,7021.322222222202,153.72,-0.8854925972129039
3904,136.0,7022.833333333313,153.76,-0.506403392693511
3905,135.0,7024.338888888869,153.8,-0.3768589013348279
3906,135.0,7025.838888888869,153.84,-0.5026132520383929
3907,136.0,7027.344444444425,153.88,-0.5698956036783356
3908,136.0,7028.855555555537,153.92000000000002,-0.5702012896093945
3909,136.0,7030.366666666648,153.96,-0.5070835112284386
3910,135.0,7031.872222222203,154.0,-0.37761736884688923
3911,135.0,7033.372222222203,154.04,-0.25208338139462505
3912,135.0,7034.872222222204,154.08,-0.18927860489498566
3913,135.0,7036.372222222204,154.12,0.1892786048948645
3914,135.0,7037.872222222204,154.16,0.5673776069329327
3915,135.0,7039.372222222205,154.20000000000002,0.9441056772050396
3916,136.0,7040.8777777777605,154.24,0.949823699725765
3917,136.0,7042.388888888871,154.28,1.2019820012445357
3918,136.0,7043.899999999982,154.32,1.3267289295953228
3919,136.0,7045.411111111094,154.36,1.3247793029141297
3920,136.0,7046.922222222205,154.4,1.8282314138411258
3921,136.0,7048.433333333316,154.44,2.3928741445841513
3922,137.0,7049.9499999999825,154.48,3.0354613550568383
3923,137.0,7051.472222222205,154.52,3.4008520040045602
3924,137.0,7052.994444444427,154.56,3.825222431032066
3925,139.0,7054.52777777776,154.6,4.306830340643014
3926,140.0,7056.077777777761,154.64000000000001,4.698355317742008
3927,140.0,7057.633333333317,154.68,4.929124889132677
3928,140.0,7059.1888888888725,154.72,5.02675069004073
3929,141.0,7060.749999999984,154.76,4.720322976960737
3930,142.0,7062.322222222207,154.8,4.2927422651924285
3931,143.0,7063.90555555554,154.84,4.113039256016666
3932,144.0,7065.499999999984,154.88,4.249764860154431
3933,144.0,7067.099999999984,154.92000000000002,3.9784124959093665
3934,144.0,7068.699999999983,154.96,3.650933605709966
3935,145.0,7070.305555555538,155.0,3.602701790646243
3936,145.0,7071.916666666649,155.04,3.7811417650309096
3937,146.0,7073.5333333333165,155.08,4.236238175719961
3938,146.0,7075.155555555539,155.12,4.592653835054336
3939,147.0,7076.7833333333165,155.16,4.599553348171223
3940,148.0,7078.422222222206,155.20000000000002,4.546366047944554
3941,149.0,7080.072222222206,155.24,4.745360611948499
3942,150.0,7081.733333333316,155.28,4.501524015719981
3943,150.0,7083.399999999982,155.32,4.165021226182547
3944,150.0,7085.06666666665,155.36,3.7736091498787716
3945,151.0,7086.738888888872,155.4,3.6615399824157615
3946,152.0,7088.422222222205,155.44,3.8018879519129456
3947,152.0,7090.111111111094,155.48,3.851133109282167
3948,152.0,7091.799999999984,155.52,4.212784327779987
3949,153.0,7093.494444444428,155.56,4.221884897177274
3950,154.0,7095.199999999983,155.6,4.170469679708657
3951,155.0,7096.916666666651,155.64000000000001,4.3715506910615005
3952,155.0,7098.638888888872,155.68,4.793869792567551
3953,156.0,7100.3666666666495,155.72,4.801725135879931
3954,156.0,7102.099999999982,155.76,4.340484904416046
3955,157.0,7103.838888888872,155.8,4.162679610843375
3956,158.0,7105.588888888872,155.84,3.9198915879235763
3957,159.0,7107.349999999983,155.88,3.9933818184732632
3958,159.0,7109.11666666665,155.92000000000002,3.663631741294243
3959,159.0,7110.883333333317,155.96,3.3361735200838036
3960,160.0,7112.655555555539,156.0,3.3502908231067265
3961,160.0,7114.433333333316,156.04,3.594947648674915
3962,161.0,7116.216666666651,156.08,4.112945209853982
3963,161.0,7118.005555555539,156.12,4.852431865514428
3964,161.0,7119.794444444427,156.16,5.141687793997654
3965,163.0,7121.5944444444285,156.20000000000002,5.369772384527737
3966,164.0,7123.411111111095,156.24,5.4356298051523915
3967,165.0,7125.238888888873,156.28,5.378042224098207
3968,166.0,7127.077777777761,156.32,5.191900914573068
3969,166.0,7128.922222222207,156.36,4.854312630112397
3970,167.0,7130.772222222206,156.4,4.045597983480931
3971,167.0,7132.627777777761,156.44,3.781631876165875
3972,168.0,7134.488888888872,156.48,3.476865558452263
3973,168.0,7136.3555555555395,156.52,3.4674715204093105
3974,169.0,7138.227777777762,156.56,3.7939314823616317
3975,169.0,7140.1055555555395,156.6,3.718871111681919
3976,170.0,7141.988888888874,156.64000000000001,3.9812314270601714
3977,170.0,7143.877777777762,156.68,4.157671328598114
3978,171.0,7145.772222222206,156.72,4.291902885619619
3979,172.0,7147.677777777762,156.76,4.0475714032506
3980,172.0,7149.588888888874,156.8,4.412083170551249
3981,173.0,7151.50555555554,156.84,4.358469109318014
3982,174.0,7153.433333333317,156.88,4.239663852624948
3983,174.0,7155.366666666651,156.92000000000002,4.036940715316338
3984,174.0,7157.299999999985,156.96,3.7720350453062554
3985,176.0,7159.244444444429,157.0,3.8667166109491364
3986,176.0,7161.199999999984,157.04,3.8563181949466863
3987,176.0,7163.155555555541,157.08,3.781165925701979
3988,177.0,7165.116666666651,157.12,3.7260180586972265
3989,177.0,7167.083333333318,157.16,3.6521763656594253
3990,178.0,7169.055555555541,157.20000000000002,3.538184487913258
3991,179.0,7171.038888888874,157.24,4.053914008579378
3992,179.0,7173.027777777762,157.28,4.165732823319089
3993,179.0,7175.01666666665,157.32,3.899798163409069
3994,180.0,7177.0111111110955,157.36,3.9717756523697867
3995,181.0,7179.016666666651,157.4,3.9825930267806373
3996,182.0,7181.033333333317,157.44,4.24603489863564
3997,182.0,7183.055555555539,157.48,4.419088774146103
3998,182.0,7185.077777777762,157.52,4.844778425655084
3999,183.0,7187.1055555555395,157.56,4.790708117738232
4000,184.0,7189.144444444428,157.6,4.925545993843255
4001,185.0,7191.194444444429,157.64000000000001,4.931341824305974
4002,185.0,7193.249999999984,157.68,5.1613721443696425
4003,187.0,7195.31666666665,157.72,5.004006344989442
4004,187.0,7197.394444444428,157.76,4.354048299987885
4005,188.0,7199.477777777763,157.8,4.301999656228456
4006,188.0,7201.566666666651,157.84,4.416121712072672
4007,189.0,7203.661111111095,157.88,4.424641049891623
4008,189.0,7205.761111111096,157.92000000000002,3.9701255801330353
4009,189.0,7207.861111111096,157.96,4.145440972030907
4010,191.0,7209.972222222206,158.0,4.30307318590981
4011,192.0,7212.099999999984,158.04,4.373148435530647
4012,192.0,7214.233333333318,158.08,4.0422347133261445
4013,192.0,7216.366666666651,158.12,3.713606741027071
4014,193.0,7218.50555555554,158.16,3.0917962945564295
4015,194.0,7220.6555555555415,158.20000000000002,1.202357945587016
4016,194.0,7222.811111111097,158.24,-0.6951844665382599
4017,194.0,7224.966666666652,158.28,-2.718003967204173
4018,194.0,7227.122222222207,158.32,-4.43769228718361
4019,194.0,7229.277777777764,158.36,-6.180377982881127
4020,191.0,7231.416666666652,158.4,-8.013512828692832
4021,189.0,7233.527777777763,158.44,-9.494726485922186
4022,187.0,7235.616666666651,158.48,-10.167599624830101
4023,187.0,7237.69444444443,158.52,-11.078236470514497
4024,186.0,7239.766666666652,158.56,-10.929771745657286
4025,183.0,7241.816666666651,158.6,-10.89369250757331
4026,181.0,7243.838888888874,158.64000000000001,-11.428361959334527
4027,181.0,7245.849999999985,158.68,-12.295783295349255
4028,178.0,7247.8444444444285,158.72,-12.544498988737221
4029,178.0,7249.822222222206,158.76,-12.234924019281838
4030,174.0,7251.777777777762,158.8,-12.131751144855901
4031,172.0,7253.699999999983,158.84,-12.306055137427357
4032,170.0,7255.599999999983,158.88,-12.67390064472418
4033,170.0,7257.488888888873,158.92000000000002,-11.9864238306125
4034,169.0,7259.372222222206,158.96,-11.786764932725164
4035,165.0,7261.227777777761,159.0,-11.165172708535662
4036,164.0,7263.055555555538,159.04,-11.268923780884002
4037,162.0,7264.86666666665,159.08,-11.248324037986736
4038,162.0,7266.66666666665,159.12,-11.059655926910747
4039,160.0,7268.455555555538,159.16,-10.394293603763233
4040,157.0,7270.21666666665,159.20000000000002,-9.900924547357862
4041,156.0,7271.955555555538,159.24,-10.491615406391253
4042,155.0,7273.683333333315,159.28,-10.715240366769264
4043,155.0,7275.405555555537,159.32,-11.022353085530757
4044,153.0,7277.116666666649,159.36,-10.166667610973146
4045,150.0,7278.799999999982,159.4,-9.619296284444335
4046,148.0,7280.455555555537,159.44,-9.58716701300637
4047,147.0,7282.094444444426,159.48,-9.11808659346723
4048,146.0,7283.722222222204,159.52,-8.510461030062176
4049,146.0,7285.344444444427,159.56,-7.427752205264664
4050,144.0,7286.955555555537,159.6,-6.422691514062657
4051,143.0,7288.549999999982,159.64000000000001,-6.099643364101957
4052,143.0,7290.1388888888705,159.68,-6.199810597466897
4053,142.0,7291.7222222222035,159.72,-6.007409684418184
4054,141.0,7293.294444444426,159.76,-5.940046800404628
4055,140.0,7294.855555555538,159.8,-5.927755192849846
4056,139.0,7296.405555555537,159.84,-6.299433491387742
4057,138.0,7297.944444444425,159.88,-6.738901423596059
4058,138.0,7299.477777777759,159.92000000000002,-6.598060371340287
4059,137.0,7301.005555555536,159.96,-6.4696749086396785
4060,135.0,7302.516666666647,160.0,-6.356379352255559
4061,134.0,7304.011111111092,160.04,-6.352807541995124
4062,133.0,7305.494444444426,160.08,-6.100248669779598
4063,133.0,7306.9722222222035,160.12,-5.7016438282892175
4064,132.0,7308.444444444425,160.16,-5.0578741813945545
4065,131.0,7309.905555555537,160.20000000000002,-4.223451611788618
4066,130.0,7311.355555555537,160.24,-3.644660930643253
4067,130.0,7312.799999999981,160.28,-3.0914031361789687
4068,130.0,7314.244444444425,160.32,-2.5957775670123655
4069,129.0,7315.683333333315,160.36,-1.8257720695126185
4070,129.0,7317.116666666649,160.4,-1.5123736879156089
4071,129.0,7318.549999999982,160.44,-1.6395577964287447
4072,129.0,7319.983333333315,160.48,-1.8952610654256503
4073,129.0,7321.41666666665,160.52,-1.962721499427822
4074,129.0,7322.849999999983,160.56,-1.839990283330087
4075,128.0,7324.277777777761,160.6,-2.208776527783286
4076,127.0,7325.694444444428,160.64000000000001,-2.6997140161492754
4077,127.0,7327.105555555539,160.68,-3.2752461030091555
4078,127.0,7328.516666666649,160.72,-3.541842353490519
4079,127.0,7329.92777777776,160.76,-3.810112913398239
4080,126.0,7331.333333333316,160.8,-3.6694098420688332
4081,125.0,7332.72777777776,160.84,-3.844954976937881
4082,124.0,7334.111111111093,160.88,-4.336436384971677
4083,124.0,7335.488888888872,160.92000000000002,-4.488333647639865
4084,123.0,7336.861111111094,160.96,-4.53918624225005
4085,123.0,7338.227777777761,161.0,-4.497058399282134
4086,122.0,7339.588888888871,161.04,-4.293985357991605
4087,121.0,7340.938888888872,161.08,-4.3430925091157055
4088,121.0,7342.283333333316,161.12,-4.368616403984588
4089,120.0,7343.622222222204,161.16,-3.9773687973322893
4090,119.0,7344.9499999999825,161.20000000000002,-4.526562092504964
4091,119.0,7346.272222222205,161.24,-4.926211039965332
4092,118.0,7347.588888888871,161.28,-5.103419103398928
4093,118.0,7348.899999999982,161.32,-5.203579589709052
4094,118.0,7350.211111111094,161.36,-5.1733442945427495
4095,115.0,7351.505555555538,161.4,-5.511419399724412
4096,114.0,7352.77777777776,161.44,-6.37759580667184
4097,114.0,7354.0444444444265,161.48,-6.684599903408215
4098,114.0,7355.311111111094,161.52,-7.065694090276297
4099,113.0,7356.572222222205,161.56,-7.0673294089486465
4100,111.0,7357.816666666649,161.6,-6.93072733191213
4101,109.0,7359.038888888872,161.64000000000001,-7.434789225660494
4102,109.0,7360.249999999983,161.68,-8.08841123910904
4103,108.0,7361.455555555538,161.72,-7.985025254530009
4104,107.0,7362.649999999982,161.76,-7.487426312596721
4105,105.0,7363.827777777761,161.8,-7.160887438993635
4106,104.0,7364.988888888872,161.84,-7.159269665344438
4107,103.0,7366.138888888871,161.88,-7.792271531052668
4108,103.0,7367.2833333333165,161.92000000000002,-7.752338252292738
4109,102.0,7368.422222222205,161.96,-7.5696178560976595
4110,100.0,7369.544444444427,162.0,-7.245861166846608
4111,99.0,7370.649999999982,162.04,-7.316057777900442
4112,97.0,7371.738888888872,162.08,-7.312607037960579
4113,97.0,7372.816666666649,162.12,-7.149004798871329
4114,96.0,7373.888888888871,162.16,-6.578154935210381
4115,95.0,7374.949999999983,162.20000000000002,-6.309699875903394
4116,94.0,7375.999999999984,162.24,-6.361044004271186
4117,93.0,7377.038888888872,162.28,-6.7240929066999
4118,93.0,7378.072222222205,162.32,-7.184781536125328
4119,92.0,7379.099999999983,162.36,-7.253790065305782
4120,90.0,7380.111111111094,162.4,-7.555140698340623
4121,89.0,7381.105555555539,162.44,-7.881498699068467
4122,87.0,7382.083333333316,162.48,-7.752615536699019
4123,87.0,7383.049999999983,162.52,-7.800875642945948
4124,86.0,7384.011111111094,162.56,-7.3646874719748725
4125,84.0,7384.955555555538,162.6,-7.082100204053994
4126,83.0,7385.883333333316,162.64000000000001,-7.141779347337518
4127,83.0,7386.805555555538,162.68,-6.913370081899225
4128,82.0,7387.722222222204,162.72,-6.670518412567026
4129,81.0,7388.62777777776,162.76,-8.034006647232403
4130,79.0,7389.516666666649,162.8,-7.146505264015755
4131,78.0,7390.388888888871,162.84,-6.4766355526935495
4132,78.0,7391.255555555538,162.88,-6.056923630920857
4133,78.0,7392.122222222205,162.92000000000002,-5.093626434329072
4134,71.0,7392.9499999999825,162.96,-3.6104886543770958
4135,76.0,7393.766666666649,163.0,-2.9916257268244513
4136,76.0,7394.611111111093,163.04,-2.4291044508109483
4137,75.0,7395.4499999999825,163.08,-2.21411136422996
4138,75.0,7396.283333333316,163.12,-1.7105191233625394
4139,75.0,7397.116666666649,163.16,-0.8859324719256494
4140,74.0,7397.944444444427,163.20000000000002,-2.7068491705695026
4141,74.0,7398.766666666649,163.24,-2.7221876188923413
4142,73.0,7399.583333333316,163.28,-2.4482692675766176
4143,73.0,7400.394444444427,163.32,-2.3360372900105597
4144,73.0,7401.205555555538,163.36,-2.030241534103232
4145,72.0,7402.011111111094,163.4,-1.8195072690666034
4146,72.0,7402.811111111094,163.44,-1.7627456767394056
4147,72.0,7403.611111111094,163.48,-1.5151245828879856
4148,72.0,7404.411111111094,163.52,-1.456962786667455
4149,72.0,7405.211111111094,163.56,-1.2706301027268312
4150,71.0,7406.005555555539,163.6,-0.9415336075168793
4151,71.0,7406.794444444428,163.64000000000001,-0.8808967689647863
4152,71.0,7407.583333333317,163.68,-1.0711673164390836
4153,71.0,7408.372222222205,163.72,-1.136356370670083
4154,71.0,7409.161111111093,163.76,-1.0752897638500192
4155,71.0,7409.9499999999825,163.8,-1.20271001625092
4156,71.0,7410.738888888871,163.84,-1.5236979195264089
4157,70.0,7411.522222222204,163.88,-1.3834608950245495
4158,70.0,7412.299999999982,163.92000000000002,-1.1996199687687361
4159,70.0,7413.077777777759,163.96,-0.9500343005158086
4160,69.0,7413.849999999981,164.0,-0.625534724460443
4161,69.0,7414.616666666648,164.04,-0.2503461845980356
4162,70.0,7415.3888888888705,164.08,-0.1267561379433708
4163,70.0,7416.166666666648,164.12,-0.25337983273823406
4164,70.0,7416.944444444425,164.16,-5.824915611563949e-14
4165,70.0,7417.7222222222035,164.20000000000002,0.25337983273830356
4166,70.0,7418.499999999981,164.24,0.4439352778604979
4167,69.0,7419.272222222203,164.28,0.5004284583125435
4168,69.0,7420.038888888869,164.32,0.8120247505282393
4169,70.0,7420.811111111092,164.36,1.0744606216565822
4170,70.0,7421.588888888869,164.4,1.2596450258398753
4171,71.0,7422.372222222202,164.44,1.7187964645124605
4172,71.0,7423.161111111091,164.48,2.0268892111446695
4173,71.0,7423.94999999998,164.52,1.829595468492703
4174,71.0,7424.738888888868,164.56,1.7626759306863187
4175,71.0,7425.5277777777565,164.6,2.1343735921527687
4176,72.0,7426.322222222201,164.64000000000001,2.2829896691355365
4177,72.0,7427.122222222201,164.68,2.521908285174317
4178,72.0,7427.9222222222015,164.72,2.5684278219805963
4179,73.0,7428.727777777757,164.76,2.77898343109565
4180,74.0,7429.544444444425,164.8,1.4603596432667263
4181,74.0,7430.366666666647,164.84,0.12659675133499007
4182,74.0,7431.188888888869,164.88,1.3988317490266022
4183,74.0,7432.011111111092,164.92000000000002,2.2895037072353683
4184,75.0,7432.838888888869,164.96,2.8288910084860306
4185,71.0,7433.6499999999805,165.0,3.4514448222047593
4186,71.0,7434.438888888869,165.04,4.198591380810915
4187,78.0,7435.266666666647,165.08,5.407627488559852
4188,78.0,7436.133333333314,165.12,5.784918636001241
4189,78.0,7436.999999999981,165.16,5.76653038513285
4190,79.0,7437.872222222203,165.20000000000002,6.454099656443303
4191,79.0,7438.749999999981,165.24,5.145368501590646
4192,80.0,7439.633333333314,165.28,3.232310317729083
4193,80.0,7440.522222222203,165.32,3.2096030707377996
4194,80.0,7441.411111111092,165.36,3.2530248638609787
4195,82.0,7442.311111111092,165.4,3.7023926734343484
4196,82.0,7443.222222222203,165.44,3.9941956589918783
4197,82.0,7444.133333333313,165.48,3.902508556518515
4198,82.0,7445.044444444425,165.52,4.438034021178459
4199,83.0,7445.961111111091,165.56,4.581412696787549
4200,85.0,7446.894444444424,165.6,4.979929411421475
4201,85.0,7447.838888888869,165.64000000000001,5.754311716996131
4202,85.0,7448.783333333314,165.68,6.317435786417558
4203,87.0,7449.738888888869,165.72,6.452762486534717
4204,87.0,7450.705555555535,165.76,5.881430842655322
4205,89.0,7451.683333333313,165.8,5.899535641199687
4206,90.0,7452.677777777758,165.84,6.605702313653712
4207,91.0,7453.683333333313,165.88,6.990524232263317
4208,91.0,7454.694444444425,165.92000000000002,6.602989816873431
4209,91.0,7455.705555555536,165.96,6.593015786906129
4210,93.0,7456.727777777758,166.0,6.7396881709189405
4211,95.0,7457.772222222202,166.04,6.871773172533751
4212,96.0,7458.833333333314,166.08,6.993100318959371
4213,96.0,7459.8999999999805,166.12,7.100650687086335
4214,97.0,7460.972222222203,166.16,6.655744559429582
4215,99.0,7462.061111111092,166.20000000000002,5.97405792363454
4216,99.0,7463.1611111110915,166.24,5.550746772143436
4217,100.0,7464.266666666646,166.28,5.3072173179359785
4218,101.0,7465.383333333313,166.32,4.936186641763987
4219,101.0,7466.505555555536,166.36,4.4030027320007585
4220,102.0,7467.633333333314,166.4,3.7910250973312762
4221,103.0,7468.772222222203,166.44,3.488985760289332
4222,103.0,7469.916666666647,166.48,2.84206166208473
4223,103.0,7471.061111111092,166.52,2.5812574757787408
4224,104.0,7472.211111111092,166.56,2.4073637069978107
4225,104.0,7473.366666666647,166.6,1.958927676487783
4226,104.0,7474.522222222203,166.64000000000001,1.955164270388627
4227,104.0,7475.677777777758,166.68,2.3905884053592468
4228,105.0,7476.8388888888685,166.72,2.595287723923037
4229,105.0,7478.005555555535,166.76,2.5229927557055665
4230,105.0,7479.1722222222015,166.8,2.889927966612718
4231,106.0,7480.344444444423,166.84,3.3472621216000986
4232,107.0,7481.5277777777565,166.88,3.8077570957321885
4233,107.0,7482.716666666646,166.92000000000002,4.168535343209629
4234,107.0,7483.905555555535,166.96,4.455123439274884
4235,108.0,7485.099999999979,167.0,4.7197722172952465
4236,109.0,7486.305555555535,167.04,4.543560605730768
4237,110.0,7487.522222222202,167.08,4.620035747586707
4238,111.0,7488.749999999979,167.12,4.948160298245971
4239,111.0,7489.983333333312,167.16,4.788223915526731
4240,112.0,7491.222222222202,167.20000000000002,4.86988864705116
4241,112.0,7492.466666666646,167.24,5.032167918012722
4242,113.0,7493.716666666646,167.28,5.0443953941251785
4243,114.0,7494.977777777757,167.32,4.92693615413688
4244,114.0,7496.2444444444245,167.36,5.018039042957097
4245,116.0,7497.522222222202,167.4,5.07394146695504
4246,117.0,7498.816666666646,167.44,5.275155570579499
4247,117.0,7500.116666666646,167.48,4.9261972112133785
4248,117.0,7501.416666666647,167.52,4.7724601474591335
4249,118.0,7502.722222222203,167.56,4.8492358247717595
4250,119.0,7504.038888888869,167.6,5.05864484251991
4251,120.0,7505.366666666648,167.64000000000001,5.384857284688829
4252,120.0,7506.699999999981,167.68,5.848027039699822
4253,121.0,7508.038888888869,167.72,5.84995683523732
4254,122.0,7509.388888888869,167.76,5.668599344858628
4255,124.0,7510.755555555536,167.8,5.980260651572807
4256,124.0,7512.133333333314,167.84,5.937270661830711
4257,125.0,7513.516666666647,167.88,5.74989102320196
4258,125.0,7514.905555555537,167.92000000000002,5.0216578458532695
4259,126.0,7516.299999999981,167.96,4.532117866911411
4260,128.0,7517.711111111092,168.0,4.5862672956502575
4261,128.0,7519.133333333313,168.04,4.7511426087377675
4262,128.0,7520.555555555537,168.08,4.790247288627287
4263,128.0,7521.977777777758,168.12,4.700218770654707
4264,129.0,7523.405555555536,168.16,4.210300140904265
4265,131.0,7524.849999999981,168.20000000000002,4.322701767824151
4266,131.0,7526.305555555537,168.24,4.614417750190008
4267,132.0,7527.766666666647,168.28,4.877316705722811
4268,132.0,7529.233333333314,168.32,4.661228746436754
4269,132.0,7530.699999999981,168.36,4.327569445845289
4270,134.0,7532.177777777758,168.4,4.249509088507894
4271,134.0,7533.666666666646,168.44,4.670857121744337
4272,135.0,7535.161111111091,168.48,4.680928733932246
4273,135.0,7536.6611111110915,168.52,5.223074591075703
4274,136.0,7538.166666666647,168.56,5.294225260750327
4275,137.0,7539.683333333313,168.6,5.497527566604378
4276,138.0,7541.211111111092,168.64000000000001,6.135782479210415
4277,138.0,7542.7444444444245,168.68,6.156317577183156
4278,140.0,7544.288888888868,168.72,6.072704329317946
4279,140.0,7545.844444444424,168.76,5.720364361260035
4280,142.0,7547.4111111110915,168.8,5.57875716048934
4281,143.0,7548.9944444444245,168.84,5.524062825700513
4282,143.0,7550.583333333313,168.88,5.557389853151433
4283,143.0,7552.172222222202,168.92000000000002,5.343131526927332
4284,144.0,7553.766666666646,168.96,5.287395575215662
4285,145.0,7555.372222222201,169.0,5.364158789078467
4286,146.0,7556.988888888868,169.04,5.8770117619496
4287,147.0,7558.616666666647,169.08,6.19251656611199
4288,148.0,7560.2555555555355,169.12,6.001827077303807
4289,148.0,7561.89999999998,169.16,5.5905186685342985
4290,150.0,7563.555555555536,169.20000000000002,5.383824227935993
4291,151.0,7565.227777777757,169.24,5.26724667154523
4292,151.0,7566.905555555534,169.28,5.2431427953938075
4293,151.0,7568.583333333311,169.32,5.028490517115625
4294,152.0,7570.2666666666455,169.36,5.037638297930841
4295,153.0,7571.96111111109,169.4,4.861182764081977
4296,154.0,7573.666666666645,169.44,5.186304485379174
4297,155.0,7575.383333333311,169.48,5.380083103236436
4298,155.0,7577.105555555535,169.52,5.414422112071456
4299,156.0,7578.833333333312,169.56,5.297854039708389
4300,157.0,7580.5722222222,169.6,5.625264828155465
4301,158.0,7582.322222222201,169.64000000000001,6.013401794803902
4302,158.0,7584.077777777757,169.68,6.1040266780361545
4303,159.0,7585.838888888868,169.72,6.040176543362936
4304,160.0,7587.6111111110895,169.76,5.792582763053905
4305,162.0,7589.39999999998,169.8,6.026549280926718
4306,163.0,7591.205555555534,169.84,6.285750151265811
4307,163.0,7593.0166666666455,169.88,6.247913412189413
4308,163.0,7594.827777777758,169.92000000000002,5.964238694129313
4309,164.0,7596.644444444424,169.96,5.783428439411283
4310,166.0,7598.477777777757,170.0,5.700874117946822
4311,167.0,7600.327777777757,170.04,6.022372482749506
4312,167.0,7602.183333333313,170.08,6.428513747204354
4313,168.0,7604.044444444424,170.12,6.301867005639086
4314,169.0,7605.916666666646,170.16,5.612075904876614
4315,170.0,7607.79999999998,170.20000000000002,5.370240229029809
4316,171.0,7609.694444444424,170.24,5.567754702178551
4317,172.0,7611.599999999979,170.28,5.571824037529117
4318,172.0,7613.51111111109,170.32,5.041796877974502
4319,172.0,7615.422222222202,170.36,4.708074759851566
4320,174.0,7617.344444444424,170.4,4.61931477229192
4321,175.0,7619.283333333313,170.44,4.693037204577257
4322,175.0,7621.227777777757,170.48,4.611085807367001
4323,175.0,7623.172222222202,170.52,4.780954959074402
4324,176.0,7625.122222222202,170.56,4.8532076400569455
4325,177.0,7627.083333333313,170.6,4.7388436507690015
4326,178.0,7629.055555555537,170.64000000000001,5.1268064205018975
4327,178.0,7631.033333333314,170.68,5.670002482012624
4328,179.0,7633.016666666646,170.72,5.735675126237136
4329,180.0,7635.01111111109,170.76,5.298534509203023
4330,181.0,7637.016666666646,170.8,5.370005277636396
4331,182.0,7639.033333333313,170.84,5.249414519929644
4332,183.0,7641.06111111109,170.88,5.318713931013898
4333,183.0,7643.094444444425,170.92000000000002,4.855910877543572
4334,183.0,7645.127777777758,170.96,4.587734381172182
4335,185.0,7647.1722222222015,171.0,4.559687920145913
4336,185.0,7649.227777777756,171.04,4.671139321347363
4337,186.0,7651.288888888868,171.08,4.995773397578724
4338,186.0,7653.355555555535,171.12,5.162474503214206
4339,187.0,7655.427777777757,171.16,4.9154905254615375
4340,188.0,7657.511111111092,171.20000000000002,4.863084944408619
4341,189.0,7659.605555555536,171.24,4.995156544259941
4342,190.0,7661.711111111091,171.28,4.685041456839584
4343,190.0,7663.822222222201,171.32,4.288318921641687
4344,190.0,7665.933333333313,171.36,3.2056862133051567
4345,192.0,7668.055555555535,171.4,1.9009380678163939
4346,192.0,7670.188888888868,171.44,0.44298471840795306
4347,192.0,7672.322222222201,171.48,-0.6962510268834886
4348,192.0,7674.455555555535,171.52,-1.4574551979086103
4349,191.0,7676.583333333313,171.56,-2.148072750328311
4350,190.0,7678.699999999979,171.6,-3.4031777216217067
4351,189.0,7680.805555555536,171.64000000000001,-3.7098761560850857
4352,189.0,7682.905555555535,171.68,-4.0364542592800134
4353,189.0,7685.005555555535,171.72,-3.98622025634756
4354,189.0,7687.105555555534,171.76,-3.5534168954837013
4355,187.0,7689.194444444424,171.8,-3.7122338504881363
4356,187.0,7691.272222222202,171.84,-4.163745538343831
4357,186.0,7693.344444444424,171.88,-4.53514615105152
4358,186.0,7695.4111111110915,171.92000000000002,-4.553796752818431
4359,186.0,7697.477777777758,171.96,-4.506665400321573
4360,184.0,7699.533333333313,172.0,-3.968359202294895
4361,183.0,7701.572222222201,172.04,-4.085788311322188
4362,183.0,7703.605555555536,172.08,-3.8469223053110633
4363,183.0,7705.638888888869,172.12,-3.606848540919838
4364,182.0,7707.666666666646,172.16,-3.0290586931057435
4365,182.0,7709.688888888869,172.20000000000002,-2.1490256197240245
4366,181.0,7711.705555555535,172.24,-1.699840728871294
4367,181.0,7713.716666666646,172.28,-1.450193739905697
4368,181.0,7715.727777777757,172.32,-1.0729606689844944
4369,181.0,7717.738888888869,172.36,-0.5682099919572413
4370,181.0,7719.74999999998,172.4,-0.3157357967071541
4371,181.0,7721.761111111091,172.44,0.31573579670728436
4372,181.0,7723.772222222202,172.48,0.5682099919572747
4373,181.0,7725.783333333314,172.52,0.7571945715589653
4374,181.0,7727.794444444425,172.56,0.8826843071821298
4375,181.0,7729.805555555536,172.6,0.9448324904961717
4376,182.0,7731.822222222203,172.64000000000001,0.6325758714745053
4377,182.0,7733.844444444425,172.68,0.3160506608976187
4378,182.0,7735.866666666647,172.72,-6.869738095435739e-14
4379,182.0,7737.888888888869,172.76,-0.6319425834610259
4380,182.0,7739.9111111110915,172.8,-1.5177205610102074
4381,181.0,7741.927777777758,172.84,-2.5830396364315544
4382,181.0,7743.938888888869,172.88,-3.7244896928835347
4383,181.0,7745.949999999981,172.92000000000002,-4.497779832815133
4384,180.0,7747.955555555536,172.96,-4.872498943891485
4385,179.0,7749.94999999998,173.0,-5.498049799932344
4386,178.0,7751.9333333333125,173.04,-6.2487100577843
4387,176.0,7753.8999999999805,173.08,-7.029589698366319
4388,176.0,7755.855555555536,173.12,-7.579126199607402
4389,176.0,7757.811111111091,173.16,-7.438436904689039
4390,174.0,7759.755555555536,173.20000000000002,-7.525006870268521
4391,172.0,7761.677777777758,173.24,-7.548004437483803
4392,171.0,7763.583333333313,173.28,-7.5518183843266335
4393,170.0,7765.477777777757,173.32,-7.876835396798628
4394,170.0,7767.366666666647,173.36,-7.552834388664453
4395,168.0,7769.2444444444245,173.4,-7.063340596750057
4396,167.0,7771.105555555535,173.44,-6.870741431637225
4397,166.0,7772.955555555534,173.48,-6.683402329257263
4398,165.0,7774.794444444424,173.52,-6.557273089177788
4399,165.0,7776.627777777757,173.56,-6.532726029631097
4400,163.0,7778.449999999979,173.6,-6.4211119252755635
4401,162.0,7780.2555555555355,173.64000000000001,-6.355539983109527
4402,162.0,7782.055555555535,173.68,-6.391993955086859
4403,161.0,7783.8499999999785,173.72,-6.138249889095839
4404,160.0,7785.633333333311,173.76,-5.694432205818693
4405,158.0,7787.399999999979,173.8,-5.333674078457186
4406,158.0,7789.155555555534,173.84,-5.4849102334587405
4407,157.0,7790.905555555534,173.88,-5.72975995067331
4408,157.0,7792.64999999998,173.92000000000002,-5.442286213624818
4409,157.0,7794.394444444424,173.96,-4.96021522834657
4410,155.0,7796.127777777757,174.0,-4.602175243452538
4411,154.0,7797.844444444423,174.04,-4.845737278476616
4412,153.0,7799.549999999979,174.08,-4.648874403448222
4413,153.0,7801.249999999979,174.12,-4.419561692055895
4414,153.0,7802.949999999979,174.16,-4.119831143203549
4415,152.0,7804.644444444424,174.20000000000002,-3.6615409814559277
4416,151.0,7806.327777777758,174.24,-3.773703885702385
4417,151.0,7808.005555555535,174.28,-4.165032981149199
4418,151.0,7809.683333333312,174.32,-4.501397442439111
4419,150.0,7811.355555555535,174.36,-4.430294489372886
4420,149.0,7813.0166666666455,174.4,-4.606987893864364
4421,148.0,7814.666666666645,174.44,-5.28717035895844
4422,147.0,7816.305555555534,174.48,-5.785544251440748
4423,147.0,7817.938888888868,174.52,-6.765838964128023
4424,147.0,7819.572222222201,174.56,-7.065900151260645
4425,145.0,7821.194444444423,174.6,-7.587215439607498
4426,143.0,7822.794444444424,174.64000000000001,-8.045868362199629
4427,143.0,7824.383333333312,174.68,-8.563234600163712
4428,140.0,7825.955555555534,174.72,-8.53344339649091
4429,140.0,7827.51111111109,174.76,-8.298606622235306
4430,138.0,7829.055555555536,174.8,-7.80159923900062
4431,137.0,7830.583333333313,174.84,-7.551830654672399
4432,136.0,7832.099999999979,174.88,-7.556739830771189
4433,136.0,7833.611111111091,174.92000000000002,-6.850419980520915
4434,135.0,7835.116666666647,174.96,-6.789549359916681
4435,133.0,7836.605555555535,175.0,-6.980572539885189
4436,132.0,7838.077777777757,175.04,-7.483324543023947
4437,131.0,7839.538888888868,175.08,-7.931351107161806
4438,131.0,7840.994444444424,175.12,-8.38902656392287
4439,130.0,7842.444444444423,175.16,-8.023910329994171
4440,127.0,7843.872222222202,175.20000000000002,-7.780169122584865
4441,126.0,7845.277777777757,175.24,-7.916616225027526
4442,125.0,7846.6722222222015,175.28,-8.304114883891344
4443,124.0,7848.055555555535,175.32,-8.260956903900054
4444,124.0,7849.433333333313,175.36,-7.827671623338654
4445,122.0,7850.79999999998,175.4,-7.443913530326317
4446,121.0,7852.14999999998,175.44,-7.3890471398642585
4447,119.0,7853.483333333313,175.48,-6.961256417597651
4448,119.0,7854.805555555536,175.52,-7.334467238430686
4449,118.0,7856.122222222202,175.56,-7.27758465867362
4450,116.0,7857.422222222202,175.6,-6.772695185248337
4451,116.0,7858.711111111092,175.64000000000001,-6.7015370500556095
4452,116.0,7859.99999999998,175.68,-6.310992690089381
4453,113.0,7861.272222222202,175.72,-5.8900121897345805
4454,113.0,7862.527777777757,175.76,-5.427855617580785
4455,112.0,7863.777777777758,175.8,-5.035351778512568
4456,111.0,7865.016666666647,175.84,-4.837381070118639
4457,111.0,7866.24999999998,175.88,-4.234772868272974
4458,111.0,7867.483333333314,175.92000000000002,-3.1725538907057405
4459,110.0,7868.711111111091,175.96,-2.7790701505802704
4460,109.0,7869.927777777757,176.0,-2.447574421684264
4461,109.0,7871.138888888868,176.04,-2.5163902736460813
4462,109.0,7872.349999999979,176.08,-2.651464154761116
4463,109.0,7873.56111111109,176.12,-2.534081011256106
4464,109.0,7874.772222222201,176.16,-2.16011495916306
4465,108.0,7875.977777777757,176.20000000000002,-1.8939014848842595
4466,107.0,7877.1722222222015,176.24,-1.819796199408829
4467,107.0,7878.36111111109,176.28,-1.9502482257451537
4468,107.0,7879.549999999979,176.32,-1.8923114877673872
4469,107.0,7880.738888888869,176.36,-1.6436373300058091
4470,107.0,7881.927777777758,176.4,-1.2026565621869507
4471,107.0,7883.116666666647,176.44,-0.9505991069679223
4472,106.0,7884.29999999998,176.48,-0.943324071997844
4473,106.0,7885.477777777759,176.52,-0.8818678821118824
4474,106.0,7886.655555555537,176.56,-1.0718499795265906
4475,106.0,7887.833333333315,176.6,-0.8210571019584625
4476,106.0,7889.011111111094,176.64000000000001,-0.8214809642058496
4477,106.0,7890.188888888872,176.68,-0.6953373198778782
4478,106.0,7891.3666666666495,176.72,-0.8227506304124985
4479,105.0,7892.538888888871,176.76,-0.8789644900012116
4480,106.0,7893.7111111110935,176.8,-0.8887129470192555
4481,105.0,7894.883333333315,176.84,-0.5040012547895254
4482,105.0,7896.049999999981,176.88,-0.12610927237984929
4483,105.0,7897.216666666648,176.92000000000002,0.25217493114112227
4484,105.0,7898.383333333314,176.96,0.6296751440794328
4485,105.0,7899.54999999998,177.0,0.9441012221367003
4486,106.0,7900.722222222202,177.04,1.5211376537156132
4487,106.0,7901.8999999999805,177.08,1.6436508249513229
4488,106.0,7903.0777777777585,177.12,1.6391462126410188
4489,106.0,7904.255555555536,177.16,1.5091828945170478
4490,107.0,7905.438888888871,177.20000000000002,1.90200259956523
4491,107.0,7906.62777777776,177.24,2.0249905336085554
4492,107.0,7907.816666666648,177.28,2.587224643693646
4493,107.0,7909.005555555537,177.32,2.8911740890840387
4494,107.0,7910.194444444427,177.36,2.940824241168322
4495,109.0,7911.394444444427,177.4,3.1112039463753622
4496,109.0,7912.605555555538,177.44,3.6022151030015217
4497,110.0,7913.822222222204,177.48,3.805301381306169
4498,110.0,7915.0444444444265,177.52,3.974786076560347
4499,110.0,7916.266666666648,177.56,3.7659289984314013
4500,111.0,7917.494444444425,177.6,3.2166685331293823
4501,112.0,7918.733333333315,177.64000000000001,3.3580941851151644
4502,112.0,7919.97777777776,177.68,3.154401378233539
4503,113.0,7921.22777777776,177.72,3.0409705396348783
4504,113.0,7922.483333333315,177.76,2.650172974014721
4505,113.0,7923.738888888872,177.8,2.3292640203612516
4506,114.0,7924.999999999983,177.84,2.408558676214405
4507,114.0,7926.266666666649,177.88,2.527627908729062
4508,114.0,7927.5333333333165,177.92000000000002,2.393977444409513
4509,114.0,7928.799999999983,177.96,2.7001556423338973
4510,115.0,7930.072222222205,178.0,3.0935899151517923
4511,116.0,7931.355555555538,178.04,3.490413177482592
4512,116.0,7932.644444444427,178.08,3.8511277087041584
4513,116.0,7933.933333333315,178.12,4.207478914641713
4514,117.0,7935.227777777759,178.16,4.219401391846867
4515,118.0,7936.533333333316,178.20000000000002,4.171577017801752
4516,119.0,7937.849999999982,178.24,4.057538519287963
4517,119.0,7939.172222222204,178.28,4.224738715875354
4518,120.0,7940.499999999982,178.32,4.04758571852057
4519,120.0,7941.833333333316,178.36,3.4629193946665406
4520,121.0,7943.172222222204,178.4,3.226635771976709
4521,121.0,7944.516666666648,178.44,2.9628669423672385
4522,122.0,7945.866666666648,178.48,2.786020872935439
4523,122.0,7947.2222222222035,178.52,2.6522574237548655
4524,122.0,7948.5777777777585,178.56,2.5808410919035194
4525,123.0,7949.938888888869,178.6,2.9134604818379963
4526,123.0,7951.305555555537,178.64000000000001,3.2189007835882895
4527,123.0,7952.672222222203,178.68,3.522208990382732
4528,124.0,7954.044444444426,178.72,3.8488638594821953
4529,124.0,7955.422222222203,178.76,4.143975472821154
4530,126.0,7956.811111111093,178.8,4.125642568444146
4531,126.0,7958.211111111093,178.84,4.039036024101909
4532,127.0,7959.616666666648,178.88,3.988243204736931
4533,127.0,7961.027777777759,178.92000000000002,3.5301886162681164
4534,128.0,7962.444444444425,178.96,3.1010721528734555
4535,128.0,7963.866666666647,179.0,2.6522247789796807
4536,128.0,7965.288888888868,179.04,2.581195567424617
4537,129.0,7966.716666666647,179.08,2.2781555046591047
4538,129.0,7968.1499999999805,179.12,2.0825750893769817
4539,129.0,7969.583333333314,179.16,2.015919453424747
4540,130.0,7971.022222222204,179.20000000000002,2.4073806330653347
4541,130.0,7972.466666666648,179.24,2.527340000072202
4542,130.0,7973.911111111092,179.28,2.71061663413624
4543,130.0,7975.355555555537,179.32,2.952445502615376
4544,131.0,7976.8055555555375,179.36,2.964012722423842
4545,132.0,7978.266666666648,179.4,3.0406936171865175
4546,132.0,7979.7333333333145,179.44,3.1547440097083124
4547,133.0,7981.205555555536,179.48,3.039374089336719
4548,133.0,7982.683333333314,179.52,2.9669172148198975
4549,133.0,7984.1611111110915,179.56,2.5814664728634793
4550,134.0,7985.644444444424,179.6,2.9126890202022016
4551,134.0,7987.133333333314,179.64000000000001,3.218972326921265
4552,134.0,7988.622222222202,179.68,3.523293911914373
4553,135.0,7990.116666666647,179.72,3.8490514165553678
4554,135.0,7991.616666666647,179.76,3.8304789632058642
4555,137.0,7993.127777777759,179.8,3.8711512027641097
4556,137.0,7994.6499999999805,179.84,4.169828646000126
4557,138.0,7996.177777777758,179.88,4.117227836066447
4558,138.0,7997.711111111092,179.92000000000002,3.9753206258952076
4559,138.0,7999.2444444444245,179.96,3.7703882194024003
4560,139.0,8000.783333333313,180.0,3.2172990925612304
4561,140.0,8002.333333333312,180.04,3.355681333693488
4562,140.0,8003.888888888869,180.08,3.154852543432756
4563,141.0,8005.44999999998,180.12,3.3564920948733534
4564,141.0,8007.016666666646,180.16,3.2185997365218926
4565,141.0,8008.583333333314,180.20000000000002,3.084432210099676
4566,142.0,8010.155555555536,180.24,3.287812264611764
4567,142.0,8011.733333333314,180.28,3.4648165455047635
4568,143.0,8013.316666666647,180.32,3.3499151347238403
4569,143.0,8014.905555555536,180.36,3.5890302659111164
4570,144.0,8016.49999999998,180.4,4.170756127279772
4571,145.0,8018.105555555535,180.44,4.309532399326955
4572,145.0,8019.716666666645,180.48,4.351804586056395
4573,145.0,8021.327777777758,180.52,4.33334180342912
4574,146.0,8022.944444444424,180.56,4.595524418985167
4575,148.0,8024.577777777758,180.6,4.7659686691004355
4576,148.0,8026.222222222203,180.64000000000001,4.742496577710707
4577,148.0,8027.866666666647,180.68,4.9697468577463315
4578,149.0,8029.516666666646,180.72,4.788432895967044
4579,150.0,8031.177777777757,180.76,4.168036610292195
4580,151.0,8032.84999999998,180.8,3.483655621198965
4581,151.0,8034.527777777757,180.84,2.8382769979646825
4582,152.0,8036.211111111091,180.88,2.025985561827789
4583,152.0,8037.8999999999805,180.92000000000002,1.0119086426793782
4584,152.0,8039.588888888869,180.96,-0.12645857880906997
4585,152.0,8041.277777777758,181.0,-1.897089921202462
4586,151.0,8042.961111111092,181.04,-3.3991583168686335
4587,151.0,8044.6388888888705,181.08,-4.931097649684206
4588,151.0,8046.3166666666475,181.12,-5.723421640596965
4589,150.0,8047.988888888869,181.16,-6.675474703745899
4590,147.0,8049.63888888887,181.20000000000002,-7.903691967075262
4591,146.0,8051.266666666647,181.24,-8.79537435805249
4592,145.0,8052.883333333314,181.28,-9.891787299476595
4593,145.0,8054.4944444444245,181.32,-11.138436041780556
4594,143.0,8056.094444444425,181.36,-11.175079272655225
4595,140.0,8057.666666666647,181.4,-11.682702607581886
4596,139.0,8059.216666666646,181.44,-12.887515568030532
4597,137.0,8060.749999999979,181.48,-13.214470453278206
4598,134.0,8062.2555555555355,181.52,-13.005509520947275
4599,134.0,8063.744444444424,181.56,-12.23626752356408
4600,130.0,8065.21111111109,181.6,-11.579088439375512
4601,128.0,8066.644444444424,181.64000000000001,-11.300554367379496
4602,128.0,8068.066666666646,181.68,-10.430960955051475
4603,127.0,8069.483333333312,181.72,-9.135949814629509
4604,126.0,8070.888888888867,181.76,-8.333028453057372
4605,123.0,8072.272222222201,181.8,-7.191543512270626
4606,122.0,8073.633333333311,181.84,-6.754861322166748
4607,122.0,8074.988888888866,181.88,-6.749736929076883
4608,122.0,8076.344444444422,181.92000000000002,-6.102780542296666
4609,121.0,8077.694444444422,181.96,-5.1406803918307
4610,119.0,8079.027777777755,182.0,-3.9513775155480517
4611,119.0,8080.349999999977,182.04,-3.781330809060195
4612,118.0,8081.666666666644,182.08,-3.892985687706586
4613,118.0,8082.977777777755,182.12,-3.658684228019868
4614,118.0,8084.2888888888665,182.16,-3.3538869451497937
4615,118.0,8085.5999999999785,182.20000000000002,-2.667064025515187
4616,117.0,8086.905555555534,182.24,-2.716898341679753
4617,116.0,8088.199999999978,182.28,-2.514154375354962
4618,116.0,8089.488888888866,182.32,-2.460714371486739
4619,115.0,8090.7722222222,182.36,-2.19687918748719
4620,116.0,8092.055555555533,182.4,-2.410298324929433
4621,115.0,8093.338888888866,182.44,-2.2680394897783147
4622,115.0,8094.616666666643,182.48,-2.210432679319943
4623,115.0,8095.894444444421,182.52,-2.2809751094945465
4624,115.0,8097.172222222199,182.56,-1.8440353776922767
4625,113.0,8098.438888888865,182.6,-1.9431220784141034
4626,113.0,8099.694444444422,182.64000000000001,-1.570303796960205
4627,113.0,8100.949999999977,182.68,-1.6989273105586753
4628,113.0,8102.205555555533,182.72,-1.6390317545992263
4629,114.0,8103.4666666666435,182.76,-1.4011739555950937
4630,113.0,8104.727777777755,182.8,-0.9474971053865863
4631,113.0,8105.983333333311,182.84,-1.3915622154463305
4632,112.0,8107.233333333311,182.88,-1.6966741336845266
4633,112.0,8108.477777777756,182.92000000000002,-1.8908437859751825
4634,112.0,8109.722222222201,182.96,-2.275652580580991
4635,112.0,8110.966666666645,183.0,-1.7748592239518448
4636,111.0,8112.205555555534,183.04,-1.7627502359452756
4637,111.0,8113.438888888868,183.08,-1.5768469215226713
4638,111.0,8114.672222222201,183.12,-1.5807280637634997
4639,110.0,8115.899999999978,183.16,-1.4444884324486758
4640,111.0,8117.127777777756,183.20000000000002,-1.206305817580948
4641,110.0,8118.355555555533,183.24,-0.8187422876402524
4642,110.0,8119.577777777755,183.28,-0.6935831184852252
4643,110.0,8120.7999999999765,183.32,-0.819960644692282
4644,110.0,8122.022222222199,183.36,-0.8203661697546354
4645,110.0,8123.244444444421,183.4,-1.074561189198794
4646,110.0,8124.466666666643,183.44,-0.8857377981250449
4647,110.0,8125.688888888864,183.48,-0.9504998876466443
4648,109.0,8126.9055555555315,183.52,-0.9434241676355195
4649,109.0,8128.116666666642,183.56,-0.5671855670954761
4650,109.0,8129.327777777753,183.6,0.12621951334388365
4651,109.0,8130.538888888865,183.64000000000001,0.7570615190496978
4652,109.0,8131.749999999975,183.68,1.3223177694634698
4653,109.0,8132.961111111086,183.72,1.8199976697091322
4654,110.0,8134.177777777752,183.76,2.2104619303954074
4655,111.0,8135.405555555531,183.8,2.731804361199639
4656,111.0,8136.638888888863,183.84,3.291349085862921
4657,111.0,8137.872222222196,183.88,3.5277081335009797
4658,111.0,8139.1055555555295,183.92000000000002,3.4475179143668395
4659,112.0,8140.3444444444185,183.96,3.0855459745609863
4660,113.0,8141.5944444444185,184.0,3.1010448118364335
4661,114.0,8142.8555555555295,184.04,3.496342874128025
4662,114.0,8144.122222222197,184.08,3.542570661445951
4663,114.0,8145.388888888863,184.12,3.274373588360278
4664,114.0,8146.65555555553,184.16,3.0129269518312225
4665,115.0,8147.927777777752,184.20000000000002,2.7768279458415406
4666,116.0,8149.211111111085,184.24,2.9190545471984497
4667,116.0,8150.499999999974,184.28,3.096007594076139
4668,116.0,8151.788888888862,184.32,3.019330786914936
4669,117.0,8153.083333333307,184.36,3.034473046328042
4670,117.0,8154.383333333307,184.4,2.7097441746313735
4671,118.0,8155.6888888888625,184.44,2.7884555471321786
4672,118.0,8156.999999999974,184.48,2.9039709419377693
4673,118.0,8158.311111111086,184.52,2.767056146622367
4674,119.0,8159.627777777752,184.56,2.4022455801691525
4675,119.0,8160.949999999974,184.6,2.4585101288623026
4676,120.0,8162.277777777753,184.64000000000001,2.600355390423268
4677,120.0,8163.611111111086,184.68,2.781095131586907
4678,120.0,8164.944444444419,184.72,2.7082325642699905
4679,120.0,8166.277777777752,184.76,2.385929426681515
4680,121.0,8167.616666666641,184.8,2.8419169669071715
4681,122.0,8168.966666666641,184.84,2.9833221911891674
4682,122.0,8170.322222222196,184.88,3.47755248410208
4683,122.0,8171.6777777777515,184.92000000000002,3.9661820954384694
4684,122.0,8173.0333333333065,184.96,4.071494873912966
4685,124.0,8174.399999999973,185.0,4.183010657252952
4686,124.0,8175.777777777751,185.04,4.4777823418628735
4687,125.0,8177.161111111085,185.08,5.056043733306831
4688,126.0,8178.555555555529,185.12,5.189138481131814
4689,126.0,8179.955555555529,185.16,5.157823476844317
4690,127.0,8181.361111111085,185.20000000000002,4.9831298989430834
4691,128.0,8182.777777777751,185.24,5.3087104090044335
4692,129.0,8184.205555555529,185.28,5.446565743113449
4693,129.0,8185.638888888862,185.32,5.348802577818075
4694,130.0,8187.077777777752,185.36,5.481675232379212
4695,131.0,8188.527777777752,185.4,5.746520168020706
4696,132.0,8189.988888888863,185.44,5.753610967241636
4697,133.0,8191.461111111084,185.48,5.568056257492354
4698,133.0,8192.938888888862,185.52,5.531707613311226
4699,134.0,8194.422222222196,185.56,5.036521328510777
4700,136.0,8195.922222222196,185.6,5.087642740595636
4701,136.0,8197.433333333309,185.64000000000001,5.189676879738105
4702,136.0,8198.94444444442,185.68,5.414502032993756
4703,137.0,8200.461111111086,185.72,5.483715271567754
4704,137.0,8201.983333333308,185.76,5.013594426159981
4705,139.0,8203.516666666643,185.8,5.126377749056086
4706,140.0,8205.066666666642,185.84,5.702903169937425
4707,141.0,8206.627777777752,185.88,6.0884435187120305
4708,141.0,8208.19444444442,185.92000000000002,5.860607590413272
4709,141.0,8209.761111111085,185.96,5.762381577349525
4710,143.0,8211.338888888862,186.0,5.4987207098839805
4711,144.0,8212.933333333307,186.04,5.315446221337737
4712,145.0,8214.538888888863,186.08,5.322730959967555
4713,145.0,8216.149999999974,186.12,5.1648318352076386
4714,146.0,8217.766666666641,186.16,4.922196239661766
4715,147.0,8219.394444444419,186.20000000000002,4.812685291377814
4716,147.0,8221.027777777752,186.24,4.791266212131651
4717,148.0,8222.66666666664,186.28,4.991127793770633
4718,148.0,8224.311111111085,186.32,5.026788490551936
4719,149.0,8225.961111111086,186.36,4.657284033735142
4720,151.0,8227.627777777752,186.4,4.890032408196364
4721,151.0,8229.30555555553,186.44,5.245661205007116
4722,152.0,8230.988888888862,186.48,5.127209868966765
4723,152.0,8232.677777777752,186.52,5.1648126826764065
4724,152.0,8234.36666666664,186.56,4.702318241570084
4725,154.0,8236.066666666638,186.6,4.810271108630921
4726,155.0,8237.783333333306,186.64000000000001,5.070496332478808
4727,155.0,8239.505555555528,186.68,5.1722759332918455
4728,156.0,8241.233333333306,186.72,5.177136086172969
4729,156.0,8242.96666666664,186.76,5.026868517915467
4730,158.0,8244.711111111084,186.8,4.755192273965702
4731,158.0,8246.46666666664,186.84,4.924616286050953
4732,159.0,8248.22777777775,186.88,5.311920611832931
4733,159.0,8249.994444444419,186.92000000000002,5.160023000818483
4734,160.0,8251.766666666641,186.96,5.230460450323733
4735,161.0,8253.549999999974,187.0,5.114851833068417
4736,162.0,8255.344444444418,187.04,5.182933058918867
4737,163.0,8257.149999999974,187.08,5.127432670463974
4738,163.0,8258.961111111084,187.12,4.913097371965137
4739,164.0,8260.77777777775,187.16,4.925176169147849
4740,165.0,8262.605555555529,187.20000000000002,5.063169440123868
4741,165.0,8264.43888888886,187.24,4.978138343585531
4742,166.0,8266.27777777775,187.28,5.112588321689678
4743,166.0,8268.122222222195,187.32,5.4024290851954735
4744,168.0,8269.97777777775,187.36,5.251316869298609
4745,169.0,8271.849999999973,187.4,5.258055554821708
4746,169.0,8273.72777777775,187.44,5.105468735836525
4747,170.0,8275.611111111084,187.48,4.544821681295055
4748,171.0,8277.50555555553,187.52,4.238485272563075
4749,171.0,8279.40555555553,187.56,3.786199955344054
4750,172.0,8281.311111111085,187.6,3.9244414227218685
4751,172.0,8283.222222222197,187.64000000000001,4.290571497436444
4752,172.0,8285.133333333308,187.68,4.212990897532895
4753,173.0,8287.049999999974,187.72,4.095457061762492
4754,174.0,8288.97777777775,187.76,4.292804729507288
4755,175.0,8290.91666666664,187.8,4.428726449235042
4756,176.0,8292.86666666664,187.84,4.816751357605291
4757,176.0,8294.822222222194,187.88,5.05036397271314
4758,176.0,8296.77777777775,187.92000000000002,4.779083949096978
4759,177.0,8298.73888888886,187.96,4.409555571165165
4760,178.0,8300.711111111083,188.0,4.292810264806969
4761,179.0,8302.694444444416,188.04,4.428515748801827
4762,180.0,8304.688888888862,188.08,4.816335620076289
4763,180.0,8306.688888888862,188.12,4.733532769019627
4764,180.0,8308.688888888862,188.16,4.213318082443258
4765,181.0,8310.69444444442,188.20000000000002,4.2880994141046305
4766,182.0,8312.711111111086,188.24,4.234565404634151
4767,183.0,8314.738888888864,188.28,4.433616101962061
4768,183.0,8316.772222222196,188.32,4.541726609529644
4769,183.0,8318.805555555531,188.36,4.272453351204751
4770,185.0,8320.849999999975,188.4,3.9895456036351966
4771,185.0,8322.90555555553,188.44,3.915610670375348
4772,186.0,8324.96666666664,188.48,3.7982089198692988
4773,186.0,8327.033333333307,188.52,3.975846980186852
4774,186.0,8329.099999999973,188.56,4.090473739094328
4775,187.0,8331.172222222194,188.6,3.7859694617466855
4776,188.0,8333.255555555528,188.64000000000001,4.110407859332316
4777,188.0,8335.344444444416,188.68,4.349859138289899
4778,189.0,8337.43888888886,188.72,4.545342653392486
4779,190.0,8339.544444444417,188.76,4.679217352640864
4780,190.0,8341.655555555528,188.8,4.664018619895277
4781,191.0,8343.772222222195,188.84,4.862144135990233
4782,192.0,8345.899999999972,188.88,4.931116271958179
4783,192.0,8348.033333333307,188.92000000000002,4.850645796025382
4784,193.0,8350.172222222196,188.96,4.668075261979182
4785,194.0,8352.322222222196,189.0,4.738061941475723
4786,195.0,8354.483333333306,189.04,4.683838542484781
4787,195.0,8356.649999999974,189.08,4.478259092315458
4788,196.0,8358.822222222196,189.12,4.232268446205649
4789,196.0,8360.999999999973,189.16,3.905745888497835
4790,197.0,8363.183333333307,189.20000000000002,3.8529092528660804
4791,198.0,8365.37777777775,189.24,4.052620530116706
4792,198.0,8367.57777777775,189.28,4.165830009201263
4793,198.0,8369.777777777748,189.32,3.9011771257516035
4794,199.0,8371.983333333304,189.36,3.9723068250581868
4795,200.0,8374.19999999997,189.4,3.6652240952578845
4796,201.0,8376.427777777748,189.44,3.356691224248001
4797,201.0,8378.661111111081,189.48,3.0946580028971886
4798,201.0,8380.894444444415,189.52,2.8992974324006657
4799,202.0,8383.133333333304,189.56,2.7201413592032053
4800,202.0,8385.377777777749,189.6,2.843065921728
4801,202.0,8387.622222222195,189.64000000000001,2.9638087516152805
4802,202.0,8389.86666666664,189.68,3.4601866004579263
4803,203.0,8392.11666666664,189.72,3.656646734790268
4804,204.0,8394.37777777775,189.76,3.5378169304822715
4805,205.0,8396.649999999974,189.8,3.480656467881788
4806,205.0,8398.927777777752,189.84,3.4714078708112224
4807,206.0,8401.211111111084,189.88,3.480638196880188
4808,206.0,8403.499999999975,189.92000000000002,3.09491434769302
4809,206.0,8405.788888888863,189.96,2.710919549624732
4810,206.0,8408.077777777751,190.0,2.391375743631189
4811,207.0,8410.372222222195,190.04,2.5252361602828812
4812,208.0,8412.677777777752,190.08,2.723793331308537
4813,208.0,8414.988888888862,190.12,2.9706530719330577
4814,208.0,8417.299999999972,190.16,3.2796457461828963
4815,208.0,8419.611111111084,190.20000000000002,3.271929218214192
4816,209.0,8421.92777777775,190.24,2.9652080932230644
4817,210.0,8424.255555555526,190.28,3.0368447036791935
4818,210.0,8426.588888888858,190.32,3.1554398668669177
4819,211.0,8428.927777777748,190.36,3.353006468751275
4820,211.0,8431.272222222191,190.4,3.2189768916587935
4821,211.0,8433.616666666634,190.44,2.771787000106852
4822,212.0,8435.966666666634,190.48,2.4008280400579025
4823,212.0,8438.322222222192,190.52,2.776094643323089
4824,213.0,8440.683333333303,190.56,2.8478173751717524
4825,213.0,8443.04999999997,190.6,3.284201645625934
4826,213.0,8445.416666666639,190.64000000000001,3.4023764833947774
4827,213.0,8447.783333333306,190.68,3.205841672992861
4828,215.0,8450.161111111083,190.72,3.101136733900382
4829,215.0,8452.549999999972,190.76,2.7154237159362227
4830,216.0,8454.944444444418,190.8,2.785963852530788
4831,216.0,8457.344444444418,190.84,2.9076955556956725
4832,216.0,8459.744444444417,190.88,2.713606998872035
4833,216.0,8462.144444444419,190.92000000000002,2.206150667405436
4834,216.0,8464.544444444418,190.96,2.139610330789272
4835,217.0,8466.949999999973,191.0,2.210046699854384
4836,218.0,8469.36666666664,191.04,2.406200251643948
4837,218.0,8471.788888888863,191.08,2.401580310520603
4838,218.0,8474.211111111084,191.12,2.208020633784444
4839,218.0,8476.633333333306,191.16,2.142348560747026
4840,219.0,8479.061111111085,191.20000000000002,1.8339247568993982
4841,219.0,8481.494444444417,191.24,1.642500662163639
4842,219.0,8483.92777777775,191.28,1.6403203007093872
4843,219.0,8486.361111111082,191.32,1.5122603833489914
4844,220.0,8488.799999999972,191.36,0.9483395165657974
4845,220.0,8491.244444444415,191.4,0.3159826018175895
4846,220.0,8493.688888888859,191.44,4.77493839283187e-14
4847,220.0,8496.133333333304,191.48000000000002,-0.3159826018173572
4848,220.0,8498.577777777748,191.52,-0.6323575656497948
4849,219.0,8501.016666666636,191.56,-0.9452028843006711
4850,219.0,8503.449999999968,191.6,-0.8828845420386958
4851,219.0,8505.883333333302,191.64000000000001,-0.7572608115371419
4852,219.0,8508.316666666635,191.68,-0.5682051554803136
4853,219.0,8510.749999999967,191.72,-0.31572205456213276
4854,219.0,8513.1833333333,191.76,-0.3155910223582044
4855,219.0,8515.616666666634,191.8,-0.5681579835156552
4856,219.0,8518.049999999967,191.84,-0.757889763704779
4857,219.0,8520.483333333299,191.88,-0.8847923657394432
4858,219.0,8522.916666666633,191.92000000000002,-0.9487407522485437
4859,218.0,8525.34444444441,191.96,-0.9451947894367526
4860,218.0,8527.766666666632,192.0,-1.1979448882506833
4861,218.0,8530.188888888853,192.04,-1.3251480857079379
4862,218.0,8532.611111111077,192.08,-1.6418222818170582
4863,218.0,8535.033333333298,192.12,-1.7698865296476285
4864,218.0,8537.45555555552,192.16,-1.3923684878291223
4865,217.0,8539.872222222188,192.20000000000002,-1.8917132071132003
4866,217.0,8542.283333333298,192.24,-2.2102339308053445
4867,216.0,8544.688888888853,192.28,-2.329865358505042
4868,216.0,8547.088888888853,192.32,-2.2709960939308105
4869,217.0,8549.49444444441,192.36,-2.0312567395871834
4870,215.0,8551.89444444441,192.4,-1.8885035558551475
4871,215.0,8554.283333333298,192.44,-1.8908954649503569
4872,215.0,8556.672222222189,192.48000000000002,-1.7037479136074911
4873,215.0,8559.061111111077,192.52,-2.02173453867973
4874,215.0,8561.449999999966,192.56,-2.151370352131084
4875,214.0,8563.8333333333,192.6,-1.7020089933739504
4876,214.0,8566.211111111079,192.64000000000001,-1.7676701963122587
4877,214.0,8568.588888888857,192.68,-2.0227723656152885
4878,213.0,8570.961111111079,192.72,-2.079332234852808
4879,213.0,8573.327777777746,192.76,-1.956146009136101
4880,213.0,8575.694444444414,192.8,-1.9579836119318235
4881,213.0,8578.061111111081,192.84,-2.087334735166617
4882,212.0,8580.422222222192,192.88,-2.017598848526216
4883,212.0,8582.77777777775,192.92000000000002,-1.7676700717403095
4884,212.0,8585.133333333306,192.96,-1.7071015701796557
4885,211.0,8587.483333333306,193.0,-1.826945965826596
4886,211.0,8589.82777777775,193.04,-1.7659987917784359
4887,211.0,8592.172222222194,193.08,-1.5151483791252973
4888,211.0,8594.516666666637,193.12,-1.4537084665971975
4889,211.0,8596.86111111108,193.16,-1.5813457863625973
4890,210.0,8599.19999999997,193.20000000000002,-1.5121365700561407
4891,210.0,8601.533333333302,193.24,-1.640273258897553
4892,210.0,8603.866666666634,193.28,-1.6425470631061296
4893,210.0,8606.199999999966,193.32,-1.5181709237661563
4894,209.0,8608.527777777745,193.36,-1.5751965630046008
4895,209.0,8610.849999999966,193.4,-1.4503140538900077
4896,209.0,8613.172222222187,193.44,-1.5151483188183459
4897,209.0,8615.49444444441,193.48000000000002,-1.453724613879825
4898,209.0,8617.816666666631,193.52,-1.2653761784478434
4899,208.0,8620.133333333297,193.56,-0.9451095652878423
4900,208.0,8622.444444444407,193.6,-1.1978703953819216
4901,208.0,8624.75555555552,193.64000000000001,-1.0098349982785388
4902,208.0,8627.06666666663,193.68,-0.7579726588817379
4903,208.0,8629.37777777774,193.72,-0.44232498190319725
4904,208.0,8631.68888888885,193.76,-0.3790197421134055
4905,207.0,8633.994444444406,193.8,-0.5659199526408633
4906,208.0,8636.299999999961,193.84,-0.6953253979781561
4907,208.0,8638.611111111071,193.88,-0.7589684385300223
4908,208.0,8640.922222222183,193.92000000000002,-0.7594338936921338
4909,207.0,8643.227777777738,193.96,-0.37818964117301046
4910,207.0,8645.527777777737,194.0,9.657342762002922e-14
4911,207.0,8647.827777777737,194.04,-8.166984134827509e-15
4912,207.0,8650.127777777738,194.08,0.3153099358137778
4913,207.0,8652.427777777737,194.12,0.6302051725959118
4914,208.0,8654.733333333292,194.16,0.9488345318609116
4915,208.0,8657.044444444404,194.20000000000002,1.2011207683971779
4916,208.0,8659.355555555514,194.24,1.3263934778691853
4917,208.0,8661.666666666624,194.28,1.3251187156689654
4918,208.0,8663.977777777734,194.32,1.197870395381874
4919,208.0,8666.288888888846,194.36,1.2604204010905653
4920,209.0,8668.605555555512,194.4,1.5181853813492714
4921,209.0,8670.927777777733,194.44,1.6425524645699479
4922,209.0,8673.249999999956,194.48000000000002,1.640267781071811
4923,209.0,8675.572222222178,194.52,1.8275438804184785
4924,210.0,8677.899999999954,194.56,1.5175127793438417
4925,210.0,8680.233333333286,194.6,1.073927653588491
4926,210.0,8682.56666666662,194.64000000000001,0.8836075495119876
4927,210.0,8684.899999999952,194.68,0.9463544894047914
4928,211.0,8687.23888888884,194.72,0.8871251174018883
4929,210.0,8689.577777777728,194.76,1.009051644695417
4930,210.0,8691.911111111061,194.8,1.0080921782776513
4931,210.0,8694.244444444394,194.84,0.9442295846213066
4932,211.0,8696.583333333281,194.88,1.1378323396449561
4933,211.0,8698.927777777726,194.92000000000002,1.2001645479922458
4934,212.0,8701.277777777726,194.96,1.5210183117856517
4935,211.0,8703.627777777727,195.0,1.7015364924530862
4936,211.0,8705.97222222217,195.04,1.6997817735368916
4937,212.0,8708.32222222217,195.08,1.2004705488857739
4938,212.0,8710.677777777726,195.12,0.94676488271581
4939,212.0,8713.033333333282,195.16,0.6307711521001882
4940,213.0,8715.394444444395,195.20000000000002,0.6332038974189172
4941,213.0,8717.761111111062,195.24,-0.06329600347801458
4942,212.0,8720.122222222173,195.28,-1.071346038760478
4943,212.0,8722.477777777729,195.32,-1.9551313121829077
4944,212.0,8724.833333333287,195.36,-2.6537677387214575
4945,212.0,8727.188888888842,195.4,-3.799559104673526
4946,211.0,8729.538888888843,195.44,-4.864984992734395
4947,210.0,8731.877777777732,195.48000000000002,-5.427234456387382
4948,209.0,8734.205555555509,195.52,-6.182845594224114
4949,209.0,8736.52777777773,195.56,-7.100004525369922
4950,207.0,8738.83888888884,195.6,-8.265706654123338
4951,205.0,8741.12777777773,195.64000000000001,-9.237370886931759
4952,205.0,8743.405555555508,195.68,-10.060504936510254
4953,204.0,8745.67777777773,195.72,-10.282907059440323
4954,202.0,8747.933333333285,195.76,-10.58117449287031
4955,199.0,8750.161111111063,195.8,-10.813744995662693
4956,197.0,8752.361111111062,195.84,-11.043382559859756
4957,196.0,8754.544444444395,195.88,-11.338989636935878
4958,196.0,8756.722222222174,195.92000000000002,-10.676085709577933
4959,194.0,8758.88888888884,195.96,-9.883572856335102
4960,191.0,8761.027777777728,196.0,-9.665110921927791
4961,190.0,8763.144444444395,196.04,-10.184216093132642
4962,189.0,8765.24999999995,196.08,-10.718604208724079
4963,189.0,8767.349999999951,196.12,-10.689009701340572
4964,187.0,8769.438888888839,196.16,-9.89922702970025
4965,184.0,8771.49999999995,196.20000000000002,-10.056976560545408
4966,182.0,8773.533333333284,196.24,-10.284317744451744
4967,181.0,8775.54999999995,196.28,-10.318979857613435
4968,181.0,8777.561111111061,196.32,-9.841023106045848
4969,180.0,8779.566666666618,196.36,-8.71282889979644
4970,176.0,8781.544444444397,196.4,-8.191214673479443
4971,176.0,8783.49999999995,196.44,-8.305993646214537
4972,175.0,8785.449999999952,196.48000000000002,-8.257017187050876
4973,175.0,8787.394444444395,196.52,-8.820750501297873
4974,174.0,8789.333333333283,196.56,-8.449998087152778
4975,171.0,8791.249999999949,196.6,-8.413951674508509
4976,170.0,8793.144444444395,196.64000000000001,-9.31335491329826
4977,170.0,8795.033333333284,196.68,-9.775219036757626
4978,167.0,8796.905555555506,196.72,-9.880613128366909
4979,167.0,8798.761111111062,196.76,-9.270433462671857
4980,164.0,8800.599999999951,196.8,-9.228459303609402
4981,163.0,8802.416666666617,196.84,-9.68956209571236
4982,162.0,8804.222222222172,196.88,-10.218930468043455
4983,161.0,8806.016666666617,196.92000000000002,-9.739436806776057
4984,161.0,8807.805555555506,196.96,-9.768447398125861
4985,157.0,8809.572222222172,197.0,-9.289242458483136
4986,156.0,8811.311111111061,197.04,-9.440668280217883
4987,154.0,8813.033333333284,197.08,-9.34389024852784
4988,154.0,8814.744444444395,197.12,-8.86228487435241
4989,153.0,8816.44999999995,197.16,-8.49499172090058
4990,151.0,8818.13888888884,197.20000000000002,-8.116206346126653
4991,150.0,8819.811111111061,197.24,-8.564034845636934
4992,149.0,8821.472222222172,197.28,-9.142037016713138
4993,149.0,8823.127777777727,197.32,-9.61740234560237
4994,147.0,8824.772222222173,197.36,-9.769901512054847
4995,144.0,8826.38888888884,197.4,-10.22300242998003
4996,143.0,8827.983333333284,197.44,-10.831173505667076
4997,141.0,8829.561111111063,197.48000000000002,-10.74909646111111
4998,141.0,8831.127777777729,197.52,-10.561797604646262
4999,139.0,8832.683333333283,197.56,-9.569082315730054
5000,136.0,8834.21111111106,197.6,-8.882291113875262
5001,135.0,8835.716666666616,197.64000000000001,-9.085784573682233
5002,135.0,8837.216666666616,197.68,-9.107757513229949
5003,134.0,8838.71111111106,197.72,-8.881498754247694
5004,133.0,8840.194444444394,197.76,-7.815775433537746
5005,131.0,8841.661111111061,197.8,-7.25148810185019
5006,129.0,8843.105555555505,197.84,-7.326959428873228
5007,128.0,8844.533333333282,197.88,-7.770929971221313
5008,128.0,8845.955555555505,197.92000000000002,-7.522902563377966
5009,128.0,8847.377777777727,197.96,-7.516925926636019
5010,126.0,8848.788888888837,198.0,-7.577974670581461
5011,125.0,8850.183333333282,198.04,-7.896322581171941
5012,123.0,8851.56111111106,198.08,-8.414251903962152
5013,123.0,8852.927777777726,198.12,-8.705576131890544
5014,121.0,8854.283333333282,198.16,-8.471788740631881
5015,119.0,8855.616666666616,198.20000000000002,-8.095995161282795
5016,118.0,8856.933333333282,198.24,-7.9799810699656195
5017,117.0,8858.238888888836,198.28,-7.734395958555086
5018,117.0,8859.538888888836,198.32,-7.496084066920479
5019,116.0,8860.833333333281,198.36,-6.795097476521731
5020,114.0,8862.111111111059,198.4,-6.664399266539618
5021,113.0,8863.37222222217,198.44,-6.913351509757437
5022,112.0,8864.62222222217,198.48000000000002,-6.85518555874044
5023,112.0,8865.866666666614,198.52,-7.235782639854443
5024,111.0,8867.105555555503,198.56,-6.856450454093547
5025,109.0,8868.327777777726,198.6,-6.411681859425895
5026,108.0,8869.533333333282,198.64000000000001,-6.096659361324236
5027,108.0,8870.73333333328,198.68,-5.644075393956849
5028,106.0,8871.922222222169,198.72,-5.2699364588148
5029,106.0,8873.099999999946,198.76,-4.483149507512629
5030,105.0,8874.27222222217,198.8,-4.1449144437491485
5031,105.0,8875.438888888835,198.84,-4.353936344275731
5032,105.0,8876.605555555501,198.88,-4.443531834944517
5033,104.0,8877.766666666614,198.92000000000002,-4.04646849952403
5034,104.0,8878.922222222169,198.96,-4.326610288609487
5035,102.0,8880.066666666613,199.0,-4.4576847567510915
5036,101.0,8881.19444444439,199.04,-4.57236288166279
5037,101.0,8882.316666666613,199.08,-4.667130754367115
5038,101.0,8883.438888888835,199.12,-4.316711663624562
5039,100.0,8884.555555555502,199.16,-3.858147402923515
5040,99.0,8885.661111111058,199.20000000000002,-3.3320257428419335
5041,99.0,8886.761111111058,199.24,-3.158737499847379
5042,98.0,8887.855555555503,199.28,-3.0178588102985042
5043,98.0,8888.944444444393,199.32,-2.9673520409492484
5044,98.0,8890.033333333282,199.36,-2.5977151918067714
5045,97.0,8891.116666666616,199.4,-2.265455359208555
5046,97.0,8892.194444444394,199.44,-2.3989360620038997
5047,97.0,8893.272222222173,199.48000000000002,-2.2799385353464077
5048,96.0,8894.344444444394,199.52,-2.265379300764783
5049,96.0,8895.41111111106,199.56,-2.0842761379973775
5050,96.0,8896.477777777725,199.6,-1.7101843315863152
5051,95.0,8897.538888888837,199.64000000000001,-1.5087781783277838
5052,95.0,8898.594444444392,199.68,-1.197078971930404
5053,95.0,8899.649999999947,199.72,-0.7568483218192298
5054,95.0,8900.705555555502,199.76,-0.5682348703675141
5055,95.0,8901.761111111058,199.8,-0.3158074530126065
5056,95.0,8902.816666666613,199.84,-5.743404452217592e-15
5057,95.0,8903.872222222168,199.88,1.611348972430333e-14
5058,95.0,8904.927777777724,199.92000000000002,4.486411858771346e-15
5059,95.0,8905.983333333279,199.96,-3.0611194529819136e-15
5060,95.0,8907.038888888834,200.0,-1.4090764650402287e-14
5061,95.0,8908.094444444389,200.04,3.666831526291689e-15
5062,95.0,8909.149999999945,200.08,-0.3155053892442545
5063,95.0,8910.2055555555,200.12,-0.5681261228643764
5064,95.0,8911.261111111055,200.16,-0.44255340064164095
5065,95.0,8912.316666666611,200.20000000000002,-2.098972655984196e-14
5066,95.0,8913.372222222166,200.24,0.3800951045238082
5067,94.0,8914.422222222165,200.28,1.0027167737751463
5068,94.0,8915.466666666609,200.32,1.5011779571664496
5069,95.0,8916.51666666661,200.36,2.2063437630497478
5070,96.0,8917.57777777772,200.4,3.0451236006884876
5071,96.0,8918.644444444386,200.44,3.5938049333901563
5072,97.0,8919.716666666609,200.48000000000002,3.9204697262497024
5073,97.0,8920.794444444387,200.52,3.581142121876022
5074,98.0,8921.877777777721,200.56,3.28571577728104
5075,99.0,8922.972222222166,200.6,3.305760062846301
5076,99.0,8924.072222222167,200.64000000000001,3.6072752245297286
5077,99.0,8925.172222222167,200.68,3.5267656373046803
5078,99.0,8926.272222222167,200.72,3.444528657974957
5079,100.0,8927.377777777723,200.76,3.4008678045301934
5080,101.0,8928.49444444439,200.8,3.671963947239412
5081,102.0,8929.622222222168,200.84,4.25872368551518
5082,102.0,8930.7555555555,200.88,4.4188635452636165
5083,102.0,8931.888888888834,200.92000000000002,4.516142922640649
5084,103.0,8933.027777777723,200.96,4.217956393495384
5085,104.0,8934.177777777722,201.0,4.172203421240912
5086,105.0,8935.338888888833,201.04,4.3788590247224
5087,105.0,8936.5055555555,201.08,4.791793443779432
5088,106.0,8937.677777777722,201.12,4.803373942494326
5089,106.0,8938.8555555555,201.16,4.333076089678087
5090,107.0,8940.038888888834,201.20000000000002,4.160729887473469
5091,108.0,8941.233333333277,201.24,3.922481824697026
5092,109.0,8942.438888888833,201.28,4.000745820059052
5093,109.0,8943.649999999945,201.32,3.6645039308739635
5094,109.0,8944.861111111057,201.36,3.6474829050041926
5095,110.0,8946.077777777724,201.4,3.6040142112499107
5096,110.0,8947.299999999947,201.44,3.778961875098718
5097,111.0,8948.527777777725,201.48000000000002,3.9203378918104064
5098,111.0,8949.761111111058,201.52,4.337652340494054
5099,112.0,8950.999999999947,201.56,4.728742225129399
5100,113.0,8952.249999999947,201.6,4.995403796380668
5101,114.0,8953.511111111058,201.64000000000001,5.129969302262471
5102,114.0,8954.777777777725,201.68,4.780053815305382
5103,115.0,8956.049999999947,201.72,4.72815719144653
5104,116.0,8957.33333333328,201.76,4.23652358860426
5105,117.0,8958.627777777725,201.8,4.318216101432853
5106,117.0,8959.927777777724,201.84,4.233210980926374
5107,117.0,8961.227777777724,201.88,4.083988842458748
5108,118.0,8962.53333333328,201.92000000000002,3.5947352208265055
5109,118.0,8963.84444444439,201.96,3.3922348732587846
5110,120.0,8965.166666666611,202.0,3.5638372344605136
5111,120.0,8966.499999999945,202.04,3.9913248044115104
5112,120.0,8967.83333333328,202.08,4.034126436257969
5113,120.0,8969.166666666613,202.12,3.701324922397312
5114,121.0,8970.505555555503,202.16,3.3997692581354944
5115,122.0,8971.855555555503,202.20000000000002,3.1004905753305843
5116,123.0,8973.216666666614,202.24,3.4945759493415536
5117,123.0,8974.583333333281,202.28,3.5420502958462947
5118,123.0,8975.949999999948,202.32,3.591219803466717
5119,123.0,8977.316666666615,202.36,3.264404071081253
5120,124.0,8978.688888888837,202.4,3.280323778384246
5121,125.0,8980.07222222217,202.44,3.293732781879201
5122,125.0,8981.46111111106,202.48000000000002,3.341224311144999
5123,126.0,8982.855555555505,202.52,3.48039887740092
5124,126.0,8984.255555555505,202.56,3.2770679836875716
5125,127.0,8985.66111111106,202.6,3.1033645565677306
5126,127.0,8987.072222222172,202.64000000000001,2.9039804379242455
5127,127.0,8988.483333333283,202.68,3.0834366010197383
5128,128.0,8989.899999999949,202.72,2.9711134679205777
5129,128.0,8991.32222222217,202.76,2.8969777114107003
5130,129.0,8992.749999999949,202.8,3.228489030467351
5131,129.0,8994.183333333282,202.84,3.5307727406748355
5132,130.0,8995.62222222217,202.88,3.8603329438293024
5133,130.0,8997.066666666615,202.92000000000002,3.7808660191047823
5134,130.0,8998.511111111058,202.96,4.0149745037055515
5135,132.0,8999.966666666613,203.0,4.249806340809218
5136,132.0,9001.43333333328,203.04,4.670840618077663
5137,133.0,9002.905555555502,203.08,4.9990466386271555
5138,133.0,9004.38333333328,203.12,5.156710548529256
5139,134.0,9005.866666666614,203.16,5.228580954588941
5140,135.0,9007.361111111059,203.20000000000002,5.115033505284395
5141,136.0,9008.866666666614,203.24,5.501987381557171
5142,137.0,9010.38333333328,203.28,5.70033668005458
5143,137.0,9011.905555555502,203.32,5.662640707213421
5144,138.0,9013.433333333282,203.36,5.165556128554782
5145,139.0,9014.97222222217,203.4,5.177831250989426
5146,140.0,9016.52222222217,203.44,4.997816914823189
5147,141.0,9018.083333333281,203.48000000000002,4.689630291078073
5148,141.0,9019.649999999947,203.52,4.92022326864179
5149,141.0,9021.216666666613,203.56,4.646365844693768
5150,143.0,9022.79444444439,203.6,4.6287030163462095
5151,143.0,9024.383333333279,203.64000000000001,4.734936495353554
5152,143.0,9025.972222222168,203.68,5.0265950732648355
5153,145.0,9027.572222222168,203.72,5.257076605086984
5154,145.0,9029.18333333328,203.76,4.974946015728019
5155,146.0,9030.799999999947,203.8,4.608079397652539
5156,147.0,9032.427777777724,203.84,4.806691151654362
5157,148.0,9034.066666666613,203.88,4.562666079820196
5158,148.0,9035.711111111059,203.92000000000002,3.85066011082313
5159,148.0,9037.355555555503,203.96,3.4579085767639306
5160,149.0,9039.005555555503,204.0,3.0931924718798673
5161,150.0,9040.666666666613,204.04,3.0435385694687063
5162,150.0,9042.333333333281,204.08,2.971988355919421
5163,150.0,9043.999999999947,204.12,2.962278003047652
5164,150.0,9045.666666666613,204.16,2.7019997038094217
5165,151.0,9047.338888888837,204.20000000000002,2.841726172288736
5166,152.0,9049.02222222217,204.24,3.2981515412290534
5167,152.0,9050.711111111057,204.28,4.045615705109584
5168,152.0,9052.399999999945,204.32,4.405337179557315
5169,152.0,9054.088888888835,204.36,4.384408715067166
5170,154.0,9055.788888888834,204.4,4.043591302514434
5171,155.0,9057.5055555555,204.44,4.308435478331795
5172,156.0,9059.233333333279,204.48000000000002,4.5065873927210625
5173,156.0,9060.966666666613,204.52,4.613552217065631
5174,156.0,9062.699999999946,204.56,4.595874843337228
5175,156.0,9064.43333333328,204.6,4.393456494981526
5176,158.0,9066.177777777724,204.64000000000001,4.431779263481385
5177,158.0,9067.93333333328,204.68,4.665074831430406
5178,159.0,9069.69444444439,204.72,4.859505203231853
5179,160.0,9071.466666666613,204.76,4.675248279821222
5180,161.0,9073.249999999947,204.8,4.74944666050776
5181,161.0,9075.038888888836,204.84,4.607670846958283
5182,162.0,9076.83333333328,204.88,4.679456218224613
5183,162.0,9078.63333333328,204.92000000000002,4.282709748563389
5184,162.0,9080.43333333328,204.96,4.141907140719968
5185,164.0,9082.24444444439,205.0,4.304729185056254
5186,165.0,9084.072222222167,205.04,4.37593848642442
5187,165.0,9085.9055555555,205.08,4.359536807371738
5188,165.0,9087.738888888833,205.12,4.594031139611057
5189,166.0,9089.577777777722,205.16,4.414243909479079
5190,167.0,9091.427777777722,205.20000000000002,4.111261741669478
5191,167.0,9093.283333333278,205.24,4.032828052233826
5192,168.0,9095.14444444439,205.28,3.976952545688166
5193,169.0,9097.016666666612,205.32,3.6059717001359686
5194,169.0,9098.894444444391,205.36,3.218089073157545
5195,170.0,9100.777777777725,205.4,3.1666881126772894
5196,170.0,9102.666666666613,205.44,3.4119705582360402
5197,170.0,9104.555555555504,205.48000000000002,3.2775249320037867
5198,170.0,9106.444444444393,205.52,3.1427328850532916
5199,171.0,9108.338888888837,205.56,3.4043219865577856
5200,172.0,9110.244444444392,205.6,3.9849724612500323
5201,173.0,9112.16111111106,205.64000000000001,4.499456549524461
5202,173.0,9114.083333333281,205.68,4.9225345757799595
5203,173.0,9116.005555555503,205.72,4.900391417478804
5204,174.0,9117.93333333328,205.76,4.46794454086477
5205,176.0,9119.877777777725,205.8,4.312854901970608
5206,176.0,9121.83333333328,205.84,4.361123875113555
5207,177.0,9123.79444444439,205.88,4.368294547184858
5208,177.0,9125.761111111056,205.92000000000002,3.9737266187031564
5209,177.0,9127.727777777724,205.96,3.523359557532621
5210,178.0,9129.699999999946,206.0,3.34676711875862
5211,179.0,9131.68333333328,206.04,3.7997796247717552
5212,179.0,9133.672222222169,206.08,3.8511282873838897
5213,179.0,9135.661111111058,206.12,3.8997981634072327
5214,180.0,9137.655555555502,206.16,3.9717756523695207
5215,181.0,9139.66111111106,206.20000000000002,3.9825930267795693
5216,182.0,9141.677777777726,206.24,3.9281873746830667
5217,182.0,9143.699999999948,206.28,4.167414481045113
5218,182.0,9145.72222222217,206.32,4.342743021826413
5219,183.0,9147.749999999949,206.36,4.100398537711228
5220,184.0,9149.788888888837,206.4,3.793425409364781
5221,184.0,9151.833333333281,206.44,3.78219716928701
5222,185.0,9153.883333333282,206.48000000000002,3.7896704664178342
5223,186.0,9155.944444444393,206.52,3.798960213682692
5224,186.0,9158.011111111058,206.56,3.41004623841833
5225,186.0,9160.077777777724,206.6,3.3392280376966554
5226,187.0,9162.149999999947,206.64000000000001,3.2850263514466627
5227,187.0,9164.227777777724,206.68,3.215126263161488
5228,188.0,9166.311111111056,206.72,3.161110491664148
5229,188.0,9168.399999999943,206.76,3.4679819723233978
5230,189.0,9170.494444444388,206.8,3.793296693856151
5231,189.0,9172.594444444389,206.84,3.719499146297158
5232,190.0,9174.699999999944,206.88,3.9808224986186787
5233,190.0,9176.811111111056,206.92000000000002,3.8426661650724316
5234,191.0,9178.927777777722,206.96,3.7237958267834967
5235,192.0,9181.0555555555,207.0,3.2896318840760497
5236,192.0,9183.188888888833,207.04,3.218286867633835
5237,193.0,9185.327777777724,207.08,2.848262604398462
5238,193.0,9187.472222222168,207.12,2.5264262373153676
5239,193.0,9189.616666666612,207.16,1.955128582952252
5240,193.0,9191.761111111058,207.20000000000002,1.8272733495274809
5241,194.0,9193.911111111058,207.24,2.1510932380100827
5242,194.0,9196.066666666613,207.28,2.2113449309485644
5243,194.0,9198.222222222168,207.32,2.396053710543847
5244,194.0,9200.377777777725,207.36,2.7061279268594665
5245,195.0,9202.538888888836,207.4,2.777234900594495
5246,196.0,9204.711111111057,207.44,2.912928072101567
5247,196.0,9206.888888888836,207.48000000000002,3.0949799082602776
5248,196.0,9209.066666666613,207.52,3.339572760582792
5249,197.0,9211.249999999945,207.56,3.601602252855403
5250,197.0,9213.438888888833,207.6,3.466898118601792
5251,198.0,9215.633333333279,207.64000000000001,3.3488336635722797
5252,198.0,9217.833333333278,207.68,3.5916715195703848
5253,199.0,9220.038888888832,207.72,3.5362746219860277
5254,200.0,9222.255555555497,207.76,3.1651606653171176
5255,200.0,9224.47777777772,207.8,3.157970552949397
5256,200.0,9226.699999999943,207.84,3.152240642697331
5257,201.0,9228.92777777772,207.88,3.1608280487490226
5258,201.0,9231.161111111054,207.92000000000002,3.155108519244466
5259,201.0,9233.394444444388,207.96,3.147986539567658
5260,202.0,9235.633333333277,208.0,3.2180644204636337
5261,203.0,9237.883333333277,208.04,3.3526762036432345
5262,203.0,9240.138888888834,208.08,3.47171429007891
5263,204.0,9242.399999999945,208.12,3.605672308460576
5264,204.0,9244.666666666611,208.16,3.4066248023259154
5265,204.0,9246.93333333328,208.20000000000002,2.89549732728921
5266,205.0,9249.205555555502,208.24,2.7782479640934654
5267,206.0,9251.488888888834,208.28,3.03993815315863
5268,206.0,9253.777777777723,208.32,2.970686673577604
5269,206.0,9256.066666666613,208.36,2.9636158945543616
5270,206.0,9258.355555555501,208.4,2.7054333545233553
5271,207.0,9260.649999999945,208.44,2.52523616028286
5272,208.0,9262.955555555502,208.48000000000002,2.4065472717965366
5273,208.0,9265.266666666612,208.52,2.4017043097430166
5274,208.0,9267.577777777722,208.56,2.5239157757329638
5275,208.0,9269.888888888832,208.6,2.07832884580299
5276,209.0,9272.2055555555,208.64000000000001,1.4538501037443974
5277,209.0,9274.527777777721,208.68,1.01053856521494
5278,209.0,9276.849999999942,208.72,1.1361644404533748
5279,210.0,9279.177777777719,208.76,1.140807341845249
5280,209.0,9281.505555555497,208.8,1.0086087553218557
5281,209.0,9283.827777777718,208.84,0.7561937602916647
5282,209.0,9286.14999999994,208.88,0.7557343023651947
5283,210.0,9288.477777777718,208.92000000000002,0.6956786109971992
5284,210.0,9290.81111111105,208.96,0.5689448461411589
5285,210.0,9293.144444444382,209.0,0.7579031999971809
5286,210.0,9295.477777777714,209.04,0.5681569508985127
5287,210.0,9297.811111111048,209.08,0.3155882121439422
5288,210.0,9300.14444444438,209.12,-1.8513988959099105e-14
5289,210.0,9302.477777777713,209.16,-3.6242491881446876e-14
5290,210.0,9304.811111111047,209.20000000000002,-0.31558821214412786
5291,210.0,9307.144444444379,209.24,-0.5681569508984012
5292,210.0,9309.47777777771,209.28,-0.7579031999971746
5293,210.0,9311.811111111043,209.32,-0.8848332535753917
5294,210.0,9314.144444444377,209.36,-0.9488167493612901
5295,209.0,9316.472222222154,209.4,-0.9451184542341177
5296,209.0,9318.794444444375,209.44,-0.8828389074487487
5297,209.0,9321.116666666598,209.48000000000002,-0.7572457189093483
5298,209.0,9323.438888888819,209.52,-0.5682062596486804
5299,209.0,9325.76111111104,209.56,-0.31572518663945687
5300,209.0,9328.083333333261,209.6,1.7244696907150306e-14
5301,209.0,9330.405555555484,209.64000000000001,1.0190204969085282e-14
5302,209.0,9332.727777777705,209.68,-1.0661514473823846e-14
5303,209.0,9335.049999999927,209.72,6.158453760010406e-15
5304,209.0,9337.372222222148,209.76,-1.112982079479302e-14
5305,209.0,9339.69444444437,209.8,-0.31558788495158735
5306,209.0,9342.016666666592,209.84,-0.25256916084773584
5307,209.0,9344.338888888813,209.88,-0.1894845749704319
5308,209.0,9346.661111111036,209.92000000000002,-0.12635054258757758
5309,209.0,9348.983333333257,209.96,-0.06318352194833922
5310,208.0,9351.299999999923,210.0,4.8005413230457965e-14
5311,209.0,9353.616666666589,210.04,0.06318352194836455
5312,209.0,9355.938888888812,210.08,0.12635054258765227
5313,209.0,9358.261111111033,210.12,0.18948457497043966
5314,209.0,9360.583333333254,210.16,0.2525691608476323
5315,209.0,9362.905555555477,210.20000000000002,0.31558788495161405
5316,209.0,9365.227777777698,210.24,-7.083010675764716e-16
5317,209.0,9367.54999999992,210.28,-3.1157521091506566e-14
5318,209.0,9369.87222222214,210.32,-7.905441422826911e-15
5319,209.0,9372.194444444363,210.36,9.319031758613401e-15
5320,209.0,9374.516666666585,210.4,6.781159351065702e-15
5321,209.0,9376.838888888806,210.44,3.831879979210289e-15
5322,209.0,9379.161111111029,210.48000000000002,-3.276919636766954e-14
5323,209.0,9381.48333333325,210.52,-2.5984961249105635e-14
5324,209.0,9383.805555555471,210.56,4.418117469700389e-15
5325,209.0,9386.127777777692,210.6,-3.6219599946850394e-14
5326,209.0,9388.449999999915,210.64000000000001,-3.0617127414090055e-15
5327,209.0,9390.772222222136,210.68,-9.594918571961337e-15
5328,209.0,9393.094444444358,210.72,-2.1774491952860443e-14
5329,209.0,9395.416666666579,210.76,-7.177922774704494e-15
5330,209.0,9397.738888888802,210.8,-2.1175521874814474e-15
5331,209.0,9400.061111111023,210.84,-4.3516708469877696e-14
5332,209.0,9402.383333333244,210.88,-2.4574988566358194e-14
5333,209.0,9404.705555555467,210.92000000000002,0.3157251866394588
5334,209.0,9407.027777777688,210.96,0.5682062596485223
5335,209.0,9409.34999999991,211.0,0.7572457189091911
5336,209.0,9411.67222222213,211.04,0.8828389074486696
5337,209.0,9413.994444444354,211.08,1.2604309481452356
5338,210.0,9416.32222222213,211.12,1.5181709237660495
5339,210.0,9418.655555555462,211.16,1.6425470631064931
5340,210.0,9420.988888888796,211.20000000000002,1.95613271405249
5341,210.0,9423.322222222128,211.24,2.0792750793810333
5342,211.0,9425.661111111016,211.28,2.022808849113568
5343,211.0,9428.005555555459,211.32,1.7676700081215402
5344,211.0,9430.349999999904,211.36,1.7019729000487502
5345,212.0,9432.699999999904,211.4,1.8346579241449985
5346,212.0,9435.05555555546,211.44,2.0857426878915626
5347,212.0,9437.411111111018,211.48000000000002,2.083415018049765
5348,212.0,9439.766666666574,211.52,2.20608557769937
5349,212.0,9442.12222222213,211.56,2.139481225394151
5350,213.0,9444.48333333324,211.6,2.2100549329799875
5351,214.0,9446.855555555465,211.64000000000001,2.4063351639074555
5352,214.0,9449.233333333243,211.68,2.401628525474068
5353,214.0,9451.61111111102,211.72,2.523953589972816
5354,214.0,9453.988888888798,211.76,2.3938954125417014
5355,215.0,9456.372222222133,211.8,2.3393105842279662
5356,215.0,9458.761111111022,211.84,2.6521706738151547
5357,215.0,9461.14999999991,211.88,3.0246493561447223
5358,216.0,9463.544444444356,211.92000000000002,3.157597610431322
5359,216.0,9465.944444444356,211.96,3.023909958634182
5360,217.0,9468.349999999911,212.0,2.96901051831841
5361,218.0,9470.766666666577,212.04,2.9759586001505047
5362,218.0,9473.1888888888,212.08,2.7170081925941303
5363,218.0,9475.611111111022,212.12,2.2080206337842774
5364,218.0,9478.033333333244,212.16,2.1423485607473136
5365,219.0,9480.461111111023,212.20000000000002,1.8339247568995025
5366,219.0,9482.894444444355,212.24,1.6425006621633955
5367,219.0,9485.327777777688,212.28,1.956171499864572
5368,219.0,9487.76111111102,212.32,2.0794418483643713
5369,220.0,9490.19999999991,212.36,2.0227023787644267
5370,220.0,9492.644444444353,212.4,2.0837554677170367
5371,220.0,9495.088888888797,212.44,2.2695283298963487
5372,221.0,9497.538888888797,212.48000000000002,2.2759000310598307
5373,221.0,9499.994444444352,212.52,2.0828966088337837
5374,221.0,9502.449999999906,212.56,2.017705026457663
5375,222.0,9504.911111111016,212.6,2.087172512589581
5376,222.0,9507.377777777683,212.64000000000001,2.274209686932821
5377,222.0,9509.844444444348,212.68,2.2082305838594825
5378,222.0,9512.311111111014,212.72,2.2675171179901983
5379,223.0,9514.783333333236,212.76,2.1476808183899645
5380,223.0,9517.261111111016,212.8,1.8293836494075686
5381,224.0,9519.74444444435,212.84,2.0251260748772317
5382,224.0,9522.233333333239,212.88,2.0223299333842513
5383,224.0,9524.72222222213,212.92000000000002,1.830432498476624
5384,224.0,9527.211111111019,212.96,1.4504283582907191
5385,224.0,9529.699999999908,213.0,1.5754030433233537
5386,225.0,9532.194444444352,213.04,1.517969491957095
5387,225.0,9534.694444444354,213.08,1.6424717836400564
5388,225.0,9537.194444444354,213.12,1.640349564423718
5389,225.0,9539.694444444354,213.16,1.5123374265745868
5390,226.0,9542.199999999912,213.20000000000002,1.5811423100993298
5391,226.0,9544.711111111023,213.24,1.453596467221757
5392,226.0,9547.222222222133,213.28,1.8311723052887763
5393,226.0,9549.733333333244,213.32,2.0180854908802752
5394,226.0,9552.244444444357,213.36,2.015330930991608
5395,227.0,9554.761111111024,213.4,1.8321950049254412
5396,227.0,9557.283333333246,213.44,1.8294088593375681
5397,228.0,9559.811111111025,213.48000000000002,1.7082859332271656
5398,228.0,9562.344444444358,213.52,1.7697896812624614
5399,228.0,9564.87777777769,213.56,1.641804488225676
5400,228.0,9567.411111111023,213.6,1.325174874023183
5401,228.0,9569.944444444358,213.64000000000001,1.5135802505938343
5402,228.0,9572.47777777769,213.68,1.5124944193438172
5403,229.0,9575.01666666658,213.72,1.706911964727458
5404,229.0,9577.561111111023,213.76,1.7676710289923103
5405,229.0,9580.105555555469,213.8,1.7021752641066192
5406,230.0,9582.655555555468,213.84,1.8343564205805716
5407,230.0,9585.211111111023,213.88,1.7692117951178798
5408,230.0,9587.76666666658,213.92000000000002,1.5151488758492424
5409,230.0,9590.322222222134,213.96,1.4504699035700344
5410,230.0,9592.877777777689,214.0,1.2601341590345942
5411,231.0,9595.438888888799,214.04,0.9486486449725317
5412,231.0,9598.005555555466,214.08,0.8847428050338824
5413,231.0,9600.572222222132,214.12,0.7578734749573426
5414,231.0,9603.138888888798,214.16,0.568159233945764
5415,231.0,9605.705555555465,214.20000000000002,0.31559442854463293
5416,231.0,9608.272222222131,214.24,0.3157186538801993
5417,231.0,9610.838888888797,214.28,0.5682039553827514
5418,231.0,9613.405555555462,214.32,0.7572771954012256
5419,231.0,9615.97222222213,214.36,0.8829340885680679
5420,231.0,9618.538888888796,214.4,0.9452945622377572
5421,232.0,9621.111111111017,214.44,0.9486413999499151
5422,232.0,9623.688888888795,214.48000000000002,0.8847389064152019
5423,232.0,9626.266666666572,214.52,0.7578721935144364
5424,232.0,9628.844444444348,214.56,0.8839766666065384
5425,232.0,9631.422222222125,214.6,0.883699601658472
5426,232.0,9633.999999999904,214.64000000000001,1.0730207512172665
5427,232.0,9636.57777777768,214.68,1.4505957973240602
5428,232.0,9639.155555555457,214.72,1.7008742709113296
5429,233.0,9641.738888888789,214.76,1.8321594450449956
5430,233.0,9644.327777777678,214.8,2.145284071995763
5431,234.0,9646.922222222121,214.84,2.2776732455253352
5432,234.0,9649.522222222122,214.88,1.8946686854886048
5433,234.0,9652.122222222124,214.92000000000002,1.3876993624614267
5434,234.0,9654.722222222124,214.96,0.7565166988703005
5435,235.0,9657.32777777768,215.0,0.37975717490608857
5436,235.0,9659.938888888792,215.04,-0.06330516380715745
5437,234.0,9662.54444444435,215.08,-0.18913668778737855
5438,234.0,9665.14444444435,215.12,-0.3153256831827862
5439,234.0,9667.74444444435,215.16,-0.7569871896283298
5440,234.0,9670.344444444352,215.20000000000002,-1.4517369085661382
5441,234.0,9672.944444444352,215.24,-1.642304400101014
5442,234.0,9675.544444444353,215.28,-1.643707796923443
5443,234.0,9678.144444444353,215.32,-1.835864716325652
5444,233.0,9680.738888888798,215.36,-1.8939312490448956
5445,232.0,9683.32222222213,215.4,-1.8257213229137348
5446,232.0,9685.899999999907,215.44,-1.9539253827964747
5447,232.0,9688.477777777685,215.48000000000002,-1.893193249859825
5448,232.0,9691.055555555462,215.52,-1.9579114464960357
5449,232.0,9693.633333333239,215.56,-1.7697532779285112
5450,232.0,9696.211111111015,215.6,-1.7082214012944457
5451,231.0,9698.783333333238,215.64000000000001,-1.829433192467706
5452,231.0,9701.349999999904,215.68,-1.8321710939904616
5453,230.0,9703.911111111014,215.72,-1.7008423688874486
5454,230.0,9706.466666666569,215.76,-1.4505833940229518
5455,230.0,9709.022222222125,215.8,-1.3883386436174228
5456,230.0,9711.57777777768,215.84,-1.1363629439901695
5457,230.0,9714.133333333235,215.88,-1.0738682652574607
5458,230.0,9716.688888888792,215.92000000000002,-0.8847467375555815
5459,230.0,9719.244444444346,215.96,-0.9486559530667215
5460,229.0,9721.794444444346,216.0,-1.2601232905431738
5461,229.0,9724.33888888879,216.04,-1.4504631306090805
5462,229.0,9726.883333333235,216.08,-1.5151488527482555
5463,229.0,9729.427777777679,216.12,-1.4535758271984491
5464,229.0,9731.972222222123,216.16,-1.265135701666652
5465,228.0,9734.511111111013,216.20000000000002,-1.2601123268371373
5466,228.0,9737.044444444346,216.24,-1.4504562982094569
5467,228.0,9739.577777777678,216.28,-1.199732214440637
5468,228.0,9742.111111111011,216.32,-1.200594588869528
5469,228.0,9744.644444444346,216.36,-1.0749029590257786
5470,227.0,9747.172222222123,216.4,-0.8187064701460319
5471,227.0,9749.694444444345,216.44,-0.819230153693308
5472,228.0,9752.222222222124,216.48000000000002,-0.759999598880517
5473,227.0,9754.749999999902,216.52,-0.6308581454032369
5474,227.0,9757.272222222124,216.56,-0.4417245182128431
5475,227.0,9759.794444444346,216.6,-0.5047269419532102
5476,227.0,9762.31666666657,216.64000000000001,-0.8205423174493316
5477,227.0,9764.838888888791,216.68,-0.7581826187918931
5478,227.0,9767.361111111013,216.72,-0.3159981243155687
5479,227.0,9769.883333333235,216.76,-0.18965970436173724
5480,226.0,9772.399999999903,216.8,-0.06295149817711468
5481,226.0,9774.911111111014,216.84,0.06295149817704203
5482,227.0,9777.42777777768,216.88,-0.12641447340729783
5483,227.0,9779.949999999904,216.92000000000002,-0.25278837489461875
5484,227.0,9782.472222222126,216.96,-1.7430276330878375e-14
5485,227.0,9784.994444444348,217.0,0.25278837489483313
5486,227.0,9787.51666666657,217.04,0.1264144734073636
5487,226.0,9790.033333333238,217.08,-0.06295149817706194
5488,226.0,9792.54444444435,217.12,0.06295149817697367
5489,227.0,9795.061111111016,217.16,-0.1264144734073089
5490,227.0,9797.58333333324,217.20000000000002,0.0632097711764692
5491,227.0,9800.105555555461,217.24,0.2527884033760342
5492,227.0,9802.627777777683,217.28,0.4421847078914817
5493,227.0,9805.149999999905,217.32,0.2526668936758521
5494,226.0,9807.666666666573,217.36,0.3145808432802033
5495,227.0,9810.18333333324,217.4,0.6318186667950568
5496,227.0,9812.705555555462,217.44,0.8840496772767416
5497,227.0,9815.227777777685,217.48000000000002,1.0725862714881722
5498,227.0,9817.749999999907,217.52,1.19752658493617
5499,228.0,9820.277777777685,217.56,1.5811172045899557
5500,228.0,9822.811111111017,217.6,1.4535826468843296
5501,228.0,9825.344444444352,217.64000000000001,1.5151488293425204
5502,228.0,9827.877777777685,217.68,1.4504562982093967
5503,228.0,9830.411111111018,217.72,1.2601123268373622
5504,229.0,9832.949999999906,217.76,0.9486633250601822
5505,229.0,9835.494444444352,217.8,1.2009716236900052
5506,229.0,9838.038888888796,217.84,1.3263352872652339
5507,229.0,9840.58333333324,217.88,1.3251774239084941
5508,229.0,9843.127777777685,217.92000000000002,1.1980193187580892
5509,229.0,9845.672222222129,217.96,0.9452799490474247
5510,230.0,9848.222222222128,218.0,0.9486559530667413
5511,230.0,9850.777777777683,218.04,1.2009652011305607
5512,230.0,9853.33333333324,218.08,1.3263327807734933
5513,230.0,9855.888888888794,218.12,1.325179951574729
5514,230.0,9858.444444444349,218.16,1.1980257322639702
5515,230.0,9860.999999999905,218.20000000000002,1.260631263863325
5516,231.0,9863.561111111016,218.24,1.5178962488953114
5517,231.0,9866.127777777681,218.28,1.6424444004661005
5518,231.0,9868.694444444347,218.32,1.6403773031672686
5519,231.0,9871.261111111015,218.36,1.5124104702774226
5520,232.0,9873.833333333236,218.4,1.2646065165624774
5521,232.0,9876.411111111012,218.44,0.8847389064153321
5522,232.0,9878.98888888879,218.48000000000002,0.7578721935145716
5523,232.0,9881.566666666567,218.52,0.568159332252241
5524,232.0,9884.144444444344,218.56,0.9471550282274014
5525,232.0,9886.72222222212,218.6,1.1364509228260735
5526,232.0,9889.2999999999,218.64000000000001,1.51396075824863
5527,232.0,9891.877777777676,218.68,1.7640754520549051
5528,232.0,9894.455555555453,218.72,1.887275271664345
5529,234.0,9897.04444444434,218.76,2.217770707886828
5530,234.0,9899.644444444342,218.8,2.6574896752704147
5531,234.0,9902.244444444343,218.84,2.842108368528823
5532,234.0,9904.844444444343,218.88,2.7736686849811054
5533,234.0,9907.444444444345,218.92000000000002,2.454386369139169
5534,235.0,9910.049999999901,218.96,1.5779713393234607
5535,236.0,9912.666666666568,219.0,1.5828504615477363
5536,236.0,9915.28888888879,219.04,1.454650187043964
5537,236.0,9917.911111111014,219.08,1.2006494221533652
5538,236.0,9920.533333333236,219.12,0.8211178045999338
5539,235.0,9923.149999999903,219.16,0.3145007344533633
5540,236.0,9925.766666666572,219.20000000000002,0.3791382539782961
5541,236.0,9928.388888888794,219.24,0.6948989861962449
5542,236.0,9931.011111111016,219.28,0.9470051373069543
5543,236.0,9933.633333333239,219.32,1.4510674284289138
5544,236.0,9936.255555555463,219.36,1.8273548014113734
5545,237.0,9938.88333333324,219.4,1.7068321434278357
5546,237.0,9941.516666666574,219.44,1.7676714098741635
5547,237.0,9944.149999999909,219.48000000000002,1.7022553296718002
5548,238.0,9946.788888888797,219.52,1.8342370676924273
5549,238.0,9949.433333333242,219.56,1.7691602654902343
5550,238.0,9952.077777777686,219.6,1.515149050298705
5551,238.0,9954.722222222132,219.64000000000001,1.450522037398169
5552,238.0,9957.366666666576,219.68,1.5755722965058108
5553,239.0,9960.016666666575,219.72,1.5178043156736978
5554,239.0,9962.67222222213,219.76,1.642410021620984
5555,239.0,9965.327777777688,219.8,1.6404121150878757
5556,239.0,9967.983333333243,219.84,1.512502160680918
5557,240.0,9970.644444444353,219.88,1.580975365874273
5558,240.0,9973.311111111021,219.92000000000002,1.4535045597831868
5559,240.0,9975.977777777687,219.96,1.5151490912088896
5560,240.0,9978.644444444353,220.0,1.450534527559453
5561,240.0,9981.31111111102,220.04,1.5755948649776415
5562,241.0,9983.983333333243,220.08,1.5177822866405042
5563,241.0,9986.66111111102,220.12,1.642401782436892
5564,241.0,9989.338888888797,220.16,1.6404204558598159
5565,241.0,9992.016666666575,220.20000000000002,1.5125241327569279
5566,242.0,9994.699999999908,220.24,1.2645246399286625
5567,242.0,9997.388888888796,220.28,0.884701692432588
5568,242.0,10000.077777777684,220.32,0.7578599607626351
5569,242.0,10002.766666666574,220.36,0.5681602702134574
5570,242.0,10005.455555555462,220.4,0.6313130912227402
5571,242.0,10008.14444444435,220.44,0.5682029588309322
5572,242.0,10010.83333333324,220.48000000000002,0.7572907846500677
5573,242.0,10013.522222222127,220.52,1.198547834639223
5574,242.0,10016.211111111015,220.56,1.5126480768551553
5575,243.0,10018.905555555459,220.6,1.7067757239379495
5576,243.0,10021.60555555546,220.64000000000001,1.7676716711903795
5577,243.0,10024.305555555458,220.68,1.7023119167479248
5578,244.0,10027.011111111013,220.72,1.5176362751588888
5579,244.0,10029.722222222123,220.76,1.200432599124501
5580,244.0,10032.433333333234,220.8,1.0738317964078778
5581,244.0,10035.144444444344,220.84,1.452289558774839
5582,244.0,10037.855555555454,220.88,1.640555671829442
5583,244.0,10040.566666666566,220.92000000000002,1.6392107207326878
5584,244.0,10043.277777777676,220.96,1.825971172547739
5585,245.0,10045.99444444434,221.0,1.8939320273693774
5586,246.0,10048.722222222119,221.04,1.8356177451812274
5587,246.0,10051.455555555454,221.08,1.643596006496506
5588,246.0,10054.188888888788,221.12,1.3261962023299108
5589,246.0,10056.922222222121,221.16,0.8836417476662923
5590,246.0,10059.655555555457,221.20000000000002,0.631313092515694
5591,246.0,10062.38888888879,221.24,0.5682026183336703
5592,246.0,10065.122222222124,221.28,0.7572954244842641
5593,246.0,10067.855555555458,221.32,0.8829892246771119
5594,246.0,10070.588888888793,221.36,0.9453965953643653
5595,247.0,10073.327777777682,221.4,1.2649526090763856
5596,247.0,10076.072222222127,221.44,1.4534625113398267
5597,247.0,10078.816666666573,221.48000000000002,1.515149226650757
5598,247.0,10081.561111111017,221.52,1.4505766495758408
5599,247.0,10084.305555555462,221.56,1.2603054749277687
5600,248.0,10087.055555555462,221.6,0.9485334341318779
5601,248.0,10089.81111111102,221.64000000000001,1.2008584548241839
5602,248.0,10092.566666666575,221.68,1.3262911136678284
5603,248.0,10095.32222222213,221.72,1.325221957105221
5604,248.0,10098.077777777686,221.76,1.1981323338653627
5605,248.0,10100.833333333243,221.8,0.9454092682110503
5606,249.0,10103.594444444354,221.84,0.948527147450179
5607,249.0,10106.36111111102,221.88,0.8846774212475854
5608,249.0,10109.127777777689,221.92000000000002,0.7578519816776648
5609,249.0,10111.894444444355,221.96,0.8839672415213532
5610,249.0,10114.661111111021,222.0,1.1995380651895635
5611,249.0,10117.427777777688,222.04,1.0095837733706103
5612,249.0,10120.194444444356,222.08,1.3872654855507545
5613,249.0,10122.961111111023,222.12,1.6378221915046176
5614,250.0,10125.733333333244,222.16,1.7687007412341336
5615,251.0,10128.51666666658,222.20000000000002,1.7734526860897053
5616,250.0,10131.299999999912,222.24,1.638193441099697
5617,251.0,10134.083333333245,222.28,1.7065825481929253
5618,251.0,10136.872222222133,222.32,1.5789102387428238
5619,251.0,10139.661111111023,222.36,0.9466603576649735
5620,251.0,10142.449999999912,222.4,0.8832619268615067
5621,251.0,10145.2388888888,222.44,1.0717177787079073
5622,252.0,10148.033333333246,222.48000000000002,0.8225166261222052
5623,252.0,10150.833333333245,222.52,0.8220411189865975
5624,251.0,10153.627777777689,222.56,0.755386697759989
5625,252.0,10156.422222222132,222.6,0.947755753478566
5626,252.0,10159.222222222133,222.64000000000001,1.010537933209753
5627,252.0,10162.022222222133,222.68,0.9470029487891733
5628,252.0,10164.822222222132,222.72,1.1354611703553734
5629,252.0,10167.622222222131,222.76,1.260351468257451
5630,253.0,10170.427777777688,222.8,1.2648973744475405
5631,253.0,10173.238888888798,222.84,1.4534283209583934
5632,253.0,10176.049999999908,222.88,1.5151493339096718
5633,253.0,10178.86111111102,222.92000000000002,1.4506108982216632
5634,253.0,10181.67222222213,222.96,1.2603604490284652
5635,254.0,10184.488888888796,223.0,1.264888422672766
5636,254.0,10187.311111111017,223.04,1.4534227795368035
5637,254.0,10190.13333333324,223.08,1.515149351050827
5638,254.0,10192.955555555462,223.12,1.450616448954963
5639,254.0,10195.777777777683,223.16,1.260369359167199
5640,255.0,10198.605555555461,223.20000000000002,1.2648795411890557
5641,255.0,10201.438888888793,223.24,1.4534172815588793
5642,255.0,10204.272222222125,223.28,1.515149367990842
5643,255.0,10207.105555555458,223.32,1.4506219561350173
5644,255.0,10209.938888888792,223.36,1.260378199503548
5645,256.0,10212.77777777768,223.4,0.9484845172970615
5646,256.0,10215.622222222122,223.44,0.8846544774688627
5647,256.0,10218.466666666569,223.48000000000002,1.0738037105035123
5648,256.0,10221.311111111012,223.52,1.1363630774866402
5649,256.0,10224.155555555455,223.56,1.0726603539947397
5650,256.0,10226.999999999898,223.6,0.8830223927407824
5651,256.0,10229.844444444345,223.64000000000001,0.9454579815030932
5652,257.0,10232.694444444343,223.68,0.9484786170402832
5653,257.0,10235.5499999999,223.72,0.8846513018206689
5654,257.0,10238.405555555455,223.76,0.7578433942741266
5655,257.0,10241.261111111013,223.8,0.8839632369338468
5656,257.0,10244.116666666569,223.84,0.5680009013223042
5657,257.0,10246.972222222124,223.88,0.1893202561641246
5658,257.0,10249.827777777682,223.92000000000002,0.12619119386897984
5659,257.0,10252.683333333238,223.96,0.06308890575514776
5660,258.0,10255.54444444435,224.0,4.005586825306904e-14
5661,257.0,10258.40555555546,224.04,-0.06308890575511203
5662,257.0,10261.261111111018,224.08,-0.44159103746564443
5663,257.0,10264.116666666574,224.12,-0.7572539027101838
5664,257.0,10266.97222222213,224.16,-1.0103146540569732
5665,257.0,10269.827777777688,224.20000000000002,-1.5165445752867643
5666,257.0,10272.683333333243,224.24,-1.8333326617799932
5667,256.0,10275.533333333242,224.28,-2.2698164879242975
5668,256.0,10278.377777777685,224.32,-2.5261368508410214
5669,256.0,10281.222222222132,224.36,-2.5939888889361806
5670,255.0,10284.06111111102,224.4,-2.4621966387610454
5671,254.0,10286.888888888796,224.44,-2.1413976850636303
5672,254.0,10289.711111111019,224.48000000000002,-1.6392975377133563
5673,254.0,10292.53333333324,224.52,-1.3253283662148643
5674,254.0,10295.355555555461,224.56,-1.5149338262129117
5675,254.0,10298.177777777682,224.6,-1.4521745713170353
5676,254.0,10300.999999999905,224.64000000000001,-1.5162332831763925
5677,254.0,10303.822222222127,224.68,-1.7709670360339482
5678,254.0,10306.644444444348,224.72,-1.9000527376845928
5679,252.0,10309.455555555458,224.76,-1.8878030640950199
5680,252.0,10312.255555555459,224.8,-2.3936276694066847
5681,252.0,10315.055555555458,224.84,-2.6494027347112166
5682,252.0,10317.855555555458,224.88,-2.3381280842744068
5683,252.0,10320.655555555459,224.92000000000002,-1.8349737045471617
5684,252.0,10323.455555555458,224.96,-1.1396504404658743
5685,250.0,10326.244444444346,225.0,-1.3199475309248752
5686,250.0,10329.022222222124,225.04,-1.698182260458076
5687,251.0,10331.805555555458,225.08,-1.8962711585959355
5688,251.0,10334.594444444347,225.12,-1.8983359057182525
5689,251.0,10337.383333333235,225.16,-1.7101780801768167
5690,250.0,10340.16666666657,225.20000000000002,-1.325705491337723
5691,249.0,10342.938888888792,225.24,-1.8254037039620425
5692,249.0,10345.705555555458,225.28,-2.20660777663749
5693,249.0,10348.472222222124,225.32,-2.0834038476104966
5694,249.0,10351.238888888793,225.36,-1.7697411756893262
5695,249.0,10354.005555555459,225.4,-1.2649339014152485
5696,248.0,10356.76666666657,225.44,-1.2603148217822588
5697,248.0,10359.522222222127,225.48000000000002,-1.4505824728144674
5698,248.0,10362.277777777683,225.52,-1.5151492450690904
5699,248.0,10365.033333333238,225.56,-1.7691005225856848
5700,248.0,10367.788888888794,225.6,-1.8340987119821206
5701,247.0,10370.538888888796,225.64000000000001,-2.0172258441902318
5702,247.0,10373.28333333324,225.68,-2.3357627856568257
5703,247.0,10376.027777777685,225.72,-2.4661941202115423
5704,246.0,10378.766666666574,225.76,-2.397384100073037
5705,246.0,10381.499999999909,225.8,-2.148361705305079
5706,245.0,10384.227777777687,225.84,-2.0157083510229827
5707,245.0,10386.949999999908,225.88,-2.0182498923794836
5708,245.0,10389.672222222132,225.92000000000002,-1.8311443453958907
5709,245.0,10392.394444444353,225.96,-1.4534742801092844
5710,245.0,10395.116666666574,226.0,-1.2649716225362533
5711,244.0,10397.83333333324,226.04,-1.260276975241868
5712,244.0,10400.544444444351,226.08,-1.4505588933491567
5713,244.0,10403.25555555546,226.12,-1.5151491700311994
5714,244.0,10405.96666666657,226.16,-1.7691238328712424
5715,244.0,10408.677777777682,226.20000000000002,-2.149983479303707
5716,243.0,10411.383333333237,226.24,-1.9547964750188505
5717,243.0,10414.083333333236,226.28,-2.27322752343127
5718,243.0,10416.783333333235,226.32,-2.4034744289354575
5719,242.0,10419.47777777768,226.36,-2.3345328090258453
5720,241.0,10422.161111111012,226.4,-2.3908641323727724
5721,242.0,10424.844444444345,226.44,-2.2139965731782594
5722,241.0,10427.52777777768,226.48000000000002,-2.145001674296813
5723,241.0,10430.205555555456,226.52,-1.8950785091339406
5724,241.0,10432.883333333233,226.56,-1.4541566778713328
5725,240.0,10435.555555555455,226.6,-1.5120559126265218
5726,240.0,10438.222222222123,226.64000000000001,-1.7662018067137704
5727,240.0,10440.888888888789,226.68,-1.5151490912088386
5728,240.0,10443.555555555455,226.72,-1.4535045597832599
5729,240.0,10446.22222222212,226.76,-1.2650205442864262
5730,239.0,10448.883333333233,226.8,-0.9453505719713271
5731,239.0,10451.538888888788,226.84,-1.1980810395182362
5732,239.0,10454.194444444343,226.88,-1.3252017468231465
5733,239.0,10456.8499999999,226.92000000000002,-1.3263111642908418
5734,239.0,10459.505555555455,226.96,-1.2009098174388726
5735,239.0,10462.16111111101,227.0,-0.9485923842308096
5736,238.0,10464.81111111101,227.04,-1.2602178231120624
5737,238.0,10467.455555555456,227.08,-1.4505220373984684
5738,238.0,10470.0999999999,227.12,-1.5151490502989033
5739,238.0,10472.744444444344,227.16,-1.7691602654901528
5740,238.0,10475.38888888879,227.20000000000002,-1.5182803560801754
5741,237.0,10478.02777777768,227.24,-1.1348815862764319
5742,237.0,10480.661111111012,227.28,-1.0097121513096547
5743,237.0,10483.294444444346,227.32,-0.8209895306877911
5744,236.0,10485.922222222125,227.36,-0.880649137229658
5745,237.0,10488.549999999903,227.4,-0.8214315770747703
5746,237.0,10491.183333333236,227.44,-0.6319431261868339
5747,237.0,10493.816666666571,227.48000000000002,-0.6954310237895226
5748,237.0,10496.449999999904,227.52,-0.3795738811481662
5749,236.0,10499.077777777682,227.56,-0.06301233834853237
5750,236.0,10501.699999999904,227.6,-0.4412220820207043
5751,236.0,10504.322222222128,227.64000000000001,-0.12610710275964057
5752,236.0,10506.94444444435,227.68,0.18915337677464414
5753,237.0,10509.572222222128,227.72,0.5063320560541817
5754,237.0,10512.205555555462,227.76,0.8221256690483746
5755,236.0,10514.833333333241,227.8,0.7552479681980508
5756,237.0,10517.461111111019,227.84,0.9478055261692291
5757,237.0,10520.094444444352,227.88,0.6946306924125696
5758,237.0,10522.727777777687,227.92000000000002,0.3787877422415423
5759,237.0,10525.36111111102,227.96,0.3786134668304773
5760,237.0,10527.994444444354,228.0,0.3784393517095503
5761,238.0,10530.633333333242,228.04,1.0281574317624679e-14
5762,237.0,10533.272222222133,228.08,0.25238969488085466
5763,237.0,10535.905555555466,228.12,0.44166496552820084
5764,237.0,10538.5388888888,228.16,0.5677242276885853
5765,237.0,10541.172222222134,228.20000000000002,0.9460612569772642
5766,237.0,10543.805555555467,228.24,1.1977003591649469
5767,238.0,10546.444444444356,228.28,1.706822542783015
5768,238.0,10549.0888888888,228.32,1.7676714548028862
5769,238.0,10551.733333333246,228.36,1.7022649591297667
5770,239.0,10554.383333333246,228.4,1.5176882766538868
5771,239.0,10557.038888888801,228.44,1.2004521969136777
5772,239.0,10559.694444444358,228.48000000000002,0.7578635232522007
5773,239.0,10562.349999999913,228.52,0.568159997144793
5774,239.0,10565.005555555468,228.56,0.3155965092388295
5775,239.0,10567.661111111023,228.6,0.31571657640404543
5776,239.0,10570.31666666658,228.64000000000001,0.5682032216098457
5777,239.0,10572.972222222135,228.68,0.7572872027151749
5778,239.0,10575.62777777769,228.72,0.8829643556904883
5779,239.0,10578.283333333246,228.76,0.9453505719713402
5780,240.0,10580.944444444358,228.8,0.9485856156477157
5781,240.0,10583.611111111024,228.84,1.2009039201867313
5782,240.0,10586.27777777769,228.88,1.3263088623328723
5783,240.0,10588.944444444358,228.92000000000002,1.3252040674122259
5784,240.0,10591.611111111024,228.96,1.1980869288045854
5785,240.0,10594.27777777769,229.0,1.2607143387545299
5786,241.0,10596.949999999912,229.04,1.5177822866399726
5787,241.0,10599.62777777769,229.08,1.6424017824367307
5788,241.0,10602.305555555467,229.12,1.6404204558597637
5789,241.0,10604.983333333244,229.16,1.5125241327571055
5790,242.0,10607.666666666579,229.20000000000002,1.2645246399287988
5791,242.0,10610.355555555467,229.24,0.8847016924327311
5792,242.0,10613.044444444355,229.28,1.073836748044945
5793,242.0,10615.733333333243,229.32,1.1363630109527665
5794,242.0,10618.422222222132,229.36,1.0726272471703477
5795,242.0,10621.11111111102,229.4,0.5675205509794057
5796,242.0,10623.799999999908,229.44,0.06301053912844919
5797,243.0,10626.494444444354,229.48000000000002,-0.3795541189030381
5798,243.0,10629.194444444352,229.52,-0.7593354554385227
5799,243.0,10631.894444444351,229.56,-1.3928442018240699
5800,242.0,10634.588888888795,229.6,-2.209002087595366
5801,241.0,10637.27222222213,229.64000000000001,-3.462130489838667
5802,241.0,10639.949999999906,229.68,-4.733524496802072
5803,241.0,10642.627777777683,229.72,-5.255850250033834
5804,240.0,10645.299999999905,229.76,-5.947255322063669
5805,239.0,10647.961111111017,229.8,-7.016126491053537
5806,237.0,10650.605555555461,229.84,-7.996107431237874
5807,236.0,10653.233333333239,229.88,-8.953737875076456
5808,236.0,10655.855555555463,229.92000000000002,-9.201979127896951
5809,234.0,10658.466666666574,229.96,-9.240954617742851
5810,231.0,10661.049999999907,230.0,-9.675092596946316
5811,230.0,10663.611111111017,230.04,-9.879247632249538
5812,229.0,10666.161111111018,230.08,-10.467319818171143
5813,229.0,10668.705555555462,230.12,-10.479461778481939
5814,227.0,10671.238888888794,230.16,-9.757395286757454
5815,224.0,10673.744444444352,230.20000000000002,-9.682130054226855
5816,223.0,10676.227777777685,230.24,-10.394133846672727
5817,221.0,10678.69444444435,230.28,-10.4401912639825
5818,221.0,10681.149999999905,230.32,-10.32732643626721
5819,220.0,10683.599999999906,230.36,-9.205457058438926
5820,217.0,10686.027777777683,230.4,-8.749356145772882
5821,215.0,10688.427777777682,230.44,-8.782089903874676
5822,215.0,10690.816666666573,230.48000000000002,-8.393442055922403
5823,214.0,10693.199999999906,230.52,-8.21567424063824
5824,214.0,10695.577777777684,230.56,-7.622669478061139
5825,211.0,10697.938888888795,230.6,-7.105654460171405
5826,210.0,10700.277777777685,230.64000000000001,-7.230629508012353
5827,210.0,10702.611111111017,230.68,-7.71296241342906
5828,209.0,10704.938888888793,230.72,-7.466638256570256
5829,208.0,10707.255555555459,230.76,-7.217434410141596
5830,206.0,10709.55555555546,230.8,-7.1757111876864474
5831,205.0,10711.838888888793,230.84,-8.057461155959768
5832,204.0,10714.111111111015,230.88,-8.823607314938181
5833,204.0,10716.377777777683,230.92000000000002,-8.818976831451543
5834,203.0,10718.638888888794,230.96,-8.958135825644788
5835,200.0,10720.877777777683,231.0,-9.132024973883103
5836,198.0,10723.088888888793,231.04,-9.481806902302411
5837,197.0,10725.283333333238,231.08,-9.69438367398518
5838,197.0,10727.472222222126,231.12,-9.76997344961914
5839,195.0,10729.649999999903,231.16,-8.85497635088348
5840,193.0,10731.80555555546,231.20000000000002,-7.744528718865593
5841,192.0,10733.944444444349,231.24,-7.243518670960967
5842,191.0,10736.072222222127,231.28,-7.056880168543023
5843,190.0,10738.188888888793,231.32,-6.5546977289127355
5844,190.0,10740.299999999905,231.36,-5.758804067031053
5845,189.0,10742.40555555546,231.4,-5.621481607842794
5846,188.0,10744.499999999905,231.44,-5.552142446875114
5847,187.0,10746.58333333324,231.48000000000002,-5.295117529875008
5848,187.0,10748.661111111016,231.52,-5.254272741333958
5849,186.0,10750.733333333237,231.56,-5.060232955821546
5850,184.0,10752.788888888792,231.6,-5.023061420915956
5851,184.0,10754.833333333238,231.64000000000001,-5.166918895980118
5852,184.0,10756.877777777681,231.68,-5.124876662886547
5853,183.0,10758.91666666657,231.72,-4.9299746075024
5854,183.0,10760.949999999903,231.76,-4.314246092796173
5855,181.0,10762.972222222126,231.8,-3.9022862867289176
5856,180.0,10764.977777777682,231.84,-3.832152471936862
5857,180.0,10766.977777777682,231.88,-3.780940586129493
5858,180.0,10768.977777777684,231.92000000000002,-3.3487937995131305
5859,180.0,10770.977777777684,231.96,-3.2296165297771138
5860,179.0,10772.972222222128,232.0,-2.7125535374733154
5861,179.0,10774.961111111017,232.04,-2.592172823064079
5862,178.0,10776.94444444435,232.08,-2.584526924439598
5863,178.0,10778.922222222129,232.12,-2.401419728394825
5864,177.0,10780.894444444351,232.16,-2.3292628980282792
5865,177.0,10782.861111111019,232.20000000000002,-1.702700976512337
5866,177.0,10784.827777777686,232.24,-1.263011721301917
5867,177.0,10786.794444444353,232.28,-0.3792156315235076
5868,177.0,10788.76111111102,232.32,0.18963706864612567
5869,176.0,10790.722222222132,232.36,0.7536812975719139
5870,177.0,10792.683333333242,232.4,0.6309230423806677
5871,177.0,10794.649999999909,232.44,0.5042725224112448
5872,178.0,10796.622222222131,232.48000000000002,0.3800682707882013
5873,178.0,10798.59999999991,232.52,0.2532490693009977
5874,178.0,10800.577777777688,232.56,0.12658563317943597
5875,177.0,10802.54999999991,232.6,-0.3778946036874159
5876,177.0,10804.516666666577,232.64000000000001,-0.5672779148789925
5877,177.0,10806.483333333244,232.68,-1.0724048818608534
5878,177.0,10808.449999999912,232.72,-1.1363624672690227
5879,177.0,10810.416666666579,232.76,-1.0740585472043587
5880,177.0,10812.383333333246,232.8,-0.8850187532097314
5881,177.0,10814.349999999913,232.84,-0.9491616249827424
5882,176.0,10816.311111111023,232.88,-1.2593708213773114
5883,176.0,10818.26666666658,232.92000000000002,-1.4499939611684272
5884,176.0,10820.222222222133,232.96,-1.5151470078258509
5885,176.0,10822.177777777688,233.0,-1.7696819297069128
5886,176.0,10824.133333333242,233.04,-1.8354461131581106
5887,175.0,10826.083333333243,233.08,-1.7014431608353089
5888,175.0,10828.027777777686,233.12,-1.7676669410112122
5889,175.0,10829.97222222213,233.16,-1.707641446279878
5890,174.0,10831.91111111102,233.20000000000002,-1.8261254936891531
5891,174.0,10833.844444444352,233.24,-1.7656413518634304
5892,174.0,10835.777777777685,233.28,-1.5151469036145153
5893,174.0,10837.711111111017,233.32,-1.4540672419244691
5894,174.0,10839.644444444351,233.36,-1.2659302604759153
5895,173.0,10841.572222222128,233.4,-0.6299876750511066
5896,173.0,10843.49444444435,233.44,-0.3152417985931317
5897,173.0,10845.416666666573,233.48000000000002,-4.8518400558502965e-14
5898,173.0,10847.338888888795,233.52,0.31524179859327084
5899,173.0,10849.261111111016,233.56,0.6299876750506764
5900,174.0,10851.188888888793,233.6,0.632633994479948
5901,174.0,10853.122222222128,233.64000000000001,0.6323032937814893
5902,174.0,10855.05555555546,233.68,0.5688053858713363
5903,174.0,10856.988888888793,233.72,0.4422656015910101
5904,174.0,10858.922222222125,233.76,0.2527100599390666
5905,173.0,10860.849999999904,233.8,4.204570146545645e-14
5906,174.0,10862.777777777681,233.84,0.06319403198467188
5907,174.0,10864.711111111013,233.88,-0.18950281021798343
5908,174.0,10866.644444444348,233.92000000000002,-0.3789856579720717
5909,174.0,10868.57777777768,233.96,-0.5054195732969523
5910,174.0,10870.511111111013,234.0,-0.5688047700155074
5911,174.0,10872.444444444345,234.04,-0.9491994737525796
5912,173.0,10874.372222222124,234.08,-0.6299876750507387
5913,173.0,10876.294444444346,234.12,-0.3152417985931769
5914,173.0,10878.216666666567,234.16,-3.962306579034015e-14
5915,173.0,10880.13888888879,234.20000000000002,0.3152417985930665
5916,173.0,10882.061111111012,234.24,0.6299876750505711
5917,174.0,10883.988888888789,234.28,1.2659302604757618
5918,174.0,10885.922222222121,234.32,1.4540672419237213
5919,174.0,10887.855555555456,234.36,1.5151469036141658
5920,174.0,10889.788888888788,234.4,1.765641351864093
5921,174.0,10891.72222222212,234.44,1.8261254936894742
5922,175.0,10893.66111111101,234.48000000000002,1.707641446279981
5923,175.0,10895.605555555454,234.52,1.7676669410109491
5924,175.0,10897.549999999897,234.56,2.0170473741963315
5925,176.0,10899.499999999896,234.6,2.4051871099090585
5926,176.0,10901.455555555453,234.64000000000001,2.8433817124580942
5927,176.0,10903.411111111007,234.68,2.9633078116275984
5928,176.0,10905.366666666561,234.72,3.143204150564941
5929,177.0,10907.327777777671,234.76,3.088467001048041
5930,178.0,10909.299999999894,234.8,3.0982900489924874
5931,179.0,10911.283333333227,234.84,3.169718488886959
5932,179.0,10913.272222222116,234.88,3.287796430365842
5933,179.0,10915.261111111005,234.92000000000002,3.090108199444659
5934,179.0,10917.249999999894,234.96,2.580369753934219
5935,180.0,10919.244444444339,235.0,2.464467425462786
5936,180.0,10921.244444444339,235.04,2.712838582364731
5937,181.0,10923.249999999896,235.08,3.037284065631745
5938,181.0,10925.261111111007,235.12,3.091687018511681
5939,181.0,10927.272222222118,235.16,3.209822553712223
5940,182.0,10929.288888888786,235.20000000000002,3.346750379311213
5941,183.0,10931.316666666564,235.24,3.4820306658855413
5942,183.0,10933.349999999897,235.28,3.599320183542827
5943,183.0,10935.38333333323,235.32,3.7134310610541674
5944,184.0,10937.42222222212,235.36,3.5325046897885275
5945,185.0,10939.472222222119,235.4,3.3533268820298954
5946,185.0,10941.527777777674,235.44,3.1552827354332416
5947,186.0,10943.588888888786,235.48000000000002,3.0367981100743004
5948,186.0,10945.655555555451,235.52,2.967000274919558
5949,186.0,10947.722222222117,235.56,2.5834410574356337
5950,187.0,10949.794444444338,235.6,2.2764756224082054
5951,187.0,10951.872222222117,235.64000000000001,2.398975413002776
5952,187.0,10953.949999999893,235.68,2.584721077575014
5953,188.0,10956.033333333226,235.72,2.845700004337784
5954,188.0,10958.122222222113,235.76,2.838822131292807
5955,188.0,10960.211111111003,235.8,2.896166234848844
5956,189.0,10962.305555555447,235.84,3.0302682914264714
5957,190.0,10964.411111111003,235.88,2.911811117322793
5958,190.0,10966.522222222115,235.92000000000002,2.526438207713761
5959,190.0,10968.633333333226,235.96,2.5845315457352345
5960,191.0,10970.749999999893,236.0,2.403553056421646
5961,191.0,10972.872222222115,236.04,2.2744490256384715
5962,191.0,10974.994444444339,236.08,2.208007449396101
5963,191.0,10977.116666666561,236.12,2.2666718153986274
5964,192.0,10979.244444444339,236.16,2.4643217520769563
5965,192.0,10981.377777777674,236.20000000000002,2.3969288711357906
5966,193.0,10983.516666666563,236.24,2.7843115661029563
5967,193.0,10985.661111111007,236.28,2.9040144381134385
5968,193.0,10987.805555555451,236.32,3.086862909025424
5969,194.0,10989.955555555453,236.36,2.9697864645666585
5970,194.0,10992.111111111008,236.4,3.215292275825711
5971,195.0,10994.272222222118,236.44,3.160948536520036
5972,195.0,10996.438888888786,236.48000000000002,3.152119247955219
5973,196.0,10998.611111111008,236.52,2.90724651753323
5974,196.0,11000.788888888785,236.56,2.712737035407515
5975,197.0,11002.972222222117,236.6,2.9115438879834983
5976,197.0,11005.161111111007,236.64000000000001,2.7798103457713808
5977,197.0,11007.349999999895,236.68,3.0266467797830594
5978,197.0,11009.538888888783,236.72,2.957452479730713
5979,198.0,11011.733333333226,236.76,2.965097384241225
5980,199.0,11013.938888888782,236.8,2.720209100554174
5981,199.0,11016.149999999892,236.84,2.903480838308267
5982,200.0,11018.366666666558,236.88,2.8480054518727758
5983,200.0,11020.58888888878,236.92000000000002,2.526385691230495
5984,200.0,11022.811111111003,236.96,2.2710661844714077
5985,200.0,11025.033333333226,237.0,2.0790721782579356
5986,201.0,11027.261111111004,237.04,2.3395506563132886
5987,201.0,11029.494444444337,237.08,2.335949413480745
5988,201.0,11031.72777777767,237.12,2.7727393127759883
5989,202.0,11033.96666666656,237.16,2.9696839419415237
5990,202.0,11036.211111111006,237.20000000000002,3.215467827406236
5991,203.0,11038.461111111006,237.24,3.160777024504218
5992,203.0,11040.716666666562,237.28,3.4682982011843917
5993,204.0,11042.977777777673,237.32,3.4760540143586205
5994,204.0,11045.24444444434,237.36,3.152316741615418
5995,205.0,11047.516666666563,237.4,3.2238111036968786
5996,205.0,11049.79444444434,237.44,2.9646475347860504
5997,206.0,11052.077777777675,237.48000000000002,2.782668486793823
5998,206.0,11054.366666666563,237.52,2.3357413713630693
5999,206.0,11056.655555555451,237.56,2.0166330229378007
6000,207.0,11058.949999999895,237.6,1.8347509880076676
6001,207.0,11061.249999999896,237.64000000000001,1.769382095374892
6002,207.0,11063.549999999896,237.68,1.5151482567556156
6003,207.0,11065.849999999895,237.72,1.4502975610327533
6004,207.0,11068.149999999894,237.76,1.5751667735660337
6005,208.0,11070.45555555545,237.8,1.518199978049357
6006,208.0,11072.766666666561,237.84,1.6425579177846001
6007,208.0,11075.077777777671,237.88,1.6402622503908446
6008,208.0,11077.388888888783,237.92000000000002,1.827528191252261
6009,209.0,11079.705555555449,237.96,1.834073916033435
6010,209.0,11082.02777777767,238.0,1.6425524645696932
6011,209.0,11084.349999999891,238.04,1.3245439870558908
6012,209.0,11086.672222222114,238.08,0.6298866624605183
6013,210.0,11088.99999999989,238.12,-0.063265336615927
6014,210.0,11091.333333333223,238.16,-0.7596124344356256
6015,210.0,11093.666666666557,238.20000000000002,-1.0770049589724109
6016,209.0,11095.994444444334,238.24,-1.640977604708083
6017,208.0,11098.311111111,238.28,-2.390406116904604
6018,208.0,11100.62222222211,238.32,-3.2782135738077454
6019,208.0,11102.933333333222,238.36,-3.5393371752305423
6020,208.0,11105.244444444332,238.4,-3.8014545987345065
6021,207.0,11107.549999999886,238.44,-3.9815789905455015
6022,206.0,11109.844444444332,238.48000000000002,-4.100376599398728
6023,205.0,11112.127777777665,238.52,-4.535296559153024
6024,205.0,11114.405555555442,238.56,-4.615647219253826
6025,204.0,11116.677777777664,238.6,-4.923262663914596
6026,203.0,11118.938888888777,238.64000000000001,-5.040012502562754
6027,203.0,11121.194444444332,238.68,-5.30954854934216
6028,202.0,11123.444444444332,238.72,-5.367686425017088
6029,202.0,11125.688888888777,238.76,-5.328276791559004
6030,200.0,11127.92222222211,238.8,-5.420739042008081
6031,199.0,11130.138888888776,238.84,-5.666611422075226
6032,198.0,11132.34444444433,238.88,-5.7271377907417405
6033,198.0,11134.544444444331,238.92000000000002,-5.3096943910049905
6034,198.0,11136.74444444433,238.96,-5.076480356011333
6035,196.0,11138.933333333218,239.0,-4.284887760567099
6036,195.0,11141.10555555544,239.04,-4.086881079393387
6037,195.0,11143.272222222107,239.08,-3.847177908351743
6038,195.0,11145.438888888773,239.12,-3.6063360681369083
6039,194.0,11147.599999999884,239.16,-3.029137596059746
6040,194.0,11149.75555555544,239.20000000000002,-2.464299213751343
6041,193.0,11151.90555555544,239.24,-2.5809507588813423
6042,193.0,11154.049999999885,239.28,-2.7756652138727453
6043,193.0,11156.194444444329,239.32,-2.718595252096192
6044,193.0,11158.338888888775,239.36,-2.723217895232719
6045,192.0,11160.477777777664,239.4,-3.09325588316048
6046,191.0,11162.605555555441,239.44,-3.4611350902507168
6047,191.0,11164.727777777665,239.48000000000002,-3.8507587101520864
6048,191.0,11166.849999999888,239.52,-3.927526938770583
6049,190.0,11168.966666666554,239.56,-3.6671664969493496
6050,189.0,11171.07222222211,239.6,-3.4047810343025997
6051,188.0,11173.166666666555,239.64000000000001,-3.7710450640240776
6052,188.0,11175.255555555443,239.68,-4.09811689123029
6053,188.0,11177.34444444433,239.72,-4.048557730458235
6054,188.0,11179.433333333218,239.76,-3.616436793127815
6055,187.0,11181.516666666552,239.8,-3.7951896591266268
6056,185.0,11183.583333333218,239.84,-3.891493916832579
6057,185.0,11185.638888888772,239.88,-4.345923001074538
6058,185.0,11187.694444444329,239.92000000000002,-4.426050917767329
6059,185.0,11189.749999999884,239.96,-4.441360750257972
6060,183.0,11191.794444444327,240.0,-3.966357660119982
6061,183.0,11193.82777777766,240.04,-3.47267329955574
6062,182.0,11195.85555555544,240.08,-3.339395537764667
6063,182.0,11197.877777777661,240.12,-2.9702471436562035
6064,181.0,11199.894444444328,240.16,-2.3305717035945763
6065,181.0,11201.90555555544,240.20000000000002,-1.7650108881135396
6066,181.0,11203.916666666551,240.24,-1.6409157955898332
6067,181.0,11205.927777777662,240.28,-1.3264880817963682
6068,181.0,11207.938888888773,240.32,-1.201363401044994
6069,181.0,11209.949999999886,240.36,-0.9491131144609531
6070,180.0,11211.955555555442,240.4,-0.9448206344891459
6071,180.0,11213.955555555442,240.44,-0.8826778962679671
6072,180.0,11215.955555555443,240.48000000000002,-0.7571924500387485
6073,180.0,11217.955555555443,240.52,-0.5682101464479482
6074,180.0,11219.955555555443,240.56,-1.6170710070204073e-13
6075,180.0,11221.955555555443,240.6,0.5682101464478717
6076,180.0,11223.955555555445,240.64000000000001,0.7571924500390326
6077,180.0,11225.955555555445,240.68,0.8826778962681993
6078,180.0,11227.955555555445,240.72,0.9448206344892066
6079,181.0,11229.961111111,240.76,0.9491131144613556
6080,181.0,11231.972222222113,240.8,0.8849926655882975
6081,181.0,11233.983333333224,240.84,0.7579555675940738
6082,181.0,11235.994444444335,240.88,0.5681529162767014
6083,181.0,11238.005555555448,240.92000000000002,0.3155772549766934
6084,181.0,11240.01666666656,240.96,0.3157357967072356
6085,181.0,11242.02777777767,241.0,0.568209991957438
6086,181.0,11244.038888888781,241.04,1.0729606689839755
6087,181.0,11246.049999999894,241.08,1.134650854443339
6088,181.0,11248.061111111005,241.12,1.1331729610360108
6089,182.0,11250.077777777671,241.16,1.3912471617741227
6090,182.0,11252.099999999895,241.20000000000002,1.5157522537061454
6091,183.0,11254.127777777672,241.24,1.5219515758237419
6092,182.0,11256.15555555545,241.28,1.3857017482863259
6093,182.0,11258.177777777672,241.32,1.1326279784592013
6094,183.0,11260.20555555545,241.36,1.0753143024270737
6095,183.0,11262.238888888784,241.4,1.2008648759939464
6096,183.0,11264.272222222116,241.44,1.5158994499934388
6097,183.0,11266.305555555451,241.48000000000002,2.0175871013089606
6098,183.0,11268.338888888784,241.52,2.0141877311067544
6099,184.0,11270.377777777672,241.56,2.148997914694386
6100,184.0,11272.422222222116,241.6,2.396838518261212
6101,185.0,11274.472222222117,241.64000000000001,2.4675568497225355
6102,185.0,11276.527777777672,241.68,2.652015448980406
6103,185.0,11278.583333333227,241.72,2.583414291700397
6104,186.0,11280.644444444337,241.76,2.276495730015939
6105,186.0,11282.711111111004,241.8,2.3989752568217915
6106,186.0,11284.77777777767,241.84,2.268942321201317
6107,187.0,11286.849999999891,241.88,2.593282350896579
6108,187.0,11288.92777777767,241.92000000000002,2.650979138859331
6109,187.0,11291.005555555446,241.96,2.4567265063755483
6110,188.0,11293.088888888778,242.0,2.7176457426055936
6111,188.0,11295.177777777666,242.04,2.711607501339415
6112,189.0,11297.272222222111,242.08,2.784449664945751
6113,189.0,11299.372222222111,242.12,2.904013327406649
6114,189.0,11301.472222222112,242.16,2.771088794698014
6115,190.0,11303.577777777668,242.20000000000002,2.7176143793850844
6116,190.0,11305.688888888779,242.24,2.7116396956393665
6117,191.0,11307.805555555446,242.28,2.4673863696349447
6118,191.0,11309.927777777668,242.32,2.335730968057361
6119,191.0,11312.049999999892,242.36,2.3319612460207657
6120,192.0,11314.17777777767,242.4,2.404670567651399
6121,192.0,11316.311111111003,242.44,2.526672840684108
6122,192.0,11318.444444444338,242.48000000000002,2.39602298564546
6123,192.0,11320.577777777671,242.52,2.3908212085745566
6124,193.0,11322.71666666656,242.56,2.209060269323412
6125,194.0,11324.86666666656,242.6,2.4714856225749524
6126,194.0,11327.022222222116,242.64000000000001,2.782711976944995
6127,194.0,11329.177777777672,242.68,2.8394232530639365
6128,194.0,11331.333333333227,242.72,2.644308574048094
6129,194.0,11333.488888888782,242.76,2.199788056764284
6130,196.0,11335.65555555545,242.8,2.2193601610399787
6131,196.0,11337.833333333227,242.84,2.3415992016431515
6132,196.0,11340.011111111004,242.88,2.590169981146549
6133,196.0,11342.188888888782,242.92000000000002,2.9010618758773625
6134,196.0,11344.36666666656,242.96,2.895423547840027
6135,197.0,11346.549999999892,243.0,2.589433638631993
6136,197.0,11348.73888888878,243.04,3.024683662321525
6137,198.0,11350.933333333225,243.08,3.221282743735321
6138,199.0,11353.13888888878,243.12,3.1652037851904815
6139,199.0,11355.34999999989,243.16,2.841530958837208
6140,199.0,11357.561111111001,243.20000000000002,2.584706331773813
6141,200.0,11359.777777777666,243.24,2.720196279057153
6142,200.0,11361.999999999889,243.28,2.5266165849916766
6143,200.0,11364.222222222112,243.32,2.3961421822482585
6144,200.0,11366.444444444334,243.36,2.391147581046837
6145,201.0,11368.672222222112,243.4,2.5252351686931473
6146,202.0,11370.911111111001,243.44,2.4067719938034036
6147,202.0,11373.155555555448,243.48000000000002,2.4017845757618868
6148,202.0,11375.399999999892,243.52,2.5238756940235763
6149,202.0,11377.644444444337,243.56,2.393592839707292
6150,203.0,11379.894444444337,243.6,2.339514336027402
6151,203.0,11382.149999999894,243.64000000000001,2.335948663075277
6152,203.0,11384.40555555545,243.68,2.4571523102773014
6153,204.0,11386.66666666656,243.72,2.4008995693973496
6154,204.0,11388.933333333227,243.76,2.4600238013105176
6155,205.0,11391.20555555545,243.8,2.2783731421983338
6156,205.0,11393.483333333228,243.84,1.8947708003318757
6157,205.0,11395.761111111005,243.88,1.071944757208895
6158,205.0,11398.038888888785,243.92000000000002,0.18908318402464913
6159,206.0,11400.322222222117,243.96,-0.6966244366110947
6160,206.0,11402.611111111006,244.0,-2.470927767511177
6161,205.0,11404.894444444339,244.04,-3.916133481780189
6162,204.0,11407.166666666562,244.08,-5.297626192791679
6163,204.0,11409.433333333229,244.12,-6.275117756483153
6164,203.0,11411.69444444434,244.16,-7.421463597932177
6165,200.0,11413.93333333323,244.20000000000002,-8.795334203929633
6166,199.0,11416.149999999896,244.24,-10.001701079746743
6167,198.0,11418.35555555545,244.28,-10.912839410654955
6168,198.0,11420.55555555545,244.32,-11.268396503584091
6169,196.0,11422.744444444339,244.36,-11.186288194708004
6170,192.0,11424.899999999894,244.4,-11.231232820204655
6171,190.0,11427.022222222116,244.44,-11.655754595176209
6172,189.0,11429.127777777672,244.48000000000002,-11.458337339751868
6173,189.0,11431.227777777673,244.52,-11.309817075937461
6174,187.0,11433.31666666656,244.56,-9.949668249318123
6175,184.0,11435.37777777767,244.6,-8.847739481394541
6176,183.0,11437.41666666656,244.64000000000001,-8.920353218911396
6177,183.0,11439.449999999893,244.68,-9.175495899948958
6178,181.0,11441.472222222115,244.72,-8.830488466619402
6179,181.0,11443.483333333226,244.76,-8.061966938086133
6180,179.0,11445.483333333228,244.8,-7.701397331593801
6181,177.0,11447.461111111006,244.84,-7.916471957518817
6182,176.0,11449.422222222116,244.88,-8.115177784409507
6183,176.0,11451.377777777672,244.92000000000002,-7.914077681651274
6184,175.0,11453.327777777671,244.96,-7.607588520643943
6185,173.0,11455.261111111004,245.0,-7.496718008744304
6186,172.0,11457.17777777767,245.04,-7.935424717070256
6187,171.0,11459.083333333227,245.08,-8.574964588113119
6188,170.0,11460.97777777767,245.12,-9.411997549463836
6189,170.0,11462.86666666656,245.16,-9.427912456029466
6190,167.0,11464.738888888784,245.20000000000002,-9.711271709278126
6191,165.0,11466.583333333228,245.24,-10.121765007000219
6192,164.0,11468.411111111005,245.28,-10.659634848868093
6193,162.0,11470.222222222115,245.32,-10.513336935073093
6194,162.0,11472.022222222116,245.36,-10.552683125003773
6195,159.0,11473.80555555545,245.4,-10.314122594617352
6196,158.0,11475.56666666656,245.44,-10.78172139122963
6197,156.0,11477.311111111005,245.48000000000002,-11.443474340057401
6198,156.0,11479.044444444338,245.52,-11.509266334876816
6199,154.0,11480.766666666561,245.56,-11.43379256445227
6200,151.0,11482.461111111004,245.6,-11.198254069452641
6201,149.0,11484.127777777672,245.64000000000001,-11.611919582006735
6202,147.0,11485.772222222116,245.68,-11.89914936545679
6203,147.0,11487.40555555545,245.72,-11.926147881567127
6204,146.0,11489.033333333227,245.76,-11.088577522192205
6205,143.0,11490.638888888783,245.8,-10.651164292410929
6206,141.0,11492.21666666656,245.84,-10.862324954210147
6207,139.0,11493.772222222115,245.88,-11.020275948618321
6208,139.0,11495.31666666656,245.92000000000002,-11.038314406749048
6209,138.0,11496.855555555449,245.96,-10.322820449291447
6210,135.0,11498.372222222115,246.0,-9.439770406788632
6211,133.0,11499.861111111004,246.04,-9.325015580004624
6212,132.0,11501.333333333227,246.08,-9.348662588416808
6213,132.0,11502.799999999894,246.12,-9.892834799420886
6214,131.0,11504.261111111005,246.16,-9.414759189826162
6215,129.0,11505.70555555545,246.20000000000002,-9.8504147378147
6216,127.0,11507.127777777672,246.24,-10.867815281696641
6217,126.0,11508.533333333227,246.28,-11.941831747517009
6218,124.0,11509.922222222116,246.32,-12.260122181432221
6219,124.0,11511.299999999894,246.36,-12.068772827788276
6220,119.0,11512.649999999894,246.4,-11.310595081435117
6221,117.0,11513.961111111004,246.44,-11.086651491561588
6222,116.0,11515.25555555545,246.48000000000002,-10.897373649354796
6223,116.0,11516.544444444338,246.52,-10.40752648106524
6224,115.0,11517.827777777671,246.56,-9.496518235241668
6225,113.0,11519.094444444338,246.6,-7.836661957716389
6226,111.0,11520.338888888782,246.64000000000001,-7.398252346367829
6227,110.0,11521.56666666656,246.68,-7.344262485001824
6228,109.0,11522.783333333227,246.72,-6.977898083039345
6229,109.0,11523.994444444339,246.76000000000002,-6.339836577233013
6230,108.0,11525.199999999895,246.8,-5.6280810006752775
6231,107.0,11526.394444444339,246.84,-5.29532947981044
6232,106.0,11527.577777777671,246.88,-5.407398988252902
6233,106.0,11528.75555555545,246.92000000000002,-5.700710192765327
6234,105.0,11529.927777777672,246.96,-5.75969308160089
6235,104.0,11531.088888888782,247.0,-5.623387173529304
6236,103.0,11532.238888888782,247.04,-5.612519886061746
6237,102.0,11533.37777777767,247.08,-5.728372499389166
6238,101.0,11534.505555555448,247.12,-5.660718442447194
6239,101.0,11535.62777777767,247.16,-5.451236918077842
6240,100.0,11536.744444444337,247.20000000000002,-5.310176353488081
6241,99.0,11537.849999999893,247.24,-4.98181515743952
6242,98.0,11538.944444444338,247.28,-4.840408007346327
6243,98.0,11540.033333333227,247.32,-4.623145885654884
6244,97.0,11541.116666666561,247.36,-4.608612323430616
6245,96.0,11542.188888888782,247.4,-4.774964109234445
6246,96.0,11543.255555555448,247.44,-4.8075341766838555
6247,95.0,11544.31666666656,247.48000000000002,-4.667649314430841
6248,95.0,11545.372222222115,247.52,-4.830738736310271
6249,94.0,11546.422222222114,247.56,-4.498810791888807
6250,92.0,11547.455555555447,247.6,-4.681145641726889
6251,92.0,11548.477777777669,247.64000000000001,-4.844786804327373
6252,92.0,11549.49999999989,247.68,-3.9355406075078405
6253,91.0,11550.516666666557,247.72,-3.0349312683472287
6254,91.0,11551.527777777668,247.76000000000002,-1.9041279653436847
6255,89.0,11552.527777777668,247.8,-2.1093646592758555
6256,89.0,11553.516666666557,247.84,-2.9844788807207894
6257,91.0,11554.516666666557,247.88,-3.575859056086175
6258,91.0,11555.527777777668,247.92000000000002,-3.7237490138266214
6259,91.0,11556.53888888878,247.96,-4.199886456720749
6260,87.0,11557.527777777668,248.0,-4.106718987485195
6261,86.0,11558.48888888878,248.04,-4.536282641871952
6262,86.0,11559.444444444336,248.08,-5.088574073169054
6263,86.0,11560.399999999892,248.12,-4.563265090460707
6264,85.0,11561.349999999891,248.16,-3.5298602040482283
6265,85.0,11562.294444444336,248.20000000000002,-2.3989197884349562
6266,85.0,11563.23888888878,248.24,-2.280951548363743
6267,84.0,11564.177777777668,248.28,-2.577415616182227
6268,84.0,11565.111111111,248.32,-2.652561586707737
6269,84.0,11566.044444444335,248.36,-2.4740684176402192
6270,83.0,11566.972222222112,248.4,-2.7077068304516483
6271,83.0,11567.894444444333,248.44,-3.03614158139668
6272,82.0,11568.811111111001,248.48000000000002,-3.014753768634932
6273,82.0,11569.722222222112,248.52,-3.097019514824026
6274,82.0,11570.633333333222,248.56,-2.9252752906746853
6275,81.0,11571.538888888777,248.6,-2.7763867408525913
6276,80.0,11572.433333333222,248.64000000000001,-3.0055565523255936
6277,80.0,11573.32222222211,248.68,-2.95793370028584
6278,80.0,11574.211111110999,248.72,-2.9761387681234948
6279,80.0,11575.099999999888,248.76000000000002,-4.947289051522641
6280,79.0,11575.98333333322,248.8,-6.18371474828294
6281,78.0,11576.855555555443,248.84,-7.129719878071336
6282,78.0,11577.72222222211,248.88,-6.37388489040828
6283,78.0,11578.588888888777,248.92000000000002,-5.3034187756809645
6284,71.0,11579.416666666555,248.96,-3.5596158675660172
6285,71.0,11580.205555555443,249.0,-3.511523303491695
6286,71.0,11580.994444444332,249.04,-3.28257203074331
6287,76.0,11581.811111111,249.08,-0.8529457947721936
6288,76.0,11582.655555555444,249.12,1.833694656109102
6289,76.0,11583.499999999889,249.16,4.465005814414528
6290,71.0,11584.316666666557,249.20000000000002,4.3796546342299125
6291,71.0,11585.105555555445,249.24,4.108482675755982
6292,78.0,11585.933333333223,249.28,4.035283825556932
6293,78.0,11586.79999999989,249.32,4.8887197567699365
6294,78.0,11587.666666666557,249.36,5.773358948839819
6295,79.0,11588.53888888878,249.4,6.704019108648215
6296,79.0,11589.416666666557,249.44,5.326821951465479
6297,80.0,11590.29999999989,249.48000000000002,3.352908411082531
6298,80.0,11591.188888888779,249.52,3.5814807337412637
6299,81.0,11592.083333333223,249.56,3.855434425813765
6300,82.0,11592.988888888778,249.6,4.069806105104618
6301,82.0,11593.89999999989,249.64000000000001,4.164402976257644
6302,82.0,11594.811111111001,249.68,4.198163176938211
6303,83.0,11595.727777777667,249.72,4.215023614105166
6304,84.0,11596.655555555446,249.76000000000002,3.8551977788723515
6305,85.0,11597.594444444334,249.8,3.8119755803164233
6306,85.0,11598.538888888777,249.84,4.038325432747828
6307,86.0,11599.488888888776,249.88,3.9304703428755388
6308,86.0,11600.444444444332,249.92000000000002,3.720179379075508
6309,86.0,11601.399999999889,249.96,3.4483010484380268
6310,87.0,11602.361111111,250.0,3.5328873819999065
6311,88.0,11603.333333333223,250.04,3.613522864468598
6312,88.0,11604.311111111001,250.08,3.656051639807753
6313,89.0,11605.294444444335,250.12,3.73553955525989
6314,89.0,11606.283333333224,250.16,3.776057756779563
6315,90.0,11607.277777777668,250.20000000000002,3.79914451058697
6316,90.0,11608.277777777668,250.24,3.7136056389172762
6317,91.0,11609.283333333224,250.28,3.984533853575116
6318,91.0,11610.294444444335,250.32,3.8334719760449607
6319,92.0,11611.311111111001,250.36,4.0400823388501435
6320,93.0,11612.338888888778,250.4,4.186788362613779
6321,93.0,11613.372222222111,250.44,4.537070502145516
6322,94.0,11614.411111111001,250.48000000000002,4.490153198699032
6323,94.0,11615.455555555445,250.52,4.646102386978934
6324,95.0,11616.505555555445,250.56,4.410323626102569
6325,96.0,11617.566666666555,250.6,4.745606052350168
6326,97.0,11618.638888888778,250.64000000000001,5.267458358633075
6327,97.0,11619.716666666556,250.68,5.5423903530473755
6328,98.0,11620.79999999989,250.72,5.674732078010319
6329,98.0,11621.88888888878,250.76000000000002,5.565755765296135
6330,100.0,11622.98888888878,250.8,5.696533519274267
6331,101.0,11624.105555555447,250.84,5.895280934098477
6332,102.0,11625.233333333224,250.88,5.89718385572804
6333,102.0,11626.366666666558,250.92000000000002,5.343124589759218
6334,103.0,11627.505555555446,250.96,5.040234979232168
6335,104.0,11628.655555555446,251.0,4.873936286439628
6336,105.0,11629.816666666557,251.04,5.145720750916204
6337,105.0,11630.983333333224,251.08,5.489476813152477
6338,105.0,11632.14999999989,251.12,5.631415843327135
6339,106.0,11633.322222222112,251.16,5.641417635897313
6340,108.0,11634.511111111002,251.20000000000002,5.829859439884685
6341,109.0,11635.716666666558,251.24,6.089199359482074
6342,110.0,11636.933333333225,251.28,6.470582205185523
6343,110.0,11638.155555555448,251.32,6.222992622772635
6344,111.0,11639.383333333226,251.36,5.475271336930136
6345,112.0,11640.622222222115,251.4,4.86031023246336
6346,113.0,11641.872222222115,251.44,5.0672381096270875
6347,114.0,11643.133333333226,251.48000000000002,5.079279409469925
6348,114.0,11644.399999999892,251.52,5.234907305185977
6349,114.0,11645.666666666559,251.56,4.888014284564915
6350,115.0,11646.93888888878,251.6,5.09270382791633
6351,117.0,11648.22777777767,251.64000000000001,5.467883591645979
6352,117.0,11649.52777777767,251.68,5.554124791973749
6353,118.0,11650.833333333225,251.72,5.555851643850798
6354,118.0,11652.144444444337,251.76000000000002,5.390608932907126
6355,120.0,11653.466666666558,251.8,5.133093820807515
6356,121.0,11654.805555555447,251.84,4.958178652672086
6357,121.0,11656.149999999892,251.88,4.926143511793428
6358,121.0,11657.494444444337,251.92000000000002,4.7733090538586564
6359,122.0,11658.844444444338,251.96,4.53304918469437
6360,123.0,11660.205555555449,252.0,4.4890459784421655
6361,124.0,11661.577777777671,252.04,4.946403671804427
6362,124.0,11662.955555555449,252.08,5.228401674230283
6363,125.0,11664.338888888782,252.12,5.108440851311815
6364,125.0,11665.72777777767,252.16,4.828833692320998
6365,127.0,11667.127777777672,252.20000000000002,4.816992300583595
6366,128.0,11668.544444444338,252.24,4.956328225220302
6367,128.0,11669.96666666656,252.28,5.243677586737984
6368,128.0,11671.388888888781,252.32,5.340410442058086
6369,129.0,11672.81666666656,252.36,5.285547490771773
6370,130.0,11674.255555555448,252.4,5.046621187156237
6371,131.0,11675.705555555447,252.44,4.990819380756529
6372,132.0,11677.166666666559,252.48000000000002,4.869167206314725
6373,133.0,11678.638888888781,252.52,4.688774739051164
6374,133.0,11680.11666666656,252.56,4.036387740305969
6375,134.0,11681.599999999893,252.6,3.990428609584254
6376,134.0,11683.088888888782,252.64000000000001,4.103694267134261
6377,134.0,11684.577777777671,252.68,4.402880507501344
6378,135.0,11686.072222222116,252.72,4.603064181512979
6379,135.0,11687.572222222116,252.76000000000002,4.701313550006201
6380,137.0,11689.083333333227,252.8,4.808520117831853
6381,138.0,11690.611111111004,252.84,5.132590737686932
6382,139.0,11692.149999999892,252.88,5.3313241495274335
6383,139.0,11693.694444444338,252.92000000000002,4.986803672447905
6384,139.0,11695.238888888782,252.96,4.836550370939718
6385,140.0,11696.788888888781,253.0,4.537607299267976
6386,141.0,11698.349999999891,253.04,4.7398190734454
6387,142.0,11699.922222222114,253.08,4.8118954499929725
6388,142.0,11701.49999999989,253.12,4.783639622358142
6389,143.0,11703.083333333223,253.16,5.046414816379389
6390,144.0,11704.677777777668,253.20000000000002,5.4400162267825936
6391,145.0,11706.283333333224,253.24,5.575510879975211
6392,145.0,11707.894444444335,253.28,5.796065116669622
6393,145.0,11709.505555555446,253.32,5.820800213357288
6394,147.0,11711.127777777669,253.36,5.423557586875559
6395,149.0,11712.772222222113,253.4,5.532925563823948
6396,149.0,11714.427777777668,253.44,5.693289040716037
6397,150.0,11716.08888888878,253.48000000000002,5.696700482175927
6398,150.0,11717.755555555446,253.52,5.477897404328538
6399,150.0,11719.422222222112,253.56,4.7018850223355795
6400,152.0,11721.09999999989,253.6,4.810430540956734
6401,153.0,11722.794444444335,253.64000000000001,5.070755618890665
6402,153.0,11724.494444444334,253.68,5.172214035352018
6403,154.0,11726.199999999888,253.72,5.177137775771177
6404,154.0,11727.911111111,253.76000000000002,4.711021790092866
6405,156.0,11729.633333333222,253.8,4.502901660433915
6406,156.0,11731.366666666556,253.84,4.42110626869199
6407,157.0,11733.105555555445,253.88,4.302763276234549
6408,157.0,11734.84999999989,253.92000000000002,3.7816503150481595
6409,157.0,11736.594444444334,253.96,3.5807880761421704
6410,159.0,11738.34999999989,254.0,3.682600512733673
6411,159.0,11740.116666666556,254.04,4.303646699982737
6412,159.0,11741.883333333224,254.08,4.475777096911608
6413,159.0,11743.64999999989,254.12,4.579871522907221
6414,160.0,11745.422222222112,254.16,4.0206131125512945
6415,162.0,11747.211111111003,254.20000000000002,3.1689179138811037
6416,163.0,11749.016666666557,254.24,3.0509900287327723
6417,163.0,11750.827777777668,254.28,2.662163146436251
6418,163.0,11752.638888888778,254.32,2.0244770235699576
6419,162.0,11754.444444444334,254.36,1.445770843329044
6420,162.0,11756.244444444334,254.4,0.942998941512004
6421,163.0,11758.049999999888,254.44,1.264735428872412
6422,163.0,11759.861111111,254.48000000000002,1.7678592038511534
6423,163.0,11761.67222222211,254.52,2.141664833825665
6424,164.0,11763.488888888776,254.56,2.401360879624328
6425,164.0,11765.311111110997,254.6,2.1435940861596143
6426,165.0,11767.138888888776,254.64000000000001,2.0268890765696463
6427,165.0,11768.972222222108,254.68,2.6567660388515275
6428,165.0,11770.80555555544,254.72,2.9666508380655734
6429,165.0,11772.638888888774,254.76000000000002,3.2751934757720953
6430,165.0,11774.472222222106,254.8,3.2636978737198206
6431,166.0,11776.311111110996,254.84,3.336559274750728
6432,168.0,11778.166666666551,254.88,3.491217032990817
6433,168.0,11780.033333333218,254.92000000000002,3.3518717811804932
6434,169.0,11781.90555555544,254.96,3.2983894338137225
6435,168.0,11783.777777777663,255.0,3.523874873721532
6436,169.0,11785.649999999885,255.04,3.3479015829809753
6437,169.0,11787.527777777665,255.08,3.0882326179363733
6438,169.0,11789.405555555442,255.12,3.2039488807264336
6439,170.0,11791.288888888776,255.16,3.4024648725781974
6440,172.0,11793.188888888777,255.20000000000002,4.001929367288879
6441,172.0,11795.099999999888,255.24,4.17938197313614
6442,172.0,11797.011111110998,255.28,4.289202361893175
6443,172.0,11798.922222222109,255.32,4.02161373595218
6444,173.0,11800.838888888777,255.36,3.7186186687912453
6445,174.0,11802.766666666554,255.4,3.667671229600775
6446,175.0,11804.705555555442,255.44,3.9287478990080675
6447,175.0,11806.649999999887,255.48000000000002,3.8507289245402463
6448,175.0,11808.59444444433,255.52,3.7756520535164024
6449,176.0,11810.54444444433,255.56,3.34504747101361
6450,177.0,11812.505555555439,255.6,3.229773370136933
6451,177.0,11814.472222222106,255.64000000000001,3.411845273685119
6452,177.0,11816.438888888773,255.68,3.5901303467859567
6453,178.0,11818.411111110996,255.72,3.4727002411362498
6454,178.0,11820.388888888774,255.76000000000002,3.3382361629104804
6455,179.0,11822.372222222108,255.8,3.221446322577175
6456,180.0,11824.366666666552,255.84,3.166113923971254
6457,180.0,11826.366666666552,255.88,3.158122951012905
6458,180.0,11828.366666666554,255.92000000000002,2.835868731613139
6459,181.0,11830.37222222211,255.96,2.9089839495780847
6460,181.0,11832.38333333322,256.0,2.9672928971567654
6461,181.0,11834.394444444333,256.04,3.023583833506534
6462,182.0,11836.411111110998,256.08,2.8412980847062776
6463,182.0,11838.433333333222,256.12,2.4558368349066
6464,183.0,11840.461111111,256.16,1.8958062987589286
6465,184.0,11842.499999999887,256.2,1.204903343208802
6466,184.0,11844.544444444333,256.24,0.12669988075041932
6467,183.0,11846.583333333223,256.28000000000003,-1.2606100963649178
6468,183.0,11848.616666666554,256.32,-2.8398659503381456
6469,183.0,11850.649999999889,256.36,-4.179835736660326
6470,182.0,11852.677777777664,256.4,-5.502366899254717
6471,181.0,11854.694444444332,256.44,-6.005909778265453
6472,180.0,11856.69999999989,256.48,-6.005923455587598
6473,178.0,11858.688888888777,256.52,-6.1619662034924
6474,178.0,11860.666666666555,256.56,-6.509833049378895
6475,176.0,11862.633333333222,256.6,-6.780714938423903
6476,176.0,11864.588888888777,256.64,-7.068122565452328
6477,176.0,11866.544444444333,256.68,-7.297686825706088
6478,175.0,11868.494444444334,256.72,-7.110042959256511
6479,173.0,11870.427777777664,256.76,-7.265214631680811
6480,171.0,11872.338888888777,256.8,-7.7246078126262345
6481,170.0,11874.233333333223,256.84000000000003,-8.49055707639165
6482,169.0,11876.116666666554,256.88,-9.133927707691749
6483,169.0,11877.994444444334,256.92,-8.952080751231689
6484,168.0,11879.866666666554,256.96,-8.51950352620944
6485,165.0,11881.716666666554,257.0,-8.801412008324101
6486,164.0,11883.544444444333,257.04,-9.323540552099685
6487,162.0,11885.355555555443,257.08,-9.91758729567525
6488,162.0,11887.155555555444,257.12,-10.393894935804433
6489,161.0,11888.94999999989,257.16,-9.85674358499405
6490,158.0,11890.72222222211,257.2,-9.560362140289117
6491,157.0,11892.47222222211,257.24,-10.087641611432478
6492,155.0,11894.205555555443,257.28000000000003,-10.2422942175343
6493,154.0,11895.922222222109,257.32,-10.224214586994869
6494,154.0,11897.63333333322,257.36,-10.002647144542944
6495,151.0,11899.327777777664,257.4,-9.886722746238679
6496,149.0,11900.994444444332,257.44,-10.16337889719757
6497,148.0,11902.644444444333,257.48,-9.884801518343211
6498,148.0,11904.288888888776,257.52,-10.742913848769874
6499,146.0,11905.92222222211,257.56,-10.779732337253924
6500,143.0,11907.527777777666,257.6,-10.347919458664393
6501,142.0,11909.111111110999,257.64,-10.698217018607215
6502,142.0,11910.688888888777,257.68,-11.144314782910902
6503,138.0,11912.244444444334,257.72,-10.655248648958853
6504,138.0,11913.777777777665,257.76,-9.821356124248512
6505,136.0,11915.299999999888,257.8,-9.515000800935825
6506,134.0,11916.799999999888,257.84000000000003,-9.908226860295642
6507,133.0,11918.28333333322,257.88,-10.065948449871483
6508,133.0,11919.761111110998,257.92,-9.905872460236159
6509,132.0,11921.233333333219,257.96,-10.077802374855176
6510,129.0,11922.68333333322,258.0,-9.82930896904083
6511,127.0,11924.105555555443,258.04,-10.03499077491689
6512,126.0,11925.511111110998,258.08,-10.396407175048813
6513,124.0,11926.899999999889,258.12,-10.119077125242248
6514,124.0,11928.277777777666,258.16,-9.725974970615002
6515,122.0,11929.644444444331,258.2,-9.779458766837676
6516,120.0,11930.988888888776,258.24,-10.100930777703825
6517,119.0,11932.316666666555,258.28000000000003,-10.522672295528743
6518,119.0,11933.638888888776,258.32,-10.413271155456975
6519,117.0,11934.949999999888,258.36,-10.258613709584285
6520,113.0,11936.227777777665,258.4,-9.964550401979848
6521,112.0,11937.477777777665,258.44,-10.248555413265384
6522,111.0,11938.716666666554,258.48,-10.240827499542196
6523,111.0,11939.949999999886,258.52,-10.381555705083235
6524,110.0,11941.177777777664,258.56,-9.710247374424206
6525,107.0,11942.38333333322,258.6,-9.170537341122845
6526,105.0,11943.561111110997,258.64,-9.495476869470197
6527,105.0,11944.727777777665,258.68,-9.82334551746373
6528,103.0,11945.883333333222,258.72,-9.469680444534918
6529,102.0,11947.022222222111,258.76,-8.990764868995932
6530,100.0,11948.144444444333,258.8,-8.15884562353216
6531,99.0,11949.249999999889,258.84000000000003,-7.608292060745518
6532,98.0,11950.344444444332,258.88,-7.057351123468948
6533,98.0,11951.433333333222,258.92,-5.917971847749937
6534,96.0,11952.511111110998,258.96,-4.777484585325385
6535,95.0,11953.57222222211,259.0,-3.878209073585111
6536,95.0,11954.627777777667,259.04,-3.582189310980857
6537,95.0,11955.683333333222,259.08,-3.2198861990562646
6538,95.0,11956.738888888778,259.12,-2.8536627665348258
6539,95.0,11957.794444444335,259.16,-2.1621340906057376
6540,94.0,11958.844444444334,259.2,-2.2084630110108665
6541,93.0,11959.883333333224,259.24,-2.6942701360518053
6542,93.0,11960.916666666559,259.28000000000003,-3.2724432039133915
6543,93.0,11961.949999999892,259.32,-3.544168764255959
6544,93.0,11962.983333333226,259.36,-3.818240516638029
6545,92.0,11964.011111111004,259.4,-3.6722225688500028
6546,91.0,11965.02777777767,259.44,-3.842603933926999
6547,90.0,11966.033333333226,259.48,-4.017296356529219
6548,90.0,11967.033333333224,259.52,-4.235833642969702
6549,89.0,11968.027777777668,259.56,-4.342838139874652
6550,89.0,11969.016666666557,259.6,-3.739368803466497
6551,88.0,11969.999999999889,259.64,-3.0890925559794358
6552,88.0,11970.977777777667,259.68,-2.849893176562772
6553,87.0,11971.94999999989,259.72,-2.955621430086355
6554,86.0,11972.911111111,259.76,-2.746895149387973
6555,87.0,11973.872222222111,259.8,-2.9810769242176747
6556,87.0,11974.838888888778,259.84000000000003,-3.1836893058687763
6557,86.0,11975.799999999888,259.88,-3.354608154480264
6558,85.0,11976.749999999889,259.92,-3.208805159506526
6559,85.0,11977.694444444332,259.96,-2.8513541359623766
6560,84.0,11978.633333333222,260.0,-3.2762151369490824
6561,83.0,11979.561111111001,260.04,-3.067403778411159
6562,83.0,11980.483333333223,260.08,-2.8906326684864903
6563,83.0,11981.405555555446,260.12,-2.7136548499546302
6564,84.0,11982.333333333225,260.16,-2.3116765370567407
6565,82.0,11983.255555555446,260.2,-1.6355644147791182
6566,82.0,11984.166666666559,260.24,-1.5131018704708201
6567,81.0,11985.072222222114,260.28000000000003,-1.5619461613664318
6568,81.0,11985.972222222113,260.32,-1.5043217678632914
6569,82.0,11986.877777777669,260.36,-1.3362638786590888
6570,82.0,11987.78888888878,260.4,-0.6363911589472936
6571,81.0,11988.694444444334,260.44,-0.5033543191505665
6572,81.0,11989.594444444334,260.48,-0.31470191491061617
6573,81.0,11990.494444444334,260.52,-0.4411750590539305
6574,81.0,11991.394444444333,260.56,-0.5682437729888733
6575,81.0,11992.294444444333,260.6,-4.3532283803859296e-13
6576,81.0,11993.194444444332,260.64,0.5682437729888571
6577,81.0,11994.094444444332,260.68,0.7567220923230711
6578,81.0,11994.994444444332,260.72,0.5662085746812916
6579,81.0,11995.894444444331,260.76,0.376840175302815
6580,82.0,11996.799999999886,260.8,0.19055477172356983
6581,82.0,11997.711111110999,260.84000000000003,0.3176629074077929
6582,82.0,11998.62222222211,260.88,0.6991705996796741
6583,81.0,11999.527777777665,260.92,0.9411529436464132
6584,81.0,12000.427777777664,260.96,0.751495336554227
6585,81.0,12001.327777777664,261.0,-0.12497100073491803
6586,82.0,12002.233333333219,261.04,-0.5687399832210337
6587,83.0,12003.149999999885,261.08,-0.5761843591611954
6588,83.0,12004.072222222108,261.12,-0.51255954774493
6589,82.0,12004.988888888776,261.16,-0.7612686114563368
6590,80.0,12005.888888888776,261.2,-0.9933667656750778
6591,80.0,12006.777777777665,261.24,-1.5575338256098847
6592,81.0,12007.672222222109,261.28000000000003,-2.024710609544908
6593,81.0,12008.572222222108,261.32,-1.9028856292409382
6594,81.0,12009.472222222108,261.36,-1.524706889953811
6595,81.0,12010.372222222108,261.4,-0.318691076437717
6596,80.0,12011.266666666552,261.44,0.44205605875227244
6597,79.0,12012.149999999885,261.48,0.9985471083399657
6598,79.0,12013.027777777663,261.52,1.4306752254125144
6599,79.0,12013.90555555544,261.56,1.7953306158539766
6600,82.0,12014.799999999885,261.6,2.1718057179639736
6601,83.0,12015.71666666655,261.64,2.7625375633846514
6602,83.0,12016.638888888774,261.68,2.808983676948414
6603,82.0,12017.555555555442,261.72,2.2606192068594346
6604,82.0,12018.466666666553,261.76,1.8180921899180535
6605,82.0,12019.377777777665,261.8,0.752232498431094
6606,83.0,12020.294444444333,261.84000000000003,0.5703628271861593
6607,83.0,12021.216666666554,261.88,1.012307304995792
6608,83.0,12022.138888888778,261.92,1.3876574136632942
6609,84.0,12023.066666666555,261.96,1.3371783785517533
6610,83.0,12023.994444444334,262.0,1.1301671092928949
6611,83.0,12024.916666666557,262.04,0.8152559953527874
6612,84.0,12025.844444444334,262.08,0.7603701680330527
6613,84.0,12026.777777777668,262.12,0.6328174599896729
6614,84.0,12027.711111111003,262.16,0.7592160556624286
6615,84.0,12028.644444444335,262.2,1.1363584455429467
6616,84.0,12029.57777777767,262.24,1.0714873855920994
6617,84.0,12030.511111111004,262.28000000000003,1.1967617915847453
6618,84.0,12031.444444444336,262.32,1.5079445330002117
6619,85.0,12032.383333333226,262.36,1.7109124797526452
6620,85.0,12033.32777777767,262.4,1.4512124126788615
6621,85.0,12034.272222222115,262.44,1.1319837665481018
6622,86.0,12035.222222222115,262.48,0.761914237965662
6623,86.0,12036.17777777767,262.52,0.6347988994416799
6624,86.0,12037.133333333226,262.56,0.6989494494216529
6625,85.0,12038.083333333227,262.6,1.2558958000154106
6626,85.0,12039.02777777767,262.64,1.315739548431605
6627,85.0,12039.972222222115,262.68,0.9372242352021081
6628,86.0,12040.922222222116,262.72,0.8823252485604655
6629,87.0,12041.883333333226,262.76,0.8264739644922765
6630,88.0,12042.855555555449,262.8,1.4125047739188072
6631,87.0,12043.827777777671,262.84000000000003,1.4576415674209062
6632,86.0,12044.788888888781,262.88,1.3136655362715979
6633,86.0,12045.744444444337,262.92,1.313377819986902
6634,86.0,12046.699999999892,262.96,1.4363327149094394
6635,88.0,12047.666666666559,263.0,1.783442661340551
6636,88.0,12048.644444444337,263.04,2.3432535611689564
6637,88.0,12049.622222222113,263.08,2.771930249301545
6638,89.0,12050.605555555447,263.12,2.6633973112386062
6639,89.0,12051.594444444336,263.16,2.274069813190633
6640,89.0,12052.583333333223,263.2,1.6387094901905508
6641,89.0,12053.572222222112,263.24,1.8231454694946658
6642,90.0,12054.566666666557,263.28000000000003,1.8383944193255026
6643,90.0,12055.566666666557,263.32,1.6440451577018032
6644,90.0,12056.566666666557,263.36,1.9548633047584427
6645,90.0,12057.566666666557,263.4,2.073864883778375
6646,91.0,12058.572222222112,263.44,2.0262328639047875
6647,91.0,12059.583333333223,263.48,1.7676404270025776
6648,91.0,12060.594444444334,263.52,2.014124398966958
6649,92.0,12061.611111111,263.56,2.7294084364481823
6650,92.0,12062.633333333222,263.6,3.4150029488465705
6651,92.0,12063.655555555444,263.64,3.711624711072543
6652,92.0,12064.677777777666,263.68,4.311719127240975
6653,93.0,12065.705555555445,263.72,4.890130662912465
6654,95.0,12066.749999999889,263.76,5.079885729768461
6655,96.0,12067.811111111001,263.8,6.109346390850469
6656,96.0,12068.877777777669,263.84000000000003,6.805317278299324
6657,97.0,12069.94999999989,263.88,6.926226313766387
6658,98.0,12071.033333333224,263.92,6.421506779970719
6659,98.0,12072.122222222111,263.96,5.613140359373418
6660,101.0,12073.227777777667,264.0,5.479761333025048
6661,102.0,12074.355555555445,264.04,5.7466669209604095
6662,102.0,12075.488888888776,264.08,5.705628543011674
6663,102.0,12076.62222222211,264.12,5.410444137807859
6664,102.0,12077.755555555443,264.16,5.247350602391418
6665,103.0,12078.894444444331,264.2,4.57781648998095
6666,105.0,12080.049999999888,264.24,4.505645151977173
6667,106.0,12081.222222222112,264.28000000000003,4.38610587658718
6668,106.0,12082.399999999889,264.32,4.2312934919024805
6669,107.0,12083.583333333223,264.36,3.7401351277222528
6670,107.0,12084.772222222111,264.4,3.159168968071409
6671,107.0,12085.961111111,264.44,2.8372318597911272
6672,107.0,12087.14999999989,264.48,2.827614743154043
6673,108.0,12088.344444444334,264.52,3.2220158447359073
6674,108.0,12089.544444444335,264.56,3.586522730164922
6675,109.0,12090.74999999989,264.6,4.29478747947527
6676,110.0,12091.966666666556,264.64,4.940165779170539
6677,110.0,12093.188888888779,264.68,5.409097659478387
6678,111.0,12094.416666666557,264.72,5.417181166503501
6679,112.0,12095.655555555444,264.76,5.613067910784932
6680,113.0,12096.905555555444,264.8,5.623064413514136
6681,114.0,12098.166666666555,264.84000000000003,5.7585786162896575
6682,115.0,12099.438888888777,264.88,6.018266443997419
6683,115.0,12100.716666666556,264.92,5.658898599916522
6684,116.0,12101.999999999889,264.96,5.480327032339258
6685,117.0,12103.294444444335,265.0,5.74665148773185
6686,118.0,12104.599999999891,265.04,6.07307750369251
6687,119.0,12105.916666666557,265.08,6.458361395562902
6688,119.0,12107.23888888878,265.12,6.526932890503398
6689,120.0,12108.566666666558,265.16,6.403661148989129
6690,122.0,12109.911111111001,265.2,6.396941538204848
6691,123.0,12111.272222222113,265.24,6.4005964268074855
6692,124.0,12112.644444444335,265.28000000000003,6.467136498274148
6693,124.0,12114.022222222111,265.32,6.226107719632706
6694,125.0,12115.405555555444,265.36,5.794115825219919
6695,126.0,12116.799999999886,265.4,5.428880604809692
6696,127.0,12118.205555555443,265.44,5.502638408116609
6697,128.0,12119.622222222111,265.48,5.382957334433183
6698,128.0,12121.044444444333,265.52,5.411228924881404
6699,129.0,12122.472222222112,265.56,4.979691000629874
6700,130.0,12123.911111111001,265.6,5.375233623327893
6701,131.0,12125.361111111,265.64,5.831128766206264
6702,131.0,12126.816666666557,265.68,5.9807686960697435
6703,132.0,12128.277777777668,265.72,5.980861620177853
6704,132.0,12129.744444444334,265.76,5.753671022417748
6705,135.0,12131.227777777667,265.8,5.78379827941341
6706,136.0,12132.733333333223,265.84000000000003,6.173993343162162
6707,136.0,12134.244444444332,265.88,6.574782618942351
6708,136.0,12135.755555555445,265.92,6.340565832196537
6709,137.0,12137.27222222211,265.96,6.219379560082776
6710,138.0,12138.799999999888,266.0,5.790811434936035
6711,140.0,12140.344444444334,266.04,6.153952269680058
6712,141.0,12141.905555555444,266.08,6.597380847364057
6713,141.0,12143.472222222112,266.12,6.422287907024239
6714,142.0,12145.044444444335,266.16,6.049329414403819
6715,143.0,12146.627777777667,266.2,5.742768630002386
6716,144.0,12148.222222222112,266.24,5.501474528602867
6717,145.0,12149.827777777668,266.28000000000003,5.699332493152469
6718,145.0,12151.438888888777,266.32,5.663715601845446
6719,146.0,12153.055555555444,266.36,5.166185855684711
6720,147.0,12154.68333333322,266.4,5.1777883446912085
6721,148.0,12156.32222222211,266.44,5.315171114222965
6722,149.0,12157.972222222112,266.48,5.2592057626278175
6723,149.0,12159.627777777665,266.52,5.0404232102364235
6724,149.0,12161.283333333222,266.56,4.703942871457588
6725,151.0,12162.94999999989,266.6,4.93891285686185
6726,152.0,12164.633333333222,266.64,5.26769813084884
6727,152.0,12166.322222222112,266.68,5.683540128471656
6728,152.0,12168.011111111002,266.72,5.899397278733097
6729,153.0,12169.705555555445,266.76,5.650580834185066
6730,155.0,12171.416666666557,266.8,5.571558823072556
6731,156.0,12173.144444444335,266.84000000000003,5.576016678105284
6732,157.0,12174.883333333222,266.88,5.769687129772341
6733,157.0,12176.627777777667,266.92,5.422136217287442
6734,157.0,12178.37222222211,266.96,4.5816320829855615
6735,159.0,12180.127777777667,267.0,4.309565011807811
6736,159.0,12181.894444444335,267.04,4.484497021102325
6737,160.0,12183.666666666555,267.08,4.875062267864582
6738,160.0,12185.444444444334,267.12,5.1027008899386
6739,160.0,12187.222222222113,267.16,4.889038811487679
6740,162.0,12189.011111111,267.2,4.614355330217054
6741,163.0,12190.816666666557,267.24,4.875329657958806
6742,164.0,12192.633333333224,267.28000000000003,5.011351831284914
6743,164.0,12194.455555555445,267.32,4.986922111234711
6744,164.0,12196.277777777668,267.36,4.524754859164284
6745,165.0,12198.105555555445,267.4,3.971268658880173
6746,166.0,12199.944444444334,267.44,3.9830665249356265
6747,167.0,12201.794444444335,267.48,3.929445892346903
6748,167.0,12203.649999999889,267.52,4.1674733524583525
6749,167.0,12205.505555555445,267.56,4.0258507336176494
6750,168.0,12207.366666666556,267.6,3.8486415256652617
6751,169.0,12209.238888888776,267.64,3.606366482377515
6752,169.0,12211.116666666556,267.68,3.6587855620132634
6753,170.0,12212.99999999989,267.72,3.730458001981455
6754,170.0,12214.888888888778,267.76,3.4656753895818357
6755,171.0,12216.783333333224,267.8,3.5417016962479453
6756,171.0,12218.683333333225,267.84000000000003,3.531915607384684
6757,172.0,12220.588888888778,267.88,3.5409073492800807
6758,172.0,12222.49999999989,267.92,3.5311847687179205
6759,172.0,12224.411111111,267.96,3.5196637734565797
6760,174.0,12226.333333333223,268.0,3.8689262603537875
6761,174.0,12228.266666666557,268.04,4.108383022482127
6762,174.0,12230.199999999888,268.08,4.283870388918898
6763,175.0,12232.138888888778,268.12,4.417239781692356
6764,175.0,12234.083333333223,268.16,4.148459335085949
6765,177.0,12236.038888888777,268.2,3.8666079566194465
6766,177.0,12238.005555555445,268.24,4.486132558176183
6767,178.0,12239.977777777667,268.28000000000003,4.684041650141165
6768,178.0,12241.955555555443,268.32,4.414123994890114
6769,178.0,12243.933333333222,268.36,4.398419322290573
6770,179.0,12245.916666666553,268.4,3.9681082062384845
6771,181.0,12247.916666666555,268.44,4.188868088314412
6772,181.0,12249.927777777668,268.48,3.9845879012771435
6773,181.0,12251.938888888777,268.52,4.097074830091051
6774,182.0,12253.955555555445,268.56,3.8534503490527654
6775,182.0,12255.977777777669,268.6,3.5293126578723357
6776,183.0,12258.005555555445,268.64,3.478217536563836
6777,183.0,12260.03888888878,268.68,3.7193252959234884
6778,184.0,12262.07777777767,268.72,3.664086952472752
6779,184.0,12264.122222222111,268.76,3.5911499182688003
6780,185.0,12266.172222222112,268.8,3.853028589456243
6781,186.0,12268.233333333224,268.84000000000003,4.05340679448498
6782,186.0,12270.29999999989,268.88,4.1657711301452895
6783,186.0,12272.366666666558,268.92,3.9003390429008924
6784,187.0,12274.438888888779,268.96,3.9719840640980384
6785,188.0,12276.522222222113,269.0,3.665450730081499
6786,189.0,12278.616666666558,269.04,3.674989053172198
6787,189.0,12280.716666666556,269.08,3.6633222445755798
6788,189.0,12282.816666666557,269.12,3.337730757708776
6789,190.0,12284.922222222112,269.16,3.032887064571227
6790,190.0,12287.033333333222,269.2,3.027667576550356
6791,191.0,12289.14999999989,269.24,3.3540608335747226
6792,191.0,12291.272222222115,269.28000000000003,3.659819618600065
6793,191.0,12293.394444444335,269.32,3.6483596173916193
6794,192.0,12295.522222222115,269.36,3.6577441466781853
6795,193.0,12297.661111111001,269.4,3.9822665201923
6796,194.0,12299.811111111003,269.44,3.927320381372836
6797,194.0,12301.96666666656,269.48,3.850763635236193
6798,194.0,12304.122222222113,269.52,3.4613067552846775
6799,195.0,12306.283333333226,269.56,2.7769736527971847
6800,196.0,12308.455555555449,269.6,2.7875841269954345
6801,196.0,12310.633333333224,269.64,3.0995902754468143
6802,196.0,12312.811111111003,269.68,3.7238388166868455
6803,196.0,12314.988888888782,269.72,3.964886257131411
6804,196.0,12317.166666666557,269.76,3.827674954708004
6805,198.0,12319.355555555447,269.8,3.411211666424481
6806,199.0,12321.561111111003,269.84000000000003,3.417768545520085
6807,200.0,12323.777777777668,269.88,3.171220042054941
6808,200.0,12325.99999999989,269.92,2.6575285164560842
6809,200.0,12328.222222222112,269.96,1.5792075109266275
6810,199.0,12330.438888888779,270.0,0.31426350870347003
6811,200.0,12332.655555555446,270.04,-0.37920126627747214
6812,200.0,12334.877777777667,270.08,-0.759024230124701
6813,200.0,12337.09999999989,270.12,-1.075724632679308
6814,199.0,12339.316666666557,270.16,-1.2602055801221292
6815,199.0,12341.527777777666,270.2,-1.324482866438961
6816,199.0,12343.738888888778,270.24,-1.6426094537600928
6817,199.0,12345.94999999989,270.28000000000003,-1.8342380697393441
6818,198.0,12348.155555555444,270.32,-1.8273625858296931
6819,198.0,12350.355555555445,270.36,-1.640203859721789
6820,198.0,12352.555555555442,270.4,-1.6426154680941873
6821,198.0,12354.755555555443,270.44,-1.8342553973009557
6822,197.0,12356.949999999888,270.48,-1.8273451008478885
6823,197.0,12359.138888888774,270.52,-1.6401976934148532
6824,197.0,12361.327777777664,270.56,-1.6426215432557858
6825,197.0,12363.516666666554,270.6,-1.8342729008205623
6826,196.0,12365.699999999884,270.64,-1.8273274374986537
6827,196.0,12367.877777777663,270.68,-1.6401914639540713
6828,196.0,12370.055555555442,270.72,-1.6426276801734996
6829,196.0,12372.233333333217,270.76,-1.834290582991777
6830,195.0,12374.40555555544,270.8,-1.8273095930382068
6831,195.0,12376.572222222108,270.84000000000003,-1.9551485655338414
6832,195.0,12378.738888888773,270.88,-2.5264143597013695
6833,195.0,12380.90555555544,270.92,-2.8481872500483933
6834,194.0,12383.06666666655,270.96,-2.9034656522754814
6835,194.0,12385.222222222106,271.0,-2.7203519883669696
6836,193.0,12387.372222222108,271.04,-3.2796983061279548
6837,192.0,12389.511111110995,271.08,-3.523296321260959
6838,192.0,12391.64444444433,271.12,-3.470370704620972
6839,192.0,12393.777777777665,271.16,-3.0997097098497353
6840,192.0,12395.911111110996,271.2,-3.1067890362631485
6841,190.0,12398.03333333322,271.24,-2.766368527872685
6842,190.0,12400.144444444331,271.28000000000003,-2.8345075401580777
6843,190.0,12402.25555555544,271.32,-2.9678528197245635
6844,190.0,12404.366666666552,271.36,-2.848653217937961
6845,189.0,12406.472222222106,271.4,-2.7758877047639574
6846,189.0,12408.572222222107,271.44,-2.7163206136521296
6847,188.0,12410.666666666551,271.48,-3.0235441529072067
6848,188.0,12412.755555555439,271.52,-3.0950442232270223
6849,188.0,12414.844444444328,271.56,-3.2291844145214506
6850,187.0,12416.927777777662,271.6,-3.0302675443849645
6851,186.0,12418.999999999884,271.64,-2.896081457590304
6852,186.0,12421.066666666551,271.68,-2.523994848823496
6853,186.0,12423.133333333219,271.72,-2.276716065551812
6854,185.0,12425.194444444327,271.76,-2.1418238057284973
6855,185.0,12427.249999999884,271.8,-2.0805656501735124
6856,185.0,12429.30555555544,271.84000000000003,-2.398268206502784
6857,185.0,12431.361111110993,271.88,-2.7826740469601483
6858,185.0,12433.41666666655,271.92,-2.9163290060539224
6859,184.0,12435.466666666547,271.96,-2.7813109136689707
6860,183.0,12437.505555555437,272.0,-3.088631189676597
6861,182.0,12439.533333333216,272.04,-3.457146407000429
6862,182.0,12441.555555555437,272.08,-3.844998593831812
6863,182.0,12443.57777777766,272.12,-3.8569242954890335
6864,182.0,12445.599999999884,272.16,-3.487323741735915
6865,181.0,12447.616666666549,272.2,-3.413491603141814
6866,180.0,12449.622222222106,272.24,-3.3413425974264244
6867,179.0,12451.616666666552,272.28000000000003,-3.6474701395947253
6868,179.0,12453.60555555544,272.32,-3.659695345320092
6869,179.0,12455.594444444328,272.36,-3.3546024313779075
6870,178.0,12457.57777777766,272.4,-2.71281797992434
6871,178.0,12459.555555555438,272.44,-2.464493600258188
6872,177.0,12461.527777777661,272.48,-2.266193052394047
6873,177.0,12463.494444444326,272.52,-2.2078808705945008
6874,177.0,12465.461111110993,272.56,-1.9591740957385753
6875,177.0,12467.42777777766,272.6,-1.518734354140643
6876,176.0,12469.38888888877,272.64,-1.2600196653785507
6877,176.0,12471.344444444327,272.68,-0.8826515241768678
6878,176.0,12473.299999999883,272.72,-0.7571837224351086
6879,176.0,12475.255555555437,272.76,-0.8836553391424504
6880,176.0,12477.211111110993,272.8,-1.1994316339290074
6881,176.0,12479.16666666655,272.84000000000003,-1.0108295631565738
6882,176.0,12481.122222222104,272.88,-1.0752842250551076
6883,176.0,12483.07777777766,272.92,-1.076621256374769
6884,175.0,12485.02777777766,272.96,-1.008735641692434
6885,174.0,12486.966666666549,273.0,-0.8785119620260183
6886,175.0,12488.905555555439,273.04,-0.6947681098607897
6887,175.0,12490.849999999882,273.08,-0.44230939719650275
6888,175.0,12492.794444444327,273.12,-0.12636761645984376
6889,175.0,12494.738888888773,273.16,0.2525776850528089
6890,175.0,12496.683333333216,273.2,-5.733542418617884e-14
6891,175.0,12498.627777777661,273.24,-0.5681519124204004
6892,175.0,12500.572222222107,273.28000000000003,-0.44226350817734417
6893,175.0,12502.51666666655,273.32,-0.31609970853875685
6894,175.0,12504.461111110995,273.36,-0.1897387883058712
6895,174.0,12506.399999999885,273.40000000000003,-0.06289794905387273
6896,174.0,12508.333333333216,273.44,0.3774856710237989
6897,175.0,12510.272222222105,273.48,0.7589933918377555
6898,175.0,12512.216666666549,273.52,1.0741775142648158
6899,175.0,12514.161111110994,273.56,1.3249955597636194
6900,175.0,12516.10555555544,273.6,1.5115341208492272
6901,176.0,12518.055555555438,273.64,1.5819555994061452
6902,176.0,12520.011111110995,273.68,1.4540439944459136
6903,176.0,12521.96666666655,273.72,1.515147007826043
6904,176.0,12523.922222222105,273.76,1.7656645218461329
6905,176.0,12525.877777777661,273.8,1.826178654735788
6906,177.0,12527.838888888773,273.84000000000003,2.0243484257432205
6907,177.0,12529.805555555438,273.88,2.335959449341279
6908,177.0,12531.772222222105,273.92,2.7720541376563665
6909,178.0,12533.744444444326,273.96,2.9700188398335468
6910,178.0,12535.722222222104,274.0,3.530974444431561
6911,179.0,12537.705555555438,274.04,3.730550959867193
6912,179.0,12539.694444444325,274.08,3.9061228601684963
6913,180.0,12541.688888888772,274.12,3.787416575403456
6914,180.0,12543.688888888773,274.16,3.650483686392235
6915,182.0,12545.699999999882,274.2,3.5523276657648446
6916,182.0,12547.722222222106,274.24,3.4168941155613406
6917,182.0,12549.74444444433,274.28000000000003,3.2811505231233387
6918,182.0,12551.76666666655,274.32,2.83281671845526
6919,183.0,12553.79444444433,274.36,2.7796887462830746
6920,183.0,12555.827777777664,274.40000000000003,2.71286863017575
6921,184.0,12557.86666666655,274.44,3.037170570772124
6922,184.0,12559.911111110996,274.48,3.0917161199016814
6923,184.0,12561.955555555438,274.52,2.8945685365426708
6924,185.0,12564.005555555439,274.56,2.4619767244367843
6925,186.0,12566.066666666551,274.6,2.470676243889766
6926,186.0,12568.133333333215,274.64,2.53043045287438
6927,186.0,12570.199999999882,274.68,2.96787468226383
6928,186.0,12572.26666666655,274.72,3.087218422013968
6929,186.0,12574.333333333216,274.76,2.8918501505734384
6930,187.0,12576.405555555439,274.8,2.7742330288371058
6931,188.0,12578.488888888773,274.84000000000003,3.0980338909200356
6932,189.0,12580.583333333216,274.88,3.1690222328597195
6933,189.0,12582.683333333216,274.92,2.9707113629242343
6934,189.0,12584.783333333215,274.96,2.522564480101791
6935,189.0,12586.883333333215,275.0,2.141717243947308
6936,190.0,12588.98888888877,275.04,1.83440058571938
6937,190.0,12591.09999999988,275.08,1.6426658529368388
6938,190.0,12593.211111110992,275.12,1.956033275030526
6939,190.0,12595.322222222103,275.16,2.078847920605045
6940,191.0,12597.438888888768,275.2,2.023081306034478
6941,191.0,12599.561111110992,275.24,1.7676685183985263
6942,191.0,12601.683333333216,275.28000000000003,2.0173121165369876
6943,192.0,12603.811111110992,275.32,2.087772399118185
6944,192.0,12605.944444444327,275.36,1.9580827425783955
6945,192.0,12608.077777777662,275.40000000000003,1.6401658947580324
6946,192.0,12610.211111110993,275.44,1.511854149500079
6947,193.0,12612.349999999884,275.48,1.2650069652429323
6948,193.0,12614.494444444326,275.52,-0.06316384858711907
6949,193.0,12616.638888888772,275.56,-0.9472761566122581
6950,193.0,12618.783333333218,275.6,-2.0224636815201262
6951,193.0,12620.92777777766,275.64,-3.2298232165995855
6952,193.0,12623.072222222107,275.68,-4.511728072693028
6953,190.0,12625.199999999886,275.72,-5.6518264868977
6954,190.0,12627.311111110996,275.76,-6.376226209405009
6955,189.0,12629.416666666551,275.8,-7.198605226565299
6956,188.0,12631.511111110996,275.84000000000003,-7.7097118239824
6957,187.0,12633.594444444328,275.88,-7.842234247765699
6958,185.0,12635.661111110996,275.92,-7.173903341156205
6959,185.0,12637.716666666549,275.96,-7.5976271110433915
6960,183.0,12639.761111110995,276.0,-8.186140637288046
6961,182.0,12641.788888888774,276.04,-8.634040615440712
6962,181.0,12643.805555555438,276.08,-9.211624764663913
6963,181.0,12645.816666666551,276.12,-9.282294397467801
6964,179.0,12647.816666666553,276.16,-9.447124076164306
6965,176.0,12649.788888888774,276.2,-9.670979125584061
6966,175.0,12651.738888888774,276.24,-10.07551880034896
6967,173.0,12653.672222222109,276.28000000000003,-10.486859876762237
6968,173.0,12655.594444444328,276.32,-10.396894294555395
6969,172.0,12657.511111110996,276.36,-9.596019284593538
6970,169.0,12659.405555555442,276.40000000000003,-8.744558603096618
6971,168.0,12661.277777777663,276.44,-8.508408691557076
6972,166.0,12663.133333333219,276.48,-7.780623590614049
6973,166.0,12664.977777777662,276.52,-7.457870148962819
6974,165.0,12666.816666666551,276.56,-6.383271606508542
6975,164.0,12668.64444444433,276.6,-5.926196030113116
6976,163.0,12670.461111110995,276.64,-6.105397829702268
6977,163.0,12672.272222222107,276.68,-6.63910130944405
6978,162.0,12674.077777777664,276.72,-7.148099906660239
6979,162.0,12675.877777777663,276.76,-7.070812155300804
6980,159.0,12677.661111110998,276.8,-7.237448905925589
6981,158.0,12679.42222222211,276.84000000000003,-7.495035828964459
6982,156.0,12681.166666666553,276.88,-7.396183960497299
6983,156.0,12682.899999999887,276.92,-6.755678759090214
6984,156.0,12684.633333333219,276.96,-6.161787954705076
6985,154.0,12686.355555555441,277.0,-5.163131802054709
6986,153.0,12688.061111110997,277.04,-4.96270621356644
6987,153.0,12689.761111110996,277.08,-4.605399648424057
6988,153.0,12691.461111110997,277.12,-4.501686992946063
6989,152.0,12693.155555555442,277.16,-4.301028458499296
6990,151.0,12694.838888888775,277.2,-3.6566729327937804
6991,150.0,12696.511111110998,277.24,-3.644732445166047
6992,150.0,12698.177777777666,277.28000000000003,-3.6593099155687225
6993,150.0,12699.84444444433,277.32,-3.356267850807718
6994,149.0,12701.505555555443,277.36,-2.712456053819873
6995,149.0,12703.161111111,277.40000000000003,-2.149589500850902
6996,148.0,12704.811111110997,277.44,-1.6987927996465007
6997,148.0,12706.455555555443,277.48,-1.4497856159913578
6998,148.0,12708.099999999886,277.52,-1.388032682008706
6999,148.0,12709.744444444332,277.56,-1.4515711544656806
7000,148.0,12711.388888888778,277.6,-1.642819397874346
7001,148.0,12713.03333333322,277.64,-1.645038697401822
7002,148.0,12714.677777777666,277.68,-1.838809074005786
7003,147.0,12716.316666666557,277.72,-2.208886354330327
7004,146.0,12717.944444444332,277.76,-2.3882515723137607
7005,146.0,12719.566666666555,277.8,-2.709380373873421
7006,146.0,12721.188888888777,277.84000000000003,-3.095509974088432
7007,146.0,12722.811111110997,277.88,-3.1683509502749185
7008,145.0,12724.427777777664,277.92,-2.9032576733568893
7009,145.0,12726.038888888774,277.96,-3.0378539304040486
7010,144.0,12727.64444444433,278.0,-3.531694182215764
7011,143.0,12729.238888888774,278.04,-4.02340115013415
7012,143.0,12730.827777777662,278.08,-4.167589003154037
7013,143.0,12732.416666666551,278.12,-3.9320070703561205
7014,142.0,12733.999999999885,278.16,-3.669017224236247
7015,141.0,12735.572222222107,278.2,-3.0891697931216595
7016,140.0,12737.133333333219,278.24,-2.574786833472128
7017,140.0,12738.688888888775,278.28000000000003,-2.5186739591621925
7018,140.0,12740.24444444433,278.32,-2.2088605893129345
7019,140.0,12741.799999999886,278.36,-1.6431147610345607
7020,140.0,12743.355555555443,278.40000000000003,-1.201910902221688
7021,140.0,12744.911111110998,278.44,-0.9497420042858289
7022,139.0,12746.461111110999,278.48,-0.94418793885859
7023,139.0,12748.005555555443,278.52,-1.1970644379399917
7024,139.0,12749.549999999888,278.56,-1.3248004894189183
7025,139.0,12751.094444444334,278.6,-1.0111563952701625
7026,139.0,12752.638888888778,278.64,-0.3164214155409924
7027,139.0,12754.183333333223,278.68,0.37968080651138597
7028,138.0,12755.722222222113,278.72,0.6907556053661484
7029,138.0,12757.255555555446,278.76,0.9409515027298861
7030,139.0,12758.794444444336,278.8,1.1356130179298112
7031,140.0,12760.344444444338,278.84000000000003,1.5862004013416824
7032,140.0,12761.899999999892,278.88,1.8991011783043075
7033,140.0,12763.455555555449,278.92,2.0831804713072732
7034,140.0,12765.011111111004,278.96,2.079674539604392
7035,140.0,12766.56666666656,279.0,1.824989644291951
7036,141.0,12768.127777777672,279.04,1.7083870337134626
7037,141.0,12769.694444444338,279.08,2.0839847214068565
7038,141.0,12771.261111111005,279.12,2.267730950331449
7039,142.0,12772.833333333228,279.16,2.277660011442592
7040,142.0,12774.411111111005,279.2,2.0826465152935643
7041,142.0,12775.988888888784,279.24,1.7007213224677291
7042,143.0,12777.572222222117,279.28000000000003,1.2024683139664472
7043,143.0,12779.161111111005,279.32,0.6321138209316604
7044,143.0,12780.749999999894,279.36,-1.0305750680102715e-13
7045,143.0,12782.338888888784,279.40000000000003,-0.6321138209315542
7046,143.0,12783.927777777672,279.44,-1.518419746870985
7047,142.0,12785.511111111005,279.48,-2.267472023856971
7048,142.0,12787.088888888782,279.52,-2.5268287594137893
7049,142.0,12788.66666666656,279.56,-2.5984858156012556
7050,141.0,12790.238888888784,279.6,-2.77701382994281
7051,140.0,12791.799999999894,279.64,-3.0161504005390034
7052,140.0,12793.35555555545,279.68,-3.2759553942826187
7053,140.0,12794.911111111007,279.72,-3.5412475303502626
7054,140.0,12796.466666666562,279.76,-3.491858837176937
7055,139.0,12798.016666666563,279.8,-3.0996372605956677
7056,138.0,12799.555555555453,279.84000000000003,-3.087048068045687
7057,137.0,12801.083333333228,279.88,-3.139403720948541
7058,137.0,12802.605555555452,279.92,-2.962196140806291
7059,137.0,12804.127777777672,279.96,-2.528908832445347
7060,137.0,12805.649999999896,280.0,-2.15301999603068
7061,136.0,12807.166666666564,280.04,-2.1398681865280205
7062,136.0,12808.677777777673,280.08,-2.2070622274491707
7063,136.0,12810.188888888786,280.12,-2.403131796607087
7064,136.0,12811.699999999899,280.16,-2.726812736034873
7065,135.0,12813.205555555453,280.2,-2.7784739911865612
7066,134.0,12814.699999999897,280.24,-2.89103328320222
7067,134.0,12816.188888888786,280.28000000000003,-3.0910560721104337
7068,134.0,12817.677777777673,280.32,-3.039722964736708
7069,133.0,12819.161111111007,280.36,-2.7121875498686703
7070,133.0,12820.638888888785,280.40000000000003,-2.1499629572660535
7071,132.0,12822.111111111006,280.44,-2.0118679083796875
7072,132.0,12823.577777777673,280.48,-2.016573810437402
7073,132.0,12825.044444444338,280.52,-2.1464490696455485
7074,132.0,12826.511111111005,280.56,-2.023808497121027
7075,132.0,12827.977777777673,280.6,-1.7121947438828542
7076,131.0,12829.438888888782,280.64,-1.2610405713962034
7077,131.0,12830.894444444339,280.68,-1.3892646997656435
7078,130.0,12832.34444444434,280.72,-1.3809623714309047
7079,130.0,12833.788888888783,280.76,-1.5711351500355837
7080,131.0,12835.238888888784,280.8,-1.2687856716340855
7081,131.0,12836.69444444434,280.84000000000003,-0.8254595272562537
7082,130.0,12838.144444444339,280.88,-0.6306941901067562
7083,130.0,12839.588888888784,280.92,-0.3785752744156753
7084,129.0,12841.027777777672,280.96,-0.43867225219694805
7085,130.0,12842.466666666562,281.0,-0.5057567697022957
7086,130.0,12843.911111111007,281.04,-0.18967230755164657
7087,130.0,12845.35555555545,281.08,0.5056157715651715
7088,130.0,12846.799999999896,281.12,0.82099276702622
7089,130.0,12848.24444444434,281.16,1.0721054334918725
7090,130.0,12849.688888888784,281.2,0.8822316159259799
7091,130.0,12851.13333333323,281.24,0.9439957458001405
7092,131.0,12852.58333333323,281.28000000000003,0.9499328488431298
7093,131.0,12854.038888888785,281.32,0.8854332795140368
7094,131.0,12855.49444444434,281.36,1.074348379829605
7095,131.0,12856.949999999897,281.40000000000003,1.452520075021592
7096,131.0,12858.405555555451,281.44,1.639811496967269
7097,131.0,12859.861111111008,281.48,1.6373071962920938
7098,131.0,12861.316666666562,281.52,1.821808810013763
7099,132.0,12862.777777777674,281.56,1.893914016636372
7100,133.0,12864.249999999896,281.6,2.1576451663488525
7101,133.0,12865.727777777673,281.64,2.532490502244199
7102,133.0,12867.20555555545,281.68,2.9681424673518366
7103,133.0,12868.683333333229,281.72,3.0847320898474453
7104,133.0,12870.161111111005,281.76,2.887001706503157
7105,134.0,12871.644444444339,281.8,3.405283473364095
7106,135.0,12873.138888888783,281.84000000000003,3.9213767274075937
7107,136.0,12874.644444444337,281.88,4.438570178967226
7108,136.0,12876.15555555545,281.92,4.857298762919728
7109,136.0,12877.666666666559,281.96,4.830196719365743
7110,138.0,12879.188888888782,282.0,5.069614054263877
7111,138.0,12880.722222222117,282.04,5.042906736281952
7112,139.0,12882.261111111005,282.08,5.241285952229686
7113,140.0,12883.811111111007,282.12,5.308905810918524
7114,140.0,12885.366666666563,282.16,5.216232469855772
7115,142.0,12886.933333333229,282.2,5.012465511783932
7116,142.0,12888.511111111007,282.24,5.238626609315839
7117,143.0,12890.094444444341,282.28000000000003,5.312889595017559
7118,143.0,12891.683333333229,282.32,5.158128658521475
7119,144.0,12893.277777777674,282.36,4.9128255233890785
7120,145.0,12894.88333333323,282.40000000000003,4.229340395709239
7121,146.0,12896.499999999894,282.44,3.8583101650182385
7122,147.0,12898.127777777672,282.48,3.172173065110499
7123,147.0,12899.761111111004,282.52,2.212975540224868
7124,147.0,12901.394444444339,282.56,0.441721256005764
7125,147.0,12903.027777777674,282.6,-1.955440562586438
7126,147.0,12904.661111111005,282.64,-4.111688814817965
7127,147.0,12906.29444444434,282.68,-5.914907870548145
7128,146.0,12907.922222222118,282.72,-6.873779117345765
7129,144.0,12909.533333333227,282.76,-8.226458566110011
7130,141.0,12911.116666666561,282.8,-9.136417190302138
7131,140.0,12912.677777777673,282.84000000000003,-10.047960104043037
7132,139.0,12914.227777777673,282.88,-10.405576890408929
7133,139.0,12915.772222222118,282.92,-9.884873997053312
7134,136.0,12917.299999999894,282.96,-8.883853142504103
7135,135.0,12918.80555555545,283.0,-8.451308055859242
7136,133.0,12920.294444444338,283.04,-8.778059599887586
7137,132.0,12921.76666666656,283.08,-8.674802603498208
7138,132.0,12923.233333333226,283.12,-8.191777125639762
7139,131.0,12924.694444444338,283.16,-7.177229028281692
7140,129.0,12926.138888888781,283.2,-7.056922698439123
7141,127.0,12927.561111111005,283.24,-6.562722125543646
7142,127.0,12928.972222222117,283.28000000000003,-6.550869235803333
7143,127.0,12930.383333333228,283.32,-6.286748003857248
7144,126.0,12931.788888888785,283.36,-6.021756031938637
7145,124.0,12933.177777777675,283.40000000000003,-6.019481036259823
7146,124.0,12934.555555555451,283.44,-6.436776762148047
7147,123.0,12935.927777777673,283.48,-6.883952252917647
7148,123.0,12937.294444444338,283.52,-7.453020989198905
7149,121.0,12938.649999999894,283.56,-7.208828834772149
7150,119.0,12939.983333333228,283.6,-7.274205951020284
7151,118.0,12941.299999999894,283.64,-7.723915485239392
7152,118.0,12942.611111111006,283.68,-7.863262881976423
7153,116.0,12943.911111111007,283.72,-7.495536425645981
7154,116.0,12945.199999999895,283.76,-6.860191239706407
7155,114.0,12946.477777777674,283.8,-6.105868499568277
7156,113.0,12947.738888888785,283.84000000000003,-5.5370824370765
7157,112.0,12948.988888888784,283.88,-4.839065668870687
7158,112.0,12950.233333333228,283.92,-3.7278580233624643
7159,111.0,12951.472222222115,283.96,-2.8935126202996133
7160,111.0,12952.705555555449,284.0,-2.0790499686405672
7161,111.0,12953.938888888782,284.04,-1.9552952888533426
7162,111.0,12955.172222222114,284.08,-1.8954729245760131
7163,111.0,12956.405555555448,284.12,-1.9636370774797796
7164,111.0,12957.638888888781,284.16,-1.8414833438632814
7165,110.0,12958.866666666558,284.2,-1.893902850838865
7166,109.0,12960.083333333225,284.24,-2.1329042354256207
7167,109.0,12961.294444444336,284.28000000000003,-2.5163902736447605
7168,109.0,12962.505555555446,284.32,-2.6514641547625826
7169,109.0,12963.716666666558,284.36,-2.5340810112559184
7170,109.0,12964.92777777767,284.40000000000003,-2.160114959162706
7171,108.0,12966.133333333224,284.44,-2.208617149245798
7172,107.0,12967.32777777767,284.48,-2.3843460916343675
7173,107.0,12968.516666666557,284.52,-2.0795761725290705
7174,107.0,12969.705555555447,284.56,-1.6439002437364592
7175,107.0,12970.894444444337,284.6,-1.0769732452666128
7176,106.0,12972.07777777767,284.64,-0.3766544441306363
7177,106.0,12973.255555555448,284.68,0.0627491048778601
7178,107.0,12974.438888888782,284.72,0.1899584613688263
7179,107.0,12975.62777777767,284.76,0.31638175181972084
7180,107.0,12976.81666666656,284.8,0.4424822872038016
7181,107.0,12978.00555555545,284.84000000000003,0.25239574836779205
7182,107.0,12979.194444444338,284.88,0.06312586996735416
7183,107.0,12980.383333333228,284.92,-0.18957100583954328
7184,107.0,12981.572222222116,284.96,-0.12643443123777215
7185,107.0,12982.761111111005,285.0,-0.06323335480221606
7186,106.0,12983.94444444434,285.04,-3.4170533510049965e-14
7187,107.0,12985.127777777672,285.08,0.06323335480228087
7188,107.0,12986.316666666562,285.12,0.12643443123781342
7189,107.0,12987.505555555452,285.16,0.189571005839499
7190,107.0,12988.69444444434,285.2,0.25261096474431827
7191,107.0,12989.88333333323,285.24,0.6313129262419814
7192,107.0,12991.07222222212,285.28000000000003,0.5682290517508749
7193,107.0,12992.261111111007,285.32,1.0727703111080602
7194,107.0,12993.449999999897,285.36,1.4489268522305112
7195,107.0,12994.638888888787,285.40000000000003,2.326906957891006
7196,108.0,12995.83333333323,285.44,2.972311629785816
7197,108.0,12997.033333333231,285.48,3.3348456753018425
7198,109.0,12998.238888888785,285.52,3.7901890435051016
7199,109.0,12999.449999999897,285.56,3.8931276674754645
7200,111.0,13000.67222222212,285.6,4.389959077578763
7201,111.0,13001.905555555451,285.64,4.683685153472586
7202,111.0,13003.138888888785,285.68,4.8413294723743
7203,112.0,13004.377777777674,285.72,4.601146729513801
7204,112.0,13005.622222222117,285.76,4.572988374142494
7205,114.0,13006.877777777672,285.8,4.503903202251223
7206,115.0,13008.149999999896,285.84000000000003,4.9599434091162555
7207,115.0,13009.427777777673,285.88,5.2440649937747175
7208,115.0,13010.705555555453,285.92,5.021550184464813
7209,116.0,13011.988888888785,285.96,5.033572740262066
7210,117.0,13013.283333333231,286.0,4.543714117237836
7211,118.0,13014.588888888788,286.04,4.619282226748318
7212,119.0,13015.905555555453,286.08,4.6277175516191384
7213,119.0,13017.227777777676,286.12,4.538266806712809
7214,120.0,13018.555555555455,286.16,4.047585718519445
7215,120.0,13019.888888888787,286.2,4.095619608739497
7216,121.0,13021.227777777676,286.24,4.048140014179368
7217,121.0,13022.572222222121,286.28000000000003,4.218492977971022
7218,122.0,13023.92222222212,286.32,4.355495236966445
7219,122.0,13025.277777777676,286.36,4.396004011078503
7220,124.0,13026.644444444342,286.40000000000003,4.441731451803812
7221,124.0,13028.022222222118,286.44,4.35614648095806
7222,125.0,13029.405555555451,286.48,4.240390197997169
7223,125.0,13030.794444444338,286.52,4.032618656594503
7224,126.0,13032.188888888784,286.56,4.110804930311372
7225,126.0,13033.588888888786,286.6,4.033260731771221
7226,127.0,13034.99444444434,286.64,4.551747847739764
7227,127.0,13036.405555555453,286.68,4.906372916603608
7228,128.0,13037.822222222121,286.72,5.165386065487712
7229,129.0,13039.249999999898,286.76,4.9831364218900625
7230,130.0,13040.688888888788,286.8,5.371404024841618
7231,131.0,13042.138888888789,286.84000000000003,5.5713969246276145
7232,132.0,13043.599999999899,286.88,5.576683743179205
7233,132.0,13045.066666666566,286.92,5.03909281259203
7234,132.0,13046.533333333231,286.96,4.699963743220876
7235,134.0,13048.011111111009,287.0,4.622475769512917
7236,135.0,13049.505555555454,287.04,4.699339607305172
7237,135.0,13051.005555555452,287.08,4.929296729039552
7238,135.0,13052.505555555452,287.12,5.025865579026771
7239,136.0,13054.011111111007,287.16,4.719782251181218
7240,137.0,13055.527777777672,287.2,4.609887752119956
7241,138.0,13057.055555555451,287.24,5.00126381874188
7242,139.0,13058.594444444341,287.28000000000003,5.260579480001901
7243,139.0,13060.138888888785,287.32,5.039680929120091
7244,139.0,13061.68333333323,287.36,4.7017200408629956
7245,141.0,13063.238888888787,287.40000000000003,4.939941592249606
7246,142.0,13064.811111111008,287.44,5.269648618421703
7247,142.0,13066.388888888787,287.48,5.3661817148959114
7248,142.0,13067.966666666563,287.52,5.647468626372133
7249,143.0,13069.549999999897,287.56,5.463945153562677
7250,145.0,13071.149999999898,287.6,5.451510081902123
7251,146.0,13072.766666666563,287.64,5.839683735799606
7252,146.0,13074.388888888785,287.68,6.307182171195424
7253,147.0,13076.016666666563,287.72,6.244546179046908
7254,147.0,13077.649999999894,287.76,5.895312180059475
7255,149.0,13079.29444444434,287.8,5.691867359441557
7256,150.0,13080.955555555453,287.84000000000003,5.887589044445241
7257,151.0,13082.627777777674,287.88,6.207383420057235
7258,151.0,13084.305555555453,287.92,5.917582648147326
7259,152.0,13085.988888888785,287.96,5.796661580222142
7260,153.0,13087.68333333323,288.0,5.429013283709473
7261,154.0,13089.388888888787,288.04,5.183240951316428
7262,155.0,13091.105555555452,288.08,5.128134947492537
7263,155.0,13092.827777777675,288.12,4.912513532815413
7264,156.0,13094.555555555453,288.16,4.608160094513837
7265,157.0,13096.29444444434,288.2,4.493896940519344
7266,157.0,13098.038888888785,288.24,4.540581077691711
7267,158.0,13099.788888888785,288.28000000000003,4.487079774161011
7268,158.0,13101.544444444338,288.32,4.656552549089396
7269,159.0,13103.305555555451,288.36,4.413991622808358
7270,160.0,13105.077777777675,288.40000000000003,4.74141183546046
7271,161.0,13106.861111111006,288.44,5.256607770752595
7272,161.0,13108.649999999896,288.48,5.231106690251021
7273,162.0,13110.444444444338,288.52,5.109690965409571
7274,162.0,13112.244444444339,288.56,4.520926800444209
7275,164.0,13114.055555555451,288.6,4.242596739582996
7276,165.0,13115.883333333228,288.64,3.871598956081445
7277,165.0,13117.716666666562,288.68,3.7953299762328885
7278,165.0,13119.549999999896,288.72,3.342779832496699
7279,165.0,13121.383333333228,288.76,3.2088767128037583
7280,166.0,13123.222222222117,288.8,3.033586314238705
7281,166.0,13125.066666666562,288.84000000000003,3.4677854608390466
7282,167.0,13126.91666666656,288.88,3.918308003451603
7283,167.0,13128.772222222116,288.92,4.028012835359631
7284,168.0,13130.633333333226,288.96,4.162948408290717
7285,169.0,13132.50555555545,289.0,4.23675030425272
7286,170.0,13134.388888888785,289.04,4.562901325799579
7287,170.0,13136.277777777672,289.08,4.7359799021166245
7288,170.0,13138.166666666562,289.12,4.778414865099653
7289,171.0,13140.061111111008,289.16,4.409213725716601
7290,172.0,13141.966666666562,289.2,4.292801815927111
7291,173.0,13143.88333333323,289.24,4.111412605056763
7292,174.0,13145.811111111008,289.28000000000003,4.246331174236682
7293,174.0,13147.744444444339,289.32,3.978232533248874
7294,174.0,13149.677777777673,289.36,3.337019441605972
7295,175.0,13151.616666666563,289.40000000000003,3.3499228263057947
7296,175.0,13153.561111111007,289.44,3.279036924669555
7297,176.0,13155.511111111007,289.48,3.2254782332383654
7298,176.0,13157.466666666562,289.52,3.5312807939638553
7299,176.0,13159.422222222118,289.56,3.520020207524231
7300,178.0,13161.388888888785,289.6,3.5505254501491508
7301,178.0,13163.366666666561,289.64,3.856259252081393
7302,178.0,13165.34444444434,289.68,4.097383767522937
7303,179.0,13167.327777777673,289.72,4.294578352280095
7304,179.0,13169.31666666656,289.76,4.089941846744303
7305,180.0,13171.311111111007,289.8,3.5324233129560785
7306,181.0,13173.316666666564,289.84000000000003,2.7166401728177783
7307,182.0,13175.333333333228,289.88,1.7742075884994282
7308,182.0,13177.355555555452,289.92,0.6963501772303353
7309,182.0,13179.377777777672,289.96,-0.4430431679290353
7310,182.0,13181.399999999896,290.0,-2.2176480246867873
7311,180.0,13183.411111111009,290.04,-3.770266945303919
7312,180.0,13185.411111111007,290.08,-5.361348772330581
7313,180.0,13187.411111111009,290.12,-6.149813192756904
7314,179.0,13189.405555555455,290.16,-6.406130552658176
7315,177.0,13191.383333333231,290.2,-6.748025115233292
7316,176.0,13193.344444444343,290.24,-7.1226555499482265
7317,174.0,13195.288888888788,290.28000000000003,-7.466411490866212
7318,174.0,13197.222222222119,290.32,-7.2660330556145025
7319,174.0,13199.155555555453,290.36,-6.736560217427024
7320,172.0,13201.077777777677,290.40000000000003,-6.4376813254430285
7321,170.0,13202.977777777674,290.44,-6.145784967582989
7322,170.0,13204.866666666565,290.48,-5.673637308363882
7323,170.0,13206.755555555452,290.52,-6.019399285985214
7324,169.0,13208.638888888787,290.56,-5.761752373906301
7325,167.0,13210.505555555454,290.6,-5.526444930877216
7326,167.0,13212.361111111008,290.64,-5.425494459662524
7327,167.0,13214.216666666563,290.68,-5.835105327348513
7328,165.0,13216.061111111008,290.72,-5.671539085959886
7329,165.0,13217.89444444434,290.76,-5.381632706059344
7330,163.0,13219.716666666563,290.8,-5.150685582357956
7331,163.0,13221.527777777676,290.84000000000003,-5.177706069480636
7332,162.0,13223.33333333323,290.88,-4.729639480066813
7333,162.0,13225.133333333231,290.92,-4.176395803443854
7334,161.0,13226.927777777673,290.96,-3.8507050968741363
7335,160.0,13228.711111111008,291.0,-3.4593798618161142
7336,160.0,13230.488888888787,291.04,-3.407868915025269
7337,160.0,13232.266666666563,291.08,-3.353717650680155
7338,159.0,13234.038888888786,291.12,-2.965601256438575
7339,159.0,13235.805555555455,291.16,-2.340514194545578
7340,158.0,13237.566666666564,291.2,-1.8266920142282566
7341,158.0,13239.322222222121,291.24,-1.5146182323220803
7342,157.0,13241.072222222121,291.28000000000003,-1.3808885509809683
7343,158.0,13242.82222222212,291.32,-1.0744055045187106
7344,158.0,13244.577777777677,291.36,-0.9486608882439521
7345,158.0,13246.333333333234,291.40000000000003,-0.6959250522261783
7346,158.0,13248.088888888788,291.44,-1.012662035465029
7347,157.0,13249.838888888788,291.48,-1.1959577022138328
7348,157.0,13251.58333333323,291.52,-1.639886331478905
7349,157.0,13253.327777777675,291.56,-1.642927708495932
7350,157.0,13255.07222222212,291.6,-1.519191213823141
7351,156.0,13256.811111111007,291.64,-1.259685797020813
7352,156.0,13258.54444444434,291.68,-0.8824993798768456
7353,156.0,13260.277777777674,291.72,-0.757133356977826
7354,156.0,13262.011111111005,291.76,-0.5682144394245809
7355,156.0,13263.744444444339,291.8,-0.3157484865901338
7356,156.0,13265.477777777673,291.84000000000003,-2.8024333859112304e-14
7357,156.0,13267.211111111004,291.88,8.925563838802473e-15
7358,156.0,13268.944444444338,291.92,2.182901503606959e-14
7359,156.0,13270.67777777767,291.96,-2.244799189686194e-14
7360,156.0,13272.411111111003,292.0,-0.31556453752686026
7361,156.0,13274.144444444337,292.04,-0.2525840655593644
7362,156.0,13275.877777777669,292.08,-0.18951537531148704
7363,156.0,13277.611111111002,292.12,-0.12638043128683438
7364,156.0,13279.344444444336,292.16,-0.06320127512646798
7365,155.0,13281.072222222112,292.2,-0.31390746206815384
7366,156.0,13282.79999999989,292.24,-0.5055805935514822
7367,156.0,13284.533333333224,292.28000000000003,-0.6322705358804426
7368,156.0,13286.266666666555,292.32,-0.6959440631554369
7369,156.0,13287.999999999889,292.36,-0.6964318441346551
7370,155.0,13289.727777777667,292.40000000000003,-0.6294658295016274
7371,155.0,13291.449999999888,292.44,-0.8824907421295436
7372,155.0,13293.17222222211,292.48,-0.7571304968094374
7373,155.0,13294.894444444331,292.52,-0.8836304729301939
7374,155.0,13296.616666666554,292.56,-0.8840451758963486
7375,155.0,13298.338888888777,292.6,-0.7580191419993568
7376,155.0,13300.061111110997,292.64,-0.885186305202369
7377,155.0,13301.78333333322,292.68,-0.9494732632226298
7378,154.0,13303.499999999887,292.72,-0.6298243571429979
7379,154.0,13305.211111110997,292.76,-0.31519061481110844
7380,154.0,13306.922222222109,292.8,1.0881568835276237e-13
7381,154.0,13308.63333333322,292.84000000000003,1.606775456488254e-14
7382,154.0,13310.34444444433,292.88,0.3779840487450304
7383,155.0,13312.061111110997,292.92,0.7600710635344071
7384,155.0,13313.783333333218,292.96,0.7594455762539476
7385,155.0,13315.50555555544,293.0,0.6956269746831162
7386,154.0,13317.222222222108,293.04,0.5651455984518268
7387,155.0,13318.938888888773,293.08,0.695218840108429
7388,155.0,13320.661111110996,293.12,0.6951363473546621
7389,155.0,13322.383333333219,293.16,0.9470228329535151
7390,155.0,13324.10555555544,293.2,1.4505680136053996
7391,155.0,13325.827777777662,293.24,1.8255521142360862
7392,156.0,13327.55555555544,293.28000000000003,1.7080180827216314
7393,156.0,13329.288888888772,293.32,1.4515878242328166
7394,156.0,13331.022222222105,293.36,1.1339782875796354
7395,157.0,13332.761111110995,293.40000000000003,0.759948781906545
7396,157.0,13334.505555555437,293.44,0.3165171079383208
7397,157.0,13336.249999999882,293.48,-0.18999873650973523
7398,156.0,13337.988888888769,293.52,-0.37777460716332584
7399,156.0,13339.722222222103,293.56,-0.881986208253454
7400,156.0,13341.455555555436,293.6,-1.6398798810210784
7401,156.0,13343.188888888768,293.64,-2.2102252187032776
7402,156.0,13344.922222222101,293.68,-2.5311226979172137
7403,156.0,13346.655555555435,293.72,-2.9169010884816364
7404,155.0,13348.383333333211,293.76,-3.350784975250525
7405,154.0,13350.099999999878,293.8,-3.8461216902001167
7406,153.0,13351.805555555435,293.84000000000003,-4.340177707694427
7407,153.0,13353.505555555434,293.88,-4.487230357368192
7408,152.0,13355.199999999879,293.92,-4.22637723897933
7409,152.0,13356.888888888767,293.96,-3.924834975107753
7410,151.0,13358.572222222101,294.0,-3.848365325851836
7411,150.0,13360.244444444324,294.04,-4.024196802386386
7412,150.0,13361.911111110989,294.08,-4.481906720914239
7413,150.0,13363.577777777657,294.12,-4.501524015719562
7414,149.0,13365.238888888769,294.16,-4.745360611951931
7415,148.0,13366.888888888767,294.2,-4.860579906815218
7416,147.0,13368.527777777657,294.24,-5.166259635792259
7417,146.0,13370.155555555435,294.28000000000003,-5.663841553618382
7418,146.0,13371.777777777656,294.32,-5.699214572147585
7419,145.0,13373.394444444322,294.36,-5.186880382872099
7420,144.0,13374.999999999878,294.40000000000003,-5.175190161460174
7421,143.0,13376.594444444321,294.44,-5.289968878037752
7422,142.0,13378.177777777655,294.48,-5.219227217568709
7423,142.0,13379.755555555432,294.52,-5.060605893530178
7424,142.0,13381.33333333321,294.56,-4.450905344983301
7425,140.0,13382.899999999878,294.6,-3.7152022481911486
7426,139.0,13384.449999999877,294.64,-3.012095739020356
7427,139.0,13385.994444444323,294.68,-2.39174857941087
7428,139.0,13387.538888888768,294.72,-2.207695585123288
7429,139.0,13389.083333333212,294.76,-1.768826516737811
7430,139.0,13390.627777777658,294.8,-1.3897937349373688
7431,139.0,13392.172222222103,294.84000000000003,-1.4543887464114553
7432,139.0,13393.716666666547,294.88,-1.3943500790846024
7433,138.0,13395.255555555437,294.92,-1.5758823560034227
7434,138.0,13396.788888888768,294.96,-1.642266660147646
7435,137.0,13398.316666666547,295.0,-1.8844224664184988
7436,137.0,13399.838888888771,295.04,-1.951231315631047
7437,138.0,13401.366666666547,295.08,-1.8423268966340303
7438,137.0,13402.894444444326,295.12,-1.5159475148080837
7439,137.0,13404.41666666655,295.16,-1.076011145552373
7440,136.0,13405.933333333214,295.2,-0.5660980467731291
7441,136.0,13407.444444444327,295.24,-0.37777609486566527
7442,136.0,13408.95555555544,295.28000000000003,-0.18900144779655964
7443,136.0,13410.466666666549,295.32,0.3776760087925499
7444,137.0,13411.983333333217,295.36,0.6334129386581229
7445,137.0,13413.50555555544,295.40000000000003,1.2019638370366004
7446,137.0,13415.027777777661,295.44,1.326721864610017
7447,137.0,13416.549999999885,295.48,1.3247864685372188
7448,137.0,13418.072222222105,295.52,1.1970289773243077
7449,137.0,13419.594444444328,295.56,0.9441474073247026
7450,138.0,13421.122222222108,295.6,0.9497822588894957
7451,138.0,13422.65555555544,295.64,0.8853523707078125
7452,138.0,13424.188888888775,295.68,0.7580736310202213
7453,138.0,13425.72222222211,295.72,0.5681437615103124
7454,138.0,13427.255555555443,295.76,0.3155525259521356
7455,138.0,13428.788888888777,295.8,-1.852323831021814e-14
7456,138.0,13430.322222222112,295.84000000000003,-1.261012665287922e-14
7457,138.0,13431.855555555445,295.88,1.8070639953445373e-15
7458,138.0,13433.38888888878,295.92,8.287091848283498e-16
7459,138.0,13434.92222222211,295.96,5.338451464549557e-15
7460,138.0,13436.455555555445,296.0,-1.6828464512100758e-14
7461,138.0,13437.98888888878,296.04,1.7084578485172363e-14
7462,138.0,13439.522222222113,296.08,1.9920681365409793e-14
7463,138.0,13441.055555555447,296.12,-4.412735429724513e-15
7464,138.0,13442.588888888782,296.16,0.31576046837630806
7465,138.0,13444.122222222115,296.2,0.5682186222664887
7466,138.0,13445.65555555545,296.24,0.7570755170219864
7467,138.0,13447.188888888784,296.28000000000003,0.8823247497485612
7468,138.0,13448.722222222117,296.32,0.9441678196640628
7469,139.0,13450.261111111007,296.36,0.9497619865142224
7470,139.0,13451.805555555453,296.40000000000003,0.8853414776024114
7471,139.0,13453.349999999897,296.44,0.7580700577184653
7472,139.0,13454.894444444342,296.48,0.5681440397833218
7473,139.0,13456.438888888786,296.52,0.31555327492836033
7474,139.0,13457.983333333232,296.56,2.6621067788068316e-14
7475,139.0,13459.527777777677,296.6,8.303618245493413e-15
7476,139.0,13461.072222222121,296.64,2.8130741787164442e-15
7477,139.0,13462.616666666567,296.68,1.1182735174131652e-14
7478,139.0,13464.161111111012,296.72,-0.3155532749285408
7479,139.0,13465.705555555456,296.76,-0.5681440397837363
7480,139.0,13467.249999999902,296.8,-0.7580700577188698
7481,139.0,13468.794444444347,296.84000000000003,-0.8853414776024952
7482,139.0,13470.338888888791,296.88,-0.9497619865142238
7483,138.0,13471.877777777681,296.92,-0.9441678196637642
7484,138.0,13473.411111111014,296.96,-0.8823247497486184
7485,138.0,13474.944444444349,297.0,-0.7570755170218312
7486,138.0,13476.477777777684,297.04,-0.5682186222663872
7487,138.0,13478.011111111016,297.08,-0.31576046837653765
7488,138.0,13479.544444444351,297.12,3.8856581218076484e-15
7489,138.0,13481.077777777686,297.16,-4.426709711026824e-15
7490,138.0,13482.611111111019,297.2,1.015184925654177e-14
7491,138.0,13484.144444444353,297.24,-7.76866512620517e-15
7492,138.0,13485.677777777688,297.28000000000003,-0.3155525259520865
7493,138.0,13487.21111111102,297.32,-0.5681437615107062
7494,138.0,13488.744444444355,297.36,-0.7580736310200084
7495,138.0,13490.27777777769,297.40000000000003,-0.8853523707082196
7496,138.0,13491.811111111023,297.44,-0.949782258888732
7497,137.0,13493.338888888802,297.48,-0.9441474073245842
7498,137.0,13494.861111111022,297.52,-0.8823137027713734
7499,137.0,13496.383333333246,297.56,-0.4417713965438513
7500,137.0,13497.90555555547,297.6,-0.31559329638260897
7501,137.0,13499.42777777769,297.64,0.18938110631620395
7502,137.0,13500.949999999913,297.68,0.6937529383974342
7503,137.0,13502.472222222137,297.72,0.8191291582603345
7504,138.0,13503.999999999913,297.76,0.8875784498525382
7505,137.0,13505.527777777692,297.8,0.5655908819226936
7506,138.0,13507.055555555471,297.84000000000003,0.25299132450576406
7507,138.0,13508.588888888804,297.88,-0.06323531096453659
7508,138.0,13510.122222222139,297.92,-0.3795871943419692
7509,138.0,13511.65555555547,297.96,-0.6966917240090847
7510,137.0,13513.183333333249,298.0,-0.6292237204943374
7511,137.0,13514.705555555473,298.04,-0.5673893574863981
7512,137.0,13516.227777777693,298.08,0.12622848503437786
7513,137.0,13517.749999999916,298.12,0.757168036035601
7514,137.0,13519.27222222214,298.16,1.6385656370370105
7515,137.0,13520.79444444436,298.2,2.38785616080184
7516,138.0,13522.32222222214,298.24,2.3335073397531274
7517,139.0,13523.86111111103,298.28000000000003,2.15261964505822
7518,139.0,13525.405555555473,298.32,1.830900089548636
7519,140.0,13526.955555555474,298.36,1.396127000975666
7520,140.0,13528.511111111031,298.40000000000003,1.459121731758734
7521,139.0,13530.06111111103,298.44,1.5748785089120925
7522,139.0,13531.605555555476,298.48,1.7623566641362065
7523,139.0,13533.14999999992,298.52,2.072859175089869
7524,139.0,13534.694444444365,298.56,2.1930505455236355
7525,141.0,13536.249999999922,298.6,2.8509412134238015
7526,142.0,13537.822222222143,298.64,3.303462463631375
7527,142.0,13539.399999999921,298.68,3.4812747150143326
7528,142.0,13540.9777777777,298.72,3.342256193043475
7529,142.0,13542.555555555477,298.76,2.891780472601506
7530,143.0,13544.13888888881,298.8,2.7819840415768327
7531,143.0,13545.7277777777,298.84000000000003,2.9639107745815423
7532,144.0,13547.322222222143,298.88,3.2267521678808775
7533,144.0,13548.922222222143,298.92,3.214142130004716
7534,144.0,13550.522222222142,298.96,3.2662603462806454
7535,146.0,13552.133333333253,299.0,3.3657987619969605
7536,146.0,13553.755555555475,299.04,3.734660998061927
7537,146.0,13555.377777777696,299.08,3.7211745593994965
7538,146.0,13556.999999999918,299.12,3.705496102141
7539,147.0,13558.627777777696,299.16,3.401432588340887
7540,148.0,13560.266666666583,299.2,3.0992640174613544
7541,149.0,13561.916666666584,299.24,3.4906716009055376
7542,149.0,13563.572222222141,299.28000000000003,3.8582208365007133
7543,149.0,13565.227777777694,299.32,3.8436541746120474
7544,149.0,13566.883333333251,299.36,3.768930322716359
7545,150.0,13568.544444444364,299.40000000000003,4.28758574775502
7546,151.0,13570.216666666585,299.44,5.311694549047744
7547,152.0,13571.89999999992,299.48,6.136868285570697
7548,152.0,13573.588888888808,299.52,6.407434504438627
7549,153.0,13575.283333333253,299.56,6.215146911775265
7550,155.0,13576.994444444364,299.6,5.5616880144702385
7551,157.0,13578.727777777696,299.64,5.095071025073532
7552,157.0,13580.47222222214,299.68,4.437517532159015
7553,157.0,13582.216666666585,299.72,3.725302998855204
7554,157.0,13583.961111111028,299.76,2.961482035228096
7555,157.0,13585.705555555473,299.8,2.45513902806089
7556,158.0,13587.455555555473,299.84000000000003,2.5944713195028526
7557,158.0,13589.211111111026,299.88,3.091775338250458
7558,158.0,13590.966666666583,299.92,3.3322712434515847
7559,159.0,13592.727777777693,299.96,3.656926091917951
7560,160.0,13594.499999999916,300.0,4.300629080979087
7561,161.0,13596.283333333251,300.04,4.819034760298735
7562,161.0,13598.072222222137,300.08,5.173631719730567
7563,161.0,13599.861111111028,300.12,5.08384939808307
7564,162.0,13601.655555555473,300.16,4.904220791848818
7565,164.0,13603.466666666583,300.2,5.2621304752641604
7566,165.0,13605.294444444362,300.24,5.7142832830070995
7567,165.0,13607.127777777696,300.28000000000003,6.251386345690132
7568,165.0,13608.961111111028,300.32,6.21439145954606
7569,166.0,13610.799999999917,300.36,5.653039685141084
7570,168.0,13612.655555555473,300.40000000000003,5.570341255685969
7571,169.0,13614.527777777694,300.44,5.89277067950989
7572,170.0,13616.411111111029,300.48,6.0200214365940115
7573,170.0,13618.299999999916,300.52,5.608541593472401
7574,170.0,13620.188888888806,300.56,5.02026461275898
7575,172.0,13622.088888888808,300.6,4.619438265754908
7576,173.0,13624.005555555472,300.64,4.375021209739333
7577,173.0,13625.927777777695,300.68,4.042425700462448
7578,173.0,13627.849999999919,300.72,3.7123795836225155
7579,174.0,13629.777777777694,300.76,3.0916131556774396
7580,175.0,13631.716666666583,300.8,0.8859445484643217
7581,175.0,13633.661111111029,300.84000000000003,-1.2640428172399776
7582,175.0,13635.605555555472,300.88,-3.4787339397583
7583,175.0,13637.549999999917,300.92,-5.334747700680715
7584,175.0,13639.49444444436,300.96,-7.4775676799564605
7585,171.0,13641.416666666584,301.0,-9.503533211789994
7586,169.0,13643.305555555475,301.04,-11.114014989066025
7587,167.0,13645.17222222214,301.08,-12.731497630301478
7588,167.0,13647.027777777696,301.12,-13.402588580585475
7589,165.0,13648.87222222214,301.16,-13.405100187654925
7590,162.0,13650.688888888806,301.2,-12.98404558146789
7591,160.0,13652.477777777696,301.24,-13.352593325791748
7592,157.0,13654.238888888809,301.28000000000003,-13.39731156704388
7593,157.0,13655.983333333252,301.32,-13.20538766168819
7594,155.0,13657.716666666585,301.36,-12.304888647694233
7595,152.0,13659.422222222141,301.40000000000003,-11.750076081166087
7596,150.0,13661.099999999919,301.44,-11.716898629243438
7597,149.0,13662.761111111031,301.48,-11.266911288719161
7598,149.0,13664.416666666584,301.52,-11.211193889869332
7599,147.0,13666.06111111103,301.56,-10.601691086982672
7600,144.0,13667.677777777697,301.6,-10.78944104773732
7601,142.0,13669.266666666585,301.64,-11.255525127446539
7602,142.0,13670.844444444363,301.68,-11.84085665576596
7603,141.0,13672.416666666586,301.72,-11.663259114868243
7604,139.0,13673.97222222214,301.76,-10.681468356442947
7605,135.0,13675.494444444364,301.8,-9.858104540704273
7606,134.0,13676.988888888809,301.84000000000003,-9.641503723030153
7607,133.0,13678.47222222214,301.88,-9.241202904571882
7608,133.0,13679.949999999919,301.92,-8.377909829494943
7609,132.0,13681.42222222214,301.96,-6.919175520987016
7610,130.0,13682.877777777696,302.0,-5.345158484027807
7611,129.0,13684.316666666586,302.04,-4.6465106367516
7612,129.0,13685.749999999918,302.08,-3.9139423798615463
7613,128.0,13687.177777777697,302.12,-3.4590945625086365
7614,128.0,13688.59999999992,302.16,-2.6484676162831686
7615,128.0,13690.022222222142,302.2,-1.8314457586198338
7616,128.0,13691.444444444365,302.24,-1.7704320150290849
7617,128.0,13692.866666666589,302.28000000000003,-2.1531724073249063
7618,127.0,13694.283333333255,302.32,-2.5807588558031194
7619,127.0,13695.694444444367,302.36,-3.0953380658631797
7620,127.0,13697.10555555548,302.40000000000003,-3.6788531288493806
7621,126.0,13698.511111111035,302.44,-3.921318189707835
7622,125.0,13699.90555555548,302.48,-3.8477514388686687
7623,124.0,13701.288888888812,302.52,-3.4581297661502504
7624,124.0,13702.66666666659,302.56,-3.158770928132286
7625,123.0,13704.038888888812,302.6,-2.8924315545172044
7626,123.0,13705.405555555477,302.64,-2.3322101244290483
7627,123.0,13706.772222222144,302.68,-1.8314711531011536
7628,123.0,13708.13888888881,302.72,-1.4549152629397992
7629,123.0,13709.505555555475,302.76,-1.267303496470004
7630,122.0,13710.866666666587,302.8,-1.2579333830310107
7631,122.0,13712.222222222143,302.84000000000003,-1.763458541532516
7632,122.0,13713.577777777697,302.88,-2.083154937388678
7633,122.0,13714.933333333252,302.92,-2.215673751855879
7634,122.0,13716.288888888806,302.96,-2.1586561846474748
7635,121.0,13717.638888888807,303.0,-1.578852291677703
7636,120.0,13718.977777777696,303.04,-1.2559489138494786
7637,120.0,13720.311111111028,303.08,-1.1948675859012574
7638,120.0,13721.644444444362,303.12,-1.0073487495648485
7639,120.0,13722.977777777696,303.16,-0.6929208900852813
7640,121.0,13724.316666666584,303.2,0.06351780619613381
7641,121.0,13725.661111111029,303.24,0.507796983625447
7642,120.0,13726.999999999918,303.28000000000003,0.5662508187133146
7643,120.0,13728.33333333325,303.32,0.565908816412662
7644,120.0,13729.666666666584,303.36,0.5027642657513308
7645,121.0,13731.005555555474,303.40000000000003,0.6971126585454563
7646,121.0,13732.349999999917,303.44,1.1390957919471172
7647,121.0,13733.694444444362,303.48,1.5151419790239977
7648,121.0,13735.038888888805,303.52,1.449072151867921
7649,121.0,13736.38333333325,303.56,1.2578946938081703
7650,122.0,13737.73333333325,303.6,1.2673419270925044
7651,122.0,13739.088888888804,303.64,1.7718884959322396
7652,122.0,13740.44444444436,303.68,2.0834654813204327
7653,122.0,13741.799999999916,303.72,2.2034901671544196
7654,122.0,13743.15555555547,303.76,2.1343448733035553
7655,123.0,13744.516666666581,303.8,2.210374855385311
7656,124.0,13745.888888888803,303.84000000000003,2.7300019815061334
7657,124.0,13747.26666666658,303.88,2.97298841206102
7658,124.0,13748.644444444357,303.92,3.2774604970962273
7659,124.0,13750.022222222133,303.96,3.2645525188485616
7660,125.0,13751.405555555466,304.0,3.2803445871724506
7661,126.0,13752.799999999912,304.04,3.6116390558468083
7662,126.0,13754.19999999991,304.08,3.908897109064672
7663,127.0,13755.605555555467,304.12,3.9190246540393425
7664,127.0,13757.01666666658,304.16,3.585264298400386
7665,128.0,13758.433333333245,304.2,3.2850674372937276
7666,129.0,13759.861111111024,304.24,3.300423539339073
7667,129.0,13761.294444444358,304.28000000000003,3.287849799464501
7668,129.0,13762.72777777769,304.32,2.961474137132747
7669,129.0,13764.161111111025,304.36,3.0149450172525265
7670,130.0,13765.599999999915,304.40000000000003,3.410434818692233
7671,131.0,13767.049999999914,304.44,3.7409657308485134
7672,131.0,13768.50555555547,304.48,4.037424195015078
7673,131.0,13769.961111111024,304.52,4.330908092214175
7674,132.0,13771.422222222136,304.56,4.277997666374501
7675,134.0,13772.899999999914,304.6,4.516124117255981
7676,134.0,13774.388888888801,304.64,4.556979747547492
7677,134.0,13775.87777777769,304.68,4.847386574010693
7678,135.0,13777.372222222135,304.72,4.7304851915773805
7679,135.0,13778.872222222133,304.76,4.1430552422163105
7680,137.0,13780.383333333246,304.8,3.871151202764874
7681,137.0,13781.90555555547,304.84000000000003,4.1698286459985425
7682,138.0,13783.433333333245,304.88,4.435396016953866
7683,138.0,13784.96666666658,304.92,4.2265882288048
7684,138.0,13786.499999999913,304.96,4.271394363861383
7685,139.0,13788.038888888803,305.0,4.223826690379494
7686,140.0,13789.588888888804,305.04,4.739852998980172
7687,141.0,13791.149999999914,305.08,4.8119925998631095
7688,141.0,13792.716666666582,305.12,4.7835364296183815
7689,142.0,13794.288888888805,305.16,4.412774460944488
7690,143.0,13795.872222222137,305.2,4.300980518145538
7691,144.0,13797.466666666582,305.24,4.378864913845781
7692,144.0,13799.066666666582,305.28000000000003,4.614538646103741
7693,144.0,13800.66666666658,305.32,4.7176817843468815
7694,144.0,13802.266666666581,305.36,4.696974545237631
7695,146.0,13803.877777777692,305.40000000000003,4.612662836212627
7696,147.0,13805.505555555468,305.44,4.748400852836384
7697,148.0,13807.144444444359,305.48,4.817268192957076
7698,148.0,13808.788888888801,305.52,4.793068362669992
7699,149.0,13810.438888888802,305.56,4.67841740537191
7700,149.0,13812.09444444436,305.6,4.348238827978356
7701,150.0,13813.755555555468,305.64,4.550810725138145
7702,150.0,13815.422222222136,305.68,4.593082505202082
7703,151.0,13817.09444444436,305.72,4.9163181030307115
7704,152.0,13818.777777777692,305.76,5.432253768134446
7705,153.0,13820.472222222137,305.8,5.752474250984254
7706,154.0,13822.177777777693,305.84000000000003,5.884398821682311
7707,154.0,13823.888888888803,305.88,6.101387055226123
7708,155.0,13825.60555555547,305.92,5.790752936147513
7709,157.0,13827.338888888802,305.96,5.325562739533243
7710,157.0,13829.083333333247,306.0,5.301550181219
7711,158.0,13830.833333333247,306.04,5.437185731680175
7712,159.0,13832.594444444356,306.08,5.379780715506778
7713,159.0,13834.361111111024,306.12,4.7879469157676855
7714,159.0,13836.127777777692,306.16,4.078448799111259
7715,161.0,13837.905555555468,306.2,3.41555232435646
7716,162.0,13839.699999999913,306.24,2.4747094298618113
7717,162.0,13841.499999999915,306.28000000000003,1.646567070784575
7718,162.0,13843.299999999912,306.32,1.012023549627517
7719,162.0,13845.099999999913,306.36,-0.06323384346342105
7720,161.0,13846.894444444359,306.40000000000003,-2.1384723646416823
7721,161.0,13848.683333333245,306.44,-3.9706615545075845
7722,161.0,13850.472222222135,306.48,-5.062832624187132
7723,161.0,13852.261111111022,306.52,-6.36076470225848
7724,160.0,13854.044444444356,306.56,-7.065059582198008
7725,157.0,13855.80555555547,306.6,-7.736846910361419
7726,155.0,13857.538888888801,306.64,-8.766160792147089
7727,155.0,13859.261111111024,306.68,-9.793589754292352
7728,153.0,13860.972222222135,306.72,-9.82824286199108
7729,153.0,13862.672222222134,306.76,-9.410247000552456
7730,151.0,13864.361111111024,306.8,-8.603260274231308
7731,149.0,13866.027777777692,306.84000000000003,-8.308826017001522
7732,147.0,13867.672222222134,306.88,-8.269829369724768
7733,147.0,13869.30555555547,306.92,-7.579573305209132
7734,146.0,13870.933333333245,306.96,-7.457152656120709
7735,145.0,13872.549999999912,307.0,-7.196378349443312
7736,144.0,13874.155555555468,307.04,-6.814142881812712
7737,143.0,13875.74999999991,307.08,-6.74881140063724
7738,143.0,13877.3388888888,307.12,-6.802366341423788
7739,141.0,13878.916666666579,307.16,-6.502318739982573
7740,139.0,13880.472222222133,307.2,-6.576145921585105
7741,139.0,13882.01666666658,307.24,-6.432946788878334
7742,138.0,13883.55555555547,307.28000000000003,-6.3034889009757125
7743,138.0,13885.0888888888,307.32,-5.966147436419739
7744,137.0,13886.61666666658,307.36,-5.320348169376018
7745,135.0,13888.127777777692,307.40000000000003,-5.392620710235922
7746,135.0,13889.62777777769,307.44,-5.993394053701046
7747,134.0,13891.122222222135,307.48,-5.989265694604217
7748,134.0,13892.611111111022,307.52,-5.842491628470355
7749,133.0,13894.094444444356,307.56,-5.453489780690628
7750,131.0,13895.561111111023,307.6,-5.46131721123562
7751,130.0,13897.011111111022,307.64,-5.955764828333872
7752,130.0,13898.455555555467,307.68,-6.247274362991046
7753,130.0,13899.899999999912,307.72,-6.610337432518618
7754,129.0,13901.3388888888,307.76,-6.289703186886375
7755,127.0,13902.761111111024,307.8,-6.294391616451404
7756,126.0,13904.16666666658,307.84000000000003,-6.420990351647805
7757,125.0,13905.561111111023,307.88,-6.676528167150285
7758,124.0,13906.944444444356,307.92,-6.36483563261627
7759,124.0,13908.322222222132,307.96,-5.837533971328512
7760,122.0,13909.688888888799,308.0,-4.961512065199782
7761,122.0,13911.044444444355,308.04,-4.672833792791796
7762,121.0,13912.394444444353,308.08,-4.218492977971556
7763,121.0,13913.738888888798,308.12,-3.73328949068157
7764,120.0,13915.077777777688,308.16,-3.528825410107825
7765,120.0,13916.41111111102,308.2,-3.286221963963402
7766,119.0,13917.738888888798,308.24,-3.648677057852274
7767,119.0,13919.061111111021,308.28000000000003,-3.664274096428835
7768,119.0,13920.383333333242,308.32,-3.6828430006393553
7769,118.0,13921.69999999991,308.36,-3.352791908406211
7770,117.0,13923.005555555466,308.40000000000003,-3.0882763326104916
7771,116.0,13924.29999999991,308.44,-2.8845102065010284
7772,116.0,13925.5888888888,308.48,-2.7698967823160303
7773,116.0,13926.877777777689,308.52,-2.4000814774878703
7774,116.0,13928.166666666579,308.56,-1.7721061616774711
7775,116.0,13929.455555555469,308.6,-1.5838586240264905
7776,115.0,13930.738888888802,308.64,-1.509649363591539
7777,115.0,13932.016666666581,308.68,-1.3245944734540653
7778,115.0,13933.29444444436,308.72,-1.0746685900313164
7779,115.0,13934.572222222137,308.76,-0.7597337151475098
7780,114.0,13935.844444444361,308.8,-0.3768034664913187
7781,114.0,13937.111111111028,308.84000000000003,0.06277578298481522
7782,115.0,13938.38333333325,308.88,0.18991910415099267
7783,115.0,13939.661111111029,308.92,0.31633123416150866
7784,115.0,13940.938888888806,308.96,0.44244312187058654
7785,115.0,13942.216666666585,309.0,0.5681359994717479
7786,115.0,13943.494444444364,309.04,0.3155317015667895
7787,115.0,13944.772222222142,309.08,0.31578123248841095
7788,115.0,13946.049999999921,309.12,0.2524453096977925
7789,115.0,13947.3277777777,309.16,0.18922930355469225
7790,115.0,13948.605555555478,309.2,0.12610306925348794
7791,115.0,13949.883333333257,309.24,0.37836895348324406
7792,116.0,13951.166666666591,309.28000000000003,0.5722624342107989
7793,115.0,13952.449999999924,309.32,0.6928549160524158
7794,115.0,13953.727777777704,309.36,0.7550670999511622
7795,115.0,13955.005555555483,309.40000000000003,0.7542348585744678
7796,116.0,13956.288888888816,309.44,0.6966810648927644
7797,116.0,13957.577777777706,309.48,0.5695639420805167
7798,116.0,13958.866666666594,309.52,0.7581677858968539
7799,116.0,13960.155555555484,309.56,0.56813640219032
7800,116.0,13961.444444444374,309.6,0.6313129568287091
7801,116.0,13962.733333333263,309.64,0.5682254614133692
7802,116.0,13964.022222222153,309.68,0.7569803791235752
7803,116.0,13965.311111111043,309.72,0.8820377260263259
7804,116.0,13966.599999999931,309.76,1.2586731153189374
7805,117.0,13967.894444444377,309.8,1.838072534864727
7806,117.0,13969.194444444378,309.84000000000003,2.2124836630927205
7807,117.0,13970.494444444377,309.88,2.394106921844145
7808,117.0,13971.794444444378,309.92,2.385595208011609
7809,118.0,13973.099999999933,309.96,2.2087038878080634
7810,119.0,13974.4166666666,310.0,2.1589644521311953
7811,119.0,13975.738888888824,310.04,2.21582659913171
7812,119.0,13977.061111111045,310.08,2.399693336544571
7813,119.0,13978.383333333268,310.12,2.3303128903609265
7814,119.0,13979.70555555549,310.16,2.010959152100426
7815,120.0,13981.033333333267,310.2,1.8334212441834414
7816,120.0,13982.366666666601,310.24,2.1441576103339934
7817,121.0,13983.70555555549,310.28000000000003,2.282294643592126
7818,121.0,13985.049999999934,310.32,2.2120585399276576
7819,121.0,13986.394444444379,310.36,1.9539670230853827
7820,121.0,13987.738888888824,310.40000000000003,1.8251709983972149
7821,122.0,13989.088888888822,310.44,1.836403775942917
7822,122.0,13990.444444444378,310.48,1.643359283010278
7823,122.0,13991.799999999932,310.52,1.6394454126265927
7824,122.0,13993.155555555488,310.56,1.825217182827451
7825,123.0,13994.5166666666,310.6,1.8363582644591858
7826,123.0,13995.883333333264,310.64,1.6433435646196504
7827,123.0,13997.24999999993,310.68,1.639461512989846
7828,123.0,13998.616666666598,310.72,1.5100067689026573
7829,124.0,13999.988888888818,310.76,1.5834983089828418
7830,124.0,14001.366666666596,310.8,1.771820617946107
7831,124.0,14002.744444444374,310.84000000000003,2.08346371587015
7832,124.0,14004.12222222215,310.88,2.203588862381199
7833,124.0,14005.499999999927,310.92,2.4493305664516436
7834,125.0,14006.883333333259,310.96,2.462248916798253
7835,126.0,14008.277777777705,311.0,2.9178634962577426
7836,126.0,14009.677777777706,311.04,3.0958102154143403
7837,126.0,14011.077777777704,311.08,3.3360040859303837
7838,127.0,14012.48333333326,311.12,3.2860395152712742
7839,127.0,14013.894444444373,311.16,2.8969217055200254
7840,128.0,14015.31111111104,311.2,2.5936694301689216
7841,128.0,14016.733333333263,311.24,2.7117058005446903
7842,129.0,14018.161111111041,311.28000000000003,2.915498115755303
7843,129.0,14019.594444444374,311.32,2.7808669204618393
7844,129.0,14021.027777777708,311.36,2.7086825299686828
7845,129.0,14022.461111111043,311.40000000000003,2.7018391966159685
7846,130.0,14023.89999999993,311.44,2.7769448286766623
7847,131.0,14025.349999999931,311.48,2.599333461532732
7848,131.0,14026.805555555486,311.52,2.8438117386940185
7849,131.0,14028.261111111042,311.56,3.1499461349973843
7850,132.0,14029.722222222154,311.6,3.480537141805517
7851,132.0,14031.188888888819,311.64,3.7223261444907547
7852,132.0,14032.655555555486,311.68,3.8951994337082794
7853,133.0,14034.127777777709,311.72,4.4093227080647095
7854,134.0,14035.61111111104,311.76,4.543971168717547
7855,135.0,14037.105555555485,311.8,4.617969647107301
7856,136.0,14038.61111111104,311.84000000000003,4.943806305085741
7857,136.0,14040.12222222215,311.88,4.790065865266138
7858,137.0,14041.638888888818,311.92,4.233282883145211
7859,137.0,14043.161111111038,311.96,3.90210322583273
7860,138.0,14044.688888888817,312.0,3.853687158194563
7861,139.0,14046.227777777707,312.04,4.057789159588761
7862,139.0,14047.772222222151,312.08,4.165431746502965
7863,139.0,14049.316666666597,312.12,3.895659646288242
7864,140.0,14050.866666666598,312.16,3.653905459405551
7865,141.0,14052.427777777708,312.2,3.4147212783275736
7866,142.0,14053.99999999993,312.24,3.4915819887672117
7867,142.0,14055.57777777771,312.28000000000003,3.5411655614580835
7868,142.0,14057.155555555486,312.32,3.2760529057179766
7869,142.0,14058.733333333264,312.36,2.7012885081802844
7870,143.0,14060.316666666598,312.40000000000003,1.8927125536091265
7871,144.0,14061.911111111041,312.44,1.2682186502478463
7872,144.0,14063.511111111042,312.48,0.8864057513881841
7873,144.0,14065.11111111104,312.52,0.4428953885312774
7874,144.0,14066.71111111104,312.56,-0.0632869088119898
7875,143.0,14068.305555555486,312.6,-0.9436667939127052
7876,143.0,14069.894444444373,312.64,-1.449526026709539
7877,143.0,14071.483333333263,312.68,-2.1450854612583745
7878,143.0,14073.072222222152,312.72,-2.5924716580763074
7879,143.0,14074.66111111104,312.76,-3.106205618581581
7880,142.0,14076.244444444374,312.8,-4.227180446766613
7881,142.0,14077.822222222152,312.84000000000003,-5.578717198459527
7882,140.0,14079.388888888818,312.88,-6.669543627919985
7883,140.0,14080.944444444374,312.92,-7.297524267134626
7884,139.0,14082.494444444374,312.96,-7.942711646207199
7885,136.0,14084.022222222153,313.0,-8.712631676604598
7886,135.0,14085.527777777708,313.04,-9.42600509054553
7887,134.0,14087.022222222151,313.08,-9.889999572296365
7888,134.0,14088.51111111104,313.12,-10.201051812519188
7889,132.0,14089.988888888818,313.16,-9.781891307590998
7890,129.0,14091.438888888817,313.2,-9.961627680228968
7891,128.0,14092.866666666596,313.24,-10.630678414089815
7892,126.0,14094.277777777708,313.28000000000003,-11.224911382939723
7893,126.0,14095.677777777706,313.32,-11.322006316255578
7894,125.0,14097.072222222152,313.36,-10.609269074323059
7895,121.0,14098.438888888819,313.40000000000003,-9.950358718338403
7896,120.0,14099.777777777706,313.44,-10.239962154250383
7897,118.0,14101.09999999993,313.48,-9.824683792068319
7898,118.0,14102.41111111104,313.52,-9.700629692163947
7899,117.0,14103.716666666596,313.56,-9.214278787775942
7900,115.0,14105.005555555486,313.6,-8.32103096424677
7901,113.0,14106.272222222153,313.64,-7.953882549616269
7902,113.0,14107.527777777708,313.68,-7.343021256728454
7903,112.0,14108.777777777708,313.72,-7.036635667280971
7904,110.0,14110.01111111104,313.76,-6.029911102177757
7905,109.0,14111.227777777707,313.8,-5.136871796877982
7906,109.0,14112.438888888819,313.84000000000003,-4.41152546261484
7907,109.0,14113.649999999929,313.88,-3.6154866568995203
7908,108.0,14114.855555555485,313.92,-2.460599348254007
7909,108.0,14116.055555555484,313.96,-1.390507731853278
7910,107.0,14117.249999999929,314.0,-0.815090792958661
7911,107.0,14118.438888888819,314.04,-0.5020617447788924
7912,108.0,14119.633333333262,314.08,-0.12668879255593524
7913,108.0,14120.833333333263,314.12,0.3163750272221486
7914,108.0,14122.033333333264,314.16,0.4424770742833267
7915,108.0,14123.233333333263,314.2,0.25239695459461176
7916,108.0,14124.433333333263,314.24,-0.25239695459512757
7917,108.0,14125.633333333264,314.28000000000003,-0.7582115052494494
7918,108.0,14126.833333333263,314.32,-0.8857729769262078
7919,108.0,14128.033333333264,314.36,-0.9505654199173755
7920,107.0,14129.227777777709,314.40000000000003,-0.9433580593178418
7921,107.0,14130.416666666597,314.44,-0.8818862948366164
7922,107.0,14131.605555555487,314.48,-0.75693014933924
7923,107.0,14132.794444444375,314.52,-0.5682290517508943
7924,107.0,14133.983333333264,314.56,8.040214959891645e-14
7925,107.0,14135.172222222154,314.6,0.8842854418742689
7926,107.0,14136.361111111042,314.64,1.3247317093513966
7927,107.0,14137.549999999932,314.68,1.6363843398527123
7928,107.0,14138.738888888822,314.72,1.8197961994094163
7929,108.0,14139.933333333265,314.76,1.8939014848851483
7930,109.0,14141.138888888821,314.8,2.160114959160378
7931,109.0,14142.349999999933,314.84000000000003,2.216396689501884
7932,109.0,14143.561111111043,314.88,2.0831305652659644
7933,109.0,14144.772222222155,314.92,1.7629550305640722
7934,109.0,14145.983333333264,314.96,1.2573752021530087
7935,110.0,14147.199999999932,315.0,0.9504998876472067
7936,110.0,14148.422222222154,315.04,1.2025702742805213
7937,110.0,14149.644444444375,315.08,1.326957505852162
7938,110.0,14150.866666666598,315.12,1.3245470693072405
7939,110.0,14152.08888888882,315.16,1.196424146810542
7940,110.0,14153.311111111041,315.2,1.2584577752003683
7941,111.0,14154.53888888882,315.24,1.8384657453960938
7942,111.0,14155.772222222153,315.28000000000003,2.529756518916793
7943,111.0,14157.005555555485,315.32,2.961015448230515
7944,111.0,14158.238888888818,315.36,3.1353881114178805
7945,112.0,14159.477777777707,315.40000000000003,3.7182337878226233
7946,113.0,14160.727777777705,315.44,3.9227515171765672
7947,114.0,14161.988888888816,315.48,4.12333907510372
7948,114.0,14163.255555555483,315.52,4.2885714940978
7949,114.0,14164.52222222215,315.56,4.39094238855844
7950,116.0,14165.799999999928,315.6,4.446837247402292
7951,116.0,14167.088888888817,315.64,4.296724410517087
7952,116.0,14168.377777777707,315.68,4.083771961506201
7953,117.0,14169.672222222152,315.72,4.222017972302536
7954,118.0,14170.977777777707,315.76,3.982295372093873
7955,119.0,14172.294444444375,315.8,4.001856069289536
7956,119.0,14173.616666666598,315.84000000000003,4.233156968882533
7957,119.0,14174.938888888819,315.88,4.400158228388004
7958,120.0,14176.266666666597,315.92,4.1626769098328475
7959,120.0,14177.59999999993,315.96,3.8279066396394508
7960,122.0,14178.944444444374,316.0,3.873620835131022
7961,122.0,14180.29999999993,316.04,4.170195823703705
7962,123.0,14181.66111111104,316.08,4.43735839591942
7963,123.0,14183.027777777706,316.12,4.226177049072829
7964,123.0,14184.394444444373,316.16,3.953440106018326
7965,124.0,14185.766666666594,316.2,3.6555719601208434
7966,125.0,14187.149999999927,316.24,3.9849287085600404
7967,126.0,14188.544444444373,316.28000000000003,4.253230350859667
7968,126.0,14189.944444444372,316.32,4.418976720786693
7969,126.0,14191.344444444374,316.36,4.521747490857888
7970,127.0,14192.74999999993,316.40000000000003,4.536784642136533
7971,128.0,14194.166666666597,316.44,4.74029934451856
7972,129.0,14195.594444444376,316.48,4.813273823536981
7973,129.0,14197.027777777708,316.52,5.098565545677299
7974,130.0,14198.466666666598,316.56,4.979752395458086
7975,131.0,14199.916666666599,316.6,5.0572382826535245
7976,132.0,14201.377777777709,316.64,5.2602363156087355
7977,132.0,14202.844444444376,316.68,5.546010571575568
7978,133.0,14204.316666666598,316.72,5.676743982458228
7979,133.0,14205.794444444375,316.76,5.579738366617952
7980,135.0,14207.283333333264,316.8,6.011144759598914
7981,136.0,14208.78888888882,316.84000000000003,6.1408395418064226
7982,137.0,14210.305555555484,316.88,6.394783936172259
7983,137.0,14211.827777777708,316.92,6.035269915989627
7984,138.0,14213.355555555483,316.96,5.851130305389348
7985,140.0,14214.899999999929,317.0,5.780232043699335
7986,140.0,14216.455555555485,317.04,6.000564742224094
7987,141.0,14218.016666666595,317.08,6.322424795382796
7988,141.0,14219.583333333263,317.12,6.340178615278215
7989,142.0,14221.155555555486,317.16,5.840461012458887
7990,144.0,14222.744444444374,317.2,5.509058409519823
7991,145.0,14224.34999999993,317.24,5.9593388427782985
7992,146.0,14225.966666666596,317.28000000000003,6.1566880564003235
7993,146.0,14227.588888888817,317.32,6.054202197434163
7994,146.0,14229.211111111039,317.36,5.708013512264483
7995,147.0,14230.838888888817,317.40000000000003,5.468087979307373
7996,149.0,14232.483333333259,317.44,5.703017924295635
7997,150.0,14234.144444444371,317.48,5.706328800014023
7998,150.0,14235.811111111037,317.52,5.859820839442102
7999,151.0,14237.48333333326,317.56,5.5479006136270685
8000,152.0,14239.166666666595,317.6,5.688359130688617
8001,153.0,14240.861111111039,317.64,5.8278556196394975
8002,153.0,14242.56111111104,317.68,5.983228694402691
8003,154.0,14244.266666666595,317.72,5.983296200187429
8004,154.0,14245.977777777705,317.76,5.761443954562225
8005,157.0,14247.705555555483,317.8,5.778382443340492
8006,158.0,14249.455555555483,317.84000000000003,5.847439092563844
8007,158.0,14251.211111111037,317.88,6.004407817716759
8008,158.0,14252.966666666594,317.92,5.594923348143005
8009,159.0,14254.727777777704,317.96,5.351562847069396
8010,160.0,14256.499999999927,318.0,4.861188705284854
8011,161.0,14258.283333333262,318.04,5.18589995747137
8012,162.0,14260.077777777704,318.08,5.379491623528418
8013,162.0,14261.877777777705,318.12,5.098823640443148
8014,163.0,14263.683333333262,318.16,4.41362290828751
8015,164.0,14265.499999999927,318.2,3.0319019466554304
8016,165.0,14267.327777777706,318.24,1.1403577957434436
8017,165.0,14269.16111111104,318.28000000000003,-1.0757458029653557
8018,165.0,14270.994444444372,318.32,-2.789014908209679
8019,165.0,14272.827777777706,318.36,-4.6469379379111855
8020,163.0,14274.649999999929,318.40000000000003,-7.08024310536321
8021,161.0,14276.449999999928,318.44,-8.874689789482078
8022,159.0,14278.227777777707,318.48,-9.915176827236953
8023,159.0,14279.994444444372,318.52,-10.277061144416692
8024,158.0,14281.755555555485,318.56,-10.064466478719307
8025,154.0,14283.488888888818,318.6,-9.704148783896198
8026,153.0,14285.194444444372,318.64,-9.536663566977474
8027,152.0,14286.888888888818,318.68,-9.745918327353465
8028,152.0,14288.577777777708,318.72,-9.781545037446461
8029,151.0,14290.26111111104,318.76,-9.167955539730704
8030,148.0,14291.922222222152,318.8,-8.797046860536927
8031,147.0,14293.561111111043,318.84000000000003,-9.321079728596938
8032,145.0,14295.183333333263,318.88,-9.600141922028767
8033,145.0,14296.794444444375,318.92,-10.142372265854393
8034,144.0,14298.399999999929,318.96,-9.66745964069189
8035,141.0,14299.983333333263,319.0,-9.109526409262932
8036,140.0,14301.544444444375,319.04,-9.132811196400839
8037,139.0,14303.094444444374,319.08,-9.278000040739082
8038,137.0,14304.627777777709,319.12,-9.18020336980494
8039,137.0,14306.149999999932,319.16,-8.69665754599155
8040,135.0,14307.661111111041,319.2,-8.508228033170928
8041,134.0,14309.155555555486,319.24,-9.150585913886104
8042,132.0,14310.633333333264,319.28000000000003,-9.480625049429573
8043,132.0,14312.09999999993,319.32,-9.394387101258507
8044,131.0,14313.561111111041,319.36,-9.431613207002071
8045,128.0,14314.99999999993,319.40000000000003,-9.120255487256744
8046,126.0,14316.411111111041,319.44,-9.010919763584832
8047,125.0,14317.805555555487,319.48,-8.471108202611216
8048,125.0,14319.194444444374,319.52,-8.244027277833046
8049,124.0,14320.577777777708,319.56,-7.488016496243271
8050,122.0,14321.944444444374,319.6,-7.160871879020971
8051,121.0,14323.294444444373,319.64,-7.407222915681966
8052,121.0,14324.638888888818,319.68,-7.9831207004132505
8053,120.0,14325.977777777707,319.72,-8.759396596368545
8054,119.0,14327.305555555484,319.76,-8.719551145193707
8055,116.0,14328.61111111104,319.8,-8.71490625641759
8056,115.0,14329.894444444375,319.84000000000003,-8.747285495314374
8057,114.0,14331.166666666597,319.88,-8.716863863461223
8058,112.0,14332.422222222152,319.92,-8.157643738103305
8059,112.0,14333.666666666595,319.96,-7.290230291558117
8060,110.0,14334.899999999929,320.0,-6.21169661872351
8061,110.0,14336.122222222151,320.04,-5.629704278117178
8062,109.0,14337.338888888817,320.08,-5.111065588680221
8063,108.0,14338.544444444373,320.12,-4.4025772032565245
8064,108.0,14339.744444444374,320.16,-3.9867786858016783
8065,107.0,14340.938888888817,320.2,-3.462364090832594
8066,107.0,14342.127777777707,320.24,-3.289416356960971
8067,106.0,14343.311111111041,320.28000000000003,-2.7682018653570166
8068,106.0,14344.488888888818,320.32,-2.3360056702633347
8069,106.0,14345.666666666597,320.36,-2.0271212040693265
8070,105.0,14346.83888888882,320.40000000000003,-1.5093846090116159
8071,105.0,14348.005555555486,320.44,-1.1973095334147208
8072,105.0,14349.172222222154,320.48,-0.7569178142255694
8073,105.0,14350.33888888882,320.52,-0.5682299312794498
8074,105.0,14351.505555555488,320.56,-0.31579309523623206
8075,105.0,14352.672222222156,320.6,-0.3155197994567105
8076,105.0,14353.838888888822,320.64,-0.5681315414314021
8077,105.0,14355.00555555549,320.68,-0.7582296120860964
8078,105.0,14356.172222222158,320.72,-0.8858282582017953
8079,105.0,14357.338888888824,320.76,-0.950668410826175
8080,104.0,14358.499999999936,320.8,-0.9432541415368834
8081,104.0,14359.655555555493,320.84000000000003,-0.5671376157883729
8082,104.0,14360.811111111048,320.88,-0.18924401482068837
8083,104.0,14361.966666666605,320.92,0.18924401482015374
8084,104.0,14363.12222222216,320.96,0.5671376157875143
8085,104.0,14364.277777777717,321.0,0.628562900601941
8086,105.0,14365.43888888883,321.04,0.3802345848655243
8087,105.0,14366.605555555496,321.08,0.126656798910353
8088,105.0,14367.772222222164,321.12,-0.12665679891039727
8089,105.0,14368.938888888832,321.16,-0.38023458486640477
8090,104.0,14370.099999999942,321.2,-0.942432415598494
8091,104.0,14371.255555555499,321.24,-1.448589781016472
8092,104.0,14372.411111111056,321.28000000000003,-1.5151386066697072
8093,104.0,14373.566666666611,321.32,-1.45544361071481
8094,104.0,14374.722222222168,321.36,-1.268160413306673
8095,103.0,14375.87222222217,321.40000000000003,-0.9432181605177826
8096,103.0,14377.016666666614,321.44,-1.1962156189438653
8097,103.0,14378.161111111058,321.48,-1.0095615116963266
8098,103.0,14379.305555555502,321.52,-0.7583763834419383
8099,103.0,14380.449999999946,321.56,-0.4427390266325581
8100,103.0,14381.59444444439,321.6,0.25306086021867974
8101,102.0,14382.733333333279,321.64,0.5637081214201769
8102,103.0,14383.872222222168,321.68,0.8213544049378028
8103,103.0,14385.016666666612,321.72,1.0092020818806
8104,103.0,14386.161111111056,321.76,1.1329534422894751
8105,104.0,14387.311111111057,321.8,1.5223224068248187
8106,104.0,14388.466666666614,321.84000000000003,1.7710659068919579
8107,104.0,14389.62222222217,321.88,1.8315893741800127
8108,104.0,14390.777777777726,321.92,2.015593347422411
8109,104.0,14391.933333333282,321.96,2.0096288897667036
8110,105.0,14393.094444444394,322.0,1.8337909301685449
8111,105.0,14394.261111111062,322.04,2.1438230789796595
8112,106.0,14395.433333333283,322.08,2.601937989302124
8113,106.0,14396.611111111062,322.12,2.7815258213158556
8114,106.0,14397.788888888841,322.16,3.0234755985608386
8115,106.0,14398.966666666618,322.2,3.264225367199134
8116,107.0,14400.149999999952,322.24,3.530980824130546
8117,108.0,14401.344444444398,322.28000000000003,3.8004463630095136
8118,108.0,14402.544444444397,322.32,4.028607506915895
8119,109.0,14403.749999999953,322.36,4.29408143486773
8120,110.0,14404.96666666662,322.40000000000003,4.498776681512059
8121,110.0,14406.18888888884,322.44,4.221522727868467
8122,111.0,14407.416666666619,322.48,3.9197020069655206
8123,111.0,14408.64999999995,322.52,3.899257613268918
8124,112.0,14409.88888888884,322.56,3.5369237664993696
8125,113.0,14411.13888888884,322.6,3.809172100327647
8126,113.0,14412.394444444393,322.64,3.9793361214664755
8127,113.0,14413.649999999949,322.68,3.770715370404639
8128,114.0,14414.91111111106,322.72,3.594598378545435
8129,114.0,14416.177777777724,322.76,3.3916417831879504
8130,116.0,14417.455555555503,322.8,3.884632510234865
8131,116.0,14418.744444444394,322.84000000000003,4.562370091122916
8132,116.0,14420.033333333282,322.88,4.786419577827592
8133,116.0,14421.322222222172,322.92,4.569232483075638
8134,117.0,14422.616666666616,322.96,4.643956777767093
8135,119.0,14423.927777777728,323.0,4.635502110380996
8136,120.0,14425.255555555506,323.04,4.833498971675961
8137,120.0,14426.588888888838,323.08,4.611424761974275
8138,120.0,14427.922222222172,323.12,4.019501122402974
8139,121.0,14429.261111111062,323.16,3.0907881018682706
8140,122.0,14430.61111111106,323.2,2.7935462743792843
8141,122.0,14431.966666666616,323.24,3.1033106708903393
8142,122.0,14433.322222222172,323.28000000000003,3.4064587681690526
8143,122.0,14434.677777777726,323.32,3.3917964354304377
8144,122.0,14436.033333333282,323.36,3.0656867768624103
8145,124.0,14437.399999999949,323.40000000000003,3.168063172358205
8146,125.0,14438.78333333328,323.44,3.6255061332379026
8147,125.0,14440.17222222217,323.48,3.734661402324734
8148,125.0,14441.561111111057,323.52,3.844456136397239
8149,125.0,14442.949999999948,323.56,3.5773106147054876
8150,126.0,14444.344444444394,323.6,3.2803650535349695
8151,127.0,14445.749999999949,323.64,3.29356228091187
8152,127.0,14447.161111111061,323.68,3.657817419994103
8153,128.0,14448.57777777773,323.72,4.050032243572097
8154,128.0,14449.99999999995,323.76,4.030520917009082
8155,129.0,14451.42777777773,323.8,3.9824549962349485
8156,129.0,14452.861111111064,323.84000000000003,4.154778113491226
8157,130.0,14454.299999999952,323.88,4.608682296662847
8158,131.0,14455.749999999953,323.92,4.619554521118688
8159,131.0,14457.205555555507,323.96,4.529489104877824
8160,132.0,14458.666666666619,324.0,4.415319333577098
8161,133.0,14460.138888888841,324.04,4.553338296209303
8162,134.0,14461.622222222173,324.08,4.567569476010679
8163,134.0,14463.111111111062,324.12,4.419001648023426
8164,134.0,14464.599999999951,324.16,4.523167988076511
8165,135.0,14466.094444444394,324.2,4.537310055795763
8166,136.0,14467.59999999995,324.24,4.73999345083964
8167,137.0,14469.116666666618,324.28000000000003,4.812395147963236
8168,137.0,14470.638888888838,324.32,4.783108372339349
8169,138.0,14472.166666666617,324.36,4.412582693710902
8170,139.0,14473.705555555507,324.40000000000003,4.301208145287118
8171,140.0,14475.255555555506,324.44,4.379515800823751
8172,140.0,14476.811111111063,324.48,4.297243017361412
8173,140.0,14478.366666666618,324.52,4.150889257498158
8174,140.0,14479.922222222174,324.56,3.947151027690307
8175,142.0,14481.488888888842,324.6,4.370159891980872
8176,143.0,14483.072222222174,324.64,4.953594279497403
8177,143.0,14484.661111111063,324.68,5.366183817552684
8178,143.0,14486.249999999953,324.72,5.3322773049408045
8179,144.0,14487.844444444396,324.76,5.214259872714977
8180,146.0,14489.455555555507,324.8,4.946158309684634
8181,147.0,14491.083333333285,324.84000000000003,5.146146463082815
8182,147.0,14492.716666666616,324.88,5.4972384875190725
8183,147.0,14494.349999999951,324.92,5.340472965872014
8184,148.0,14495.988888888838,324.96,5.037285592289872
8185,149.0,14497.63888888884,325.0,4.861178707834289
8186,150.0,14499.299999999952,325.04,5.186552138777323
8187,151.0,14500.972222222174,325.08,5.380445259663099
8188,151.0,14502.649999999952,325.12,5.097730794236814
8189,152.0,14504.333333333287,325.16,4.729846353959931
8190,153.0,14506.02777777773,325.2,4.869904942337329
8191,154.0,14507.733333333286,325.24,4.817138111935012
8192,154.0,14509.444444444398,325.28000000000003,4.9223023885509685
8193,154.0,14511.155555555508,325.32,4.897442809636202
8194,155.0,14512.872222222175,325.36,4.782076970691147
8195,157.0,14514.605555555509,325.40000000000003,4.8866531320628415
8196,157.0,14516.349999999951,325.44,5.117256154485964
8197,158.0,14518.099999999951,325.48,5.248419487269472
8198,158.0,14519.855555555505,325.52,5.2225555665017
8199,159.0,14521.616666666618,325.56,4.7279173726575685
8200,160.0,14523.388888888841,325.6,4.74141183545594
8201,161.0,14525.172222222172,325.64,5.25660777075412
8202,161.0,14526.961111111063,325.68,5.547783040422709
8203,162.0,14528.755555555508,325.72,5.67771298213252
8204,162.0,14530.555555555507,325.76,5.2714121703045125
8205,164.0,14532.36666666662,325.8,4.804152936350555
8206,165.0,14534.194444444398,325.84000000000003,4.241554689127845
8207,166.0,14536.033333333286,325.88,3.678837763053049
8208,166.0,14537.87777777773,325.92,2.782911972806177
8209,166.0,14539.722222222174,325.96,1.6408589862692171
8210,166.0,14541.566666666618,326.0,-0.31536071565957496
8211,166.0,14543.411111111063,326.04,-1.8937082340985436
8212,166.0,14545.255555555506,326.08,-3.2899576848843997
8213,166.0,14547.099999999951,326.12,-4.063848353548595
8214,165.0,14548.93888888884,326.16,-5.133452154976534
8215,163.0,14550.761111111062,326.2,-6.980923475836061
8216,162.0,14552.566666666618,326.24,-8.809607934631215
8217,161.0,14554.361111111064,326.28000000000003,-10.159561551046485
8218,161.0,14556.14999999995,326.32,-10.715275516576275
8219,159.0,14557.92777777773,326.36,-11.196986879076155
8220,155.0,14559.672222222174,326.40000000000003,-11.4674504753898
8221,153.0,14561.383333333284,326.44,-12.13889076105332
8222,152.0,14563.07777777773,326.48,-12.152713905587728
8223,152.0,14564.766666666617,326.52,-12.490151224491147
8224,149.0,14566.43888888884,326.56,-11.996471426790762
8225,147.0,14568.083333333287,326.6,-11.951857352965892
8226,145.0,14569.705555555507,326.64,-12.683279495370847
8227,145.0,14571.316666666618,326.68,-14.062266047348944
8228,142.0,14572.911111111063,326.72,-14.241476745070296
8229,140.0,14574.477777777729,326.76,-13.86560337185978
8230,137.0,14576.01666666662,326.8,-14.392057402533693
8231,135.0,14577.527777777732,326.84000000000003,-14.663848630089369
8232,132.0,14579.011111111064,326.88,-14.833201057108852
8233,132.0,14580.47777777773,326.92,-13.931574368334429
8234,130.0,14581.933333333285,326.96,-12.853192668553627
8235,126.0,14583.355555555509,327.0,-12.30516056875069
8236,125.0,14584.749999999955,327.04,-12.124286732789797
8237,123.0,14586.12777777773,327.08,-11.65717019612098
8238,123.0,14587.494444444397,327.12,-11.952869782397517
8239,122.0,14588.855555555509,327.16,-10.994280250055503
8240,118.0,14590.18888888884,327.2,-10.006795985563873
8241,117.0,14591.494444444397,327.24,-10.298952164916605
8242,116.0,14592.788888888843,327.28000000000003,-10.281425364708467
8243,114.0,14594.06666666662,327.32,-9.935277297580496
8244,114.0,14595.333333333287,327.36,-9.166047758127624
8245,112.0,14596.588888888842,327.40000000000003,-7.956648333278129
8246,110.0,14597.822222222174,327.44,-7.646111162067398
8247,109.0,14599.038888888841,327.48,-7.027262097184019
8248,109.0,14600.24999999995,327.52,-6.141816077826994
8249,108.0,14601.455555555507,327.56,-5.628984509009009
8250,107.0,14602.649999999952,327.6,-4.852087825245274
8251,106.0,14603.833333333285,327.64,-4.205362415751074
8252,106.0,14605.011111111064,327.68,-4.164988240577892
8253,106.0,14606.188888888842,327.72,-4.063178201554131
8254,105.0,14607.361111111064,327.76,-3.5400841295866816
8255,104.0,14608.522222222176,327.8,-3.3327004805515834
8256,104.0,14609.677777777733,327.84000000000003,-3.4729745364280897
8257,103.0,14610.827777777733,327.88,-3.58408254371093
8258,103.0,14611.972222222177,327.92,-3.4137657632298377
8259,103.0,14613.116666666621,327.96,-3.2369985179009095
8260,102.0,14614.25555555551,328.0,-3.0301837614867306
8261,101.0,14615.383333333288,328.04,-2.8893677841947962
8262,101.0,14616.505555555508,328.08,-2.5229002517221732
8263,101.0,14617.62777777773,328.12,-2.2800571169439485
8264,100.0,14618.744444444397,328.16,-2.137879507353521
8265,100.0,14619.855555555507,328.2,-2.0782075908365223
8266,100.0,14620.966666666618,328.24,-2.083109465466023
8267,100.0,14622.07777777773,328.28000000000003,-2.2170069656952354
8268,100.0,14623.188888888839,328.32,-2.161347843899024
8269,99.0,14624.294444444395,328.36,-1.893894279204772
8270,98.0,14625.38888888884,328.40000000000003,-2.443695871029879
8271,98.0,14626.477777777727,328.44,-2.76793931049171
8272,98.0,14627.566666666617,328.48,-2.8437235298710855
8273,98.0,14628.655555555504,328.52,-2.349524532721914
8274,98.0,14629.744444444394,328.56,-1.6561271526726127
8275,96.0,14630.822222222172,328.6,-0.8133745558107429
8276,96.0,14631.888888888838,328.64,-0.31336574150120355
8277,96.0,14632.955555555505,328.68,0.1880548028603504
8278,97.0,14634.027777777728,328.72,1.0125437708290588
8279,97.0,14635.105555555505,328.76,1.7663013422562008
8280,98.0,14636.188888888839,328.8,2.7906290098785624
8281,98.0,14637.277777777728,328.84000000000003,2.9039396980932035
8282,98.0,14638.366666666616,328.88,2.764862950555622
8283,99.0,14639.46111111106,328.92,2.402892745192682
8284,99.0,14640.56111111106,328.96,2.4577715935106967
8285,100.0,14641.666666666615,329.0,2.6027520235492396
8286,100.0,14642.777777777726,329.04,2.7817466392252146
8287,100.0,14643.888888888836,329.08,3.0230615234117546
8288,100.0,14644.999999999947,329.12,2.948030303105151
8289,101.0,14646.116666666614,329.16,2.9630474375494957
8290,102.0,14647.24444444439,329.2,3.0437324750394263
8291,102.0,14648.377777777723,329.24,3.1541768802879298
8292,103.0,14649.516666666612,329.28000000000003,3.0419997829267573
8293,103.0,14650.661111111056,329.32,2.6500360212085976
8294,103.0,14651.8055555555,329.36,2.3286219497936753
8295,104.0,14652.955555555502,329.40000000000003,2.4094790847915806
8296,104.0,14654.111111111057,329.44,2.845067722934369
8297,104.0,14655.266666666614,329.48,2.9605953293927763
8298,104.0,14656.422222222169,329.52,3.4488409069321353
8299,105.0,14657.583333333281,329.56,3.6519191415090053
8300,106.0,14658.755555555505,329.6,3.857702847540936
8301,107.0,14659.938888888837,329.64,4.3784367704386895
8302,107.0,14661.127777777727,329.68,4.791915845462007
8303,108.0,14662.322222222172,329.72,4.803280742633432
8304,108.0,14663.522222222171,329.76,4.33350521050337
8305,109.0,14664.727777777727,329.8,4.4779081362206
8306,110.0,14665.944444444394,329.84000000000003,4.492026227789762
8307,111.0,14667.17222222217,329.88,4.758276867817075
8308,111.0,14668.405555555504,329.92,4.856374685336023
8309,111.0,14669.638888888836,329.96,4.823222688542912
8310,113.0,14670.88333333328,330.0,4.754777136084024
8311,113.0,14672.138888888836,330.04,4.473722316266077
8312,114.0,14673.399999999945,330.08,4.487379654548381
8313,115.0,14674.672222222169,330.12,4.434338169625648
8314,115.0,14675.949999999948,330.16,3.96797740221241
8315,116.0,14677.23333333328,330.2,3.4810951947263713
8316,116.0,14678.522222222171,330.24,3.593018536526633
8317,117.0,14679.816666666617,330.28000000000003,3.3565503207434073
8318,117.0,14681.116666666616,330.32,3.0906989360832293
8319,117.0,14682.416666666617,330.36,3.204413101666338
8320,118.0,14683.722222222174,330.40000000000003,3.3471417444340825
8321,119.0,14685.03888888884,330.44,3.805759504758666
8322,119.0,14686.361111111062,330.48,4.1683700254973965
8323,119.0,14687.683333333283,330.52,4.4578804452844905
8324,120.0,14689.011111111062,330.56,4.4049066211164565
8325,121.0,14690.349999999951,330.6,4.610025896864889
8326,122.0,14691.69999999995,330.64,5.0030499308172525
8327,123.0,14693.061111111061,330.68,5.58234883680748
8328,123.0,14694.427777777728,330.72,5.605388542144348
8329,123.0,14695.794444444393,330.76,5.444897822579138
8330,125.0,14697.17222222217,330.8,5.4995715750102265
8331,126.0,14698.566666666617,330.84000000000003,5.317169526033752
8332,127.0,14699.972222222172,330.88,5.325482385160618
8333,127.0,14701.383333333284,330.92,5.163099653076242
8334,128.0,14702.79999999995,330.96,4.9218753342024915
8335,129.0,14704.227777777729,331.0,4.49638079499485
8336,129.0,14705.661111111063,331.04,4.539487550508693
8337,130.0,14707.099999999951,331.08,4.805793648540955
8338,130.0,14708.544444444397,331.12,4.903384707410675
8339,131.0,14709.994444444397,331.16,4.915070475893381
8340,132.0,14711.455555555507,331.2,5.115057714062614
8341,133.0,14712.92777777773,331.24,5.184217146188226
8342,134.0,14714.411111111063,331.28000000000003,5.13037087475945
8343,134.0,14715.89999999995,331.32,5.2271874732196535
8344,135.0,14717.394444444395,331.36,4.859226505446059
8345,136.0,14718.89999999995,331.40000000000003,4.364325003473029
8346,136.0,14720.41111111106,331.44,4.093797776051536
8347,137.0,14721.927777777728,331.48,3.790265128722507
8348,138.0,14723.455555555503,331.52,3.484751913616354
8349,138.0,14724.988888888838,331.56,2.841788551518666
8350,138.0,14726.522222222173,331.6,2.583073220370293
8351,139.0,14728.061111111061,331.64,2.7226299345708846
8352,139.0,14729.605555555507,331.68,2.844032472855988
8353,139.0,14731.149999999952,331.72,2.9622684810556117
8354,139.0,14732.694444444396,331.76,3.1396504472295343
8355,140.0,14734.244444444397,331.8,3.0871402654082223
8356,141.0,14735.80555555551,331.84000000000003,2.7823743136661703
8357,142.0,14737.37777777773,331.88,2.9200563695493886
8358,142.0,14738.955555555509,331.92,2.7841496360210947
8359,142.0,14740.533333333286,331.96,2.398043988641083
8360,142.0,14742.111111111064,332.0,2.079726157277432
8361,142.0,14743.688888888842,332.04,1.8250714979911595
8362,143.0,14745.272222222175,332.08,1.708333373889467
8363,143.0,14746.861111111064,332.12,1.7676620510242858
8364,143.0,14748.449999999953,332.16,1.7007480970856117
8365,144.0,14750.044444444397,332.2,2.153792568104614
8366,144.0,14751.644444444397,332.24,2.3392362661770703
8367,144.0,14753.244444444397,332.28000000000003,2.2712690861119755
8368,144.0,14754.844444444396,332.32,2.3280404478345407
8369,144.0,14756.444444444396,332.36,2.1963959291734465
8370,146.0,14758.055555555507,332.40000000000003,2.2227169540372156
8371,146.0,14759.677777777728,332.44,2.661090532310457
8372,146.0,14761.29999999995,332.48,2.842816908103643
8373,146.0,14762.92222222217,332.52,2.7711840739627114
8374,146.0,14764.544444444393,332.56,2.7646592441694238
8375,147.0,14766.17222222217,332.6,2.77876085748917
8376,148.0,14767.811111111057,332.64,3.48648710084023
8377,148.0,14769.455555555503,332.68,3.8511334584919914
8378,148.0,14771.09999999995,332.72,3.8967863255556403
8379,149.0,14772.749999999947,332.76,3.6543769750969295
8380,150.0,14774.41111111106,332.8,3.4143882458981816
8381,151.0,14776.083333333283,332.84000000000003,3.490427007343145
8382,151.0,14777.76111111106,332.88,3.8581262907721543
8383,151.0,14779.438888888839,332.92,3.8437525409800135
8384,151.0,14781.116666666616,332.96,3.45405477348171
8385,152.0,14782.79999999995,333.0,3.4037179415497625
8386,153.0,14784.494444444395,333.04,3.668491847825046
8387,154.0,14786.19999999995,333.08,4.248980095023111
8388,154.0,14787.911111111061,333.12,4.419047858437379
8389,154.0,14789.622222222173,333.16,4.210529885636165
8390,155.0,14791.338888888838,333.2,3.970875320755911
8391,156.0,14793.066666666617,333.24,3.983431949641509
8392,157.0,14794.805555555506,333.28000000000003,4.248614410247908
8393,157.0,14796.549999999948,333.32,4.419053311174567
8394,157.0,14798.294444444393,333.36,4.526443099902667
8395,158.0,14800.044444444393,333.40000000000003,4.538518664617062
8396,159.0,14801.805555555502,333.44,4.739278392067331
8397,160.0,14803.577777777726,333.48,4.810351482144139
8398,160.0,14805.355555555501,333.52,5.1015313511118245
8399,161.0,14807.138888888836,333.56,5.298021748468106
8400,162.0,14808.933333333282,333.6,4.990256622324053
8401,163.0,14810.738888888836,333.64,4.873159240048269
8402,163.0,14812.549999999948,333.68,4.599446159341642
8403,164.0,14814.366666666616,333.72,4.291373028217782
8404,165.0,14816.194444444393,333.76,3.6061516337001844
8405,165.0,14818.027777777726,333.8,2.9017551080027864
8406,166.0,14819.866666666616,333.84000000000003,2.279443969803825
8407,166.0,14821.711111111059,333.88,1.7696038625723682
8408,166.0,14823.555555555504,333.92,1.073523648445254
8409,166.0,14825.399999999947,333.96,0.5681502687208043
8410,166.0,14827.244444444392,334.0,0.3155700844254532
8411,166.0,14829.088888888837,334.04,0.3157429522177157
8412,166.0,14830.93333333328,334.08,0.5682125019784756
8413,166.0,14832.777777777725,334.12,0.7571600596876574
8414,166.0,14834.62222222217,334.16,0.567218070869021
8415,166.0,14836.466666666613,334.2,0.3778355273663613
8416,167.0,14838.316666666613,334.24,0.1899624291042486
8417,167.0,14840.172222222169,334.28000000000003,7.750457134530976e-14
8418,167.0,14842.027777777723,334.32,-0.1899624291040527
8419,166.0,14843.877777777723,334.36,-0.37783552736615983
8420,166.0,14845.722222222168,334.40000000000003,-0.2521658596910632
8421,166.0,14847.566666666611,334.44,-0.18930022649447756
8422,166.0,14849.411111111056,334.48,0.18930022649524433
8423,166.0,14851.255555555499,334.52,0.25216585969144856
8424,166.0,14853.099999999944,334.56,0.37783552736636083
8425,167.0,14854.949999999944,334.6,0.1899624291042164
8426,167.0,14856.805555555498,334.64,-1.3182431680967903e-13
8427,167.0,14858.661111111054,334.68,-0.18996242910416578
8428,166.0,14860.511111111055,334.72,-0.37783552736621245
8429,166.0,14862.355555555498,334.76,-0.5672180708694343
8430,166.0,14864.199999999943,334.8,-0.7571600596875308
8431,166.0,14866.044444444387,334.84000000000003,-0.5682125019784029
8432,166.0,14867.88888888883,334.88,4.242320271048541e-13
8433,166.0,14869.733333333275,334.92,0.5682125019784477
8434,166.0,14871.577777777718,334.96,0.7571600596872654
8435,166.0,14873.422222222163,335.0,0.8825800341784306
8436,166.0,14875.266666666608,335.04,0.9446396756545143
8437,167.0,14877.116666666607,335.08,0.9492930840809499
8438,167.0,14878.972222222163,335.12,0.8850894401814915
8439,167.0,14880.827777777718,335.16,0.7579873450429601
8440,167.0,14882.683333333272,335.2,0.5681504602211629
8441,167.0,14884.538888888828,335.24,0.31557060255857516
8442,167.0,14886.394444444384,335.28000000000003,-1.4479567154226735e-14
8443,167.0,14888.249999999938,335.32,0.3157424352149399
8444,167.0,14890.105555555494,335.36,0.5682123208142704
8445,167.0,14891.96111111105,335.40000000000003,0.7571625537324008
8446,167.0,14893.816666666604,335.44,0.8825875684121418
8447,167.0,14895.67222222216,335.48,0.9446536058833257
8448,168.0,14897.53333333327,335.52,1.2660484675981474
8449,168.0,14899.399999999936,335.56,1.4541403032614615
8450,168.0,14901.266666666603,335.6,1.515146568337921
8451,168.0,14903.133333333268,335.64,1.4498974136122187
8452,168.0,14904.999999999935,335.68,1.2592160734014932
8453,169.0,14906.872222222159,335.72,0.9492655457526361
8454,169.0,14908.749999999935,335.76,0.8850746335063104
8455,169.0,14910.627777777714,335.8,0.7579824836991463
8456,169.0,14912.505555555494,335.84000000000003,0.5681508363320702
8457,169.0,14914.38333333327,335.88,0.6313130491080081
8458,169.0,14916.26111111105,335.92,0.5682119648279982
8459,169.0,14918.138888888825,335.96,0.7571674531075314
8460,169.0,14920.016666666605,336.0,0.5672351638833827
8461,169.0,14921.894444444384,336.04,0.37785240029860345
8462,170.0,14923.777777777716,336.08,0.5066757226132002
8463,170.0,14925.666666666606,336.12,0.569796348512862
8464,170.0,14927.555555555497,336.16,0.5695520959679129
8465,169.0,14929.438888888828,336.2,0.8177591701376867
8466,169.0,14931.316666666607,336.24,0.9431628244150415
8467,170.0,14933.199999999943,336.28000000000003,0.9482340153133588
8468,170.0,14935.08888888883,336.32,1.1995538710884255
8469,170.0,14936.97777777772,336.36,1.7022605487182776
8470,171.0,14938.872222222166,336.40000000000003,2.4053683572422337
8471,171.0,14940.772222222164,336.44,2.52684526518471
8472,171.0,14942.672222222165,336.48,2.395656761968731
8473,171.0,14944.572222222163,336.52,2.389819385128756
8474,172.0,14946.47777777772,336.56,2.525228822556915
8475,173.0,14948.394444444388,336.6,2.725646514328164
8476,173.0,14950.316666666607,336.64,2.9713524779342433
8477,173.0,14952.23888888883,336.68,3.278995589847548
8478,173.0,14954.161111111054,336.72,3.269725582907146
8479,174.0,14956.08888888883,336.76,2.964806444155647
8480,175.0,14958.02777777772,336.8,3.03814881026699
8481,175.0,14959.972222222164,336.84000000000003,3.471625335444465
8482,176.0,14961.922222222163,336.88,3.6068104145675353
8483,176.0,14963.87777777772,336.92,3.406225953838276
8484,176.0,14965.833333333274,336.96,3.2095417480649266
8485,177.0,14967.794444444386,337.0,3.3467714145177725
8486,178.0,14969.766666666608,337.04,3.482305495757512
8487,178.0,14971.744444444384,337.08,3.599341959334147
8488,178.0,14973.722222222163,337.12,3.7131123520790625
8489,179.0,14975.705555555496,337.16,3.5324235623485665
8490,180.0,14977.699999999939,337.2,3.6708265823318817
8491,180.0,14979.69999999994,337.24,4.039917203595576
8492,181.0,14981.705555555498,337.28000000000003,4.363632917659213
8493,181.0,14983.716666666607,337.32,4.283791988327799
8494,181.0,14985.72777777772,337.36,3.829573906904114
8495,183.0,14987.749999999944,337.40000000000003,3.73375954142618
8496,184.0,14989.78888888883,337.44,4.251349323979449
8497,184.0,14991.833333333276,337.48,4.300915919328438
8498,184.0,14993.877777777718,337.52,4.284797088428505
8499,184.0,14995.922222222163,337.56,3.8932949120211453
8500,185.0,14997.972222222164,337.6,3.464501451302076
8501,187.0,15000.03888888883,337.64,3.683395174171654
8502,187.0,15002.116666666609,337.68,4.178366340688589
8503,187.0,15004.194444444387,337.72,4.289508421651087
8504,187.0,15006.272222222164,337.76,4.338473045142399
8505,188.0,15008.355555555498,337.8,3.9704779950218927
8506,189.0,15010.449999999943,337.84000000000003,3.854823684305332
8507,190.0,15012.555555555497,337.88,4.368711638651165
8508,190.0,15014.666666666608,337.92,4.478149614384934
8509,191.0,15016.783333333273,337.96,4.54925632763436
8510,191.0,15018.905555555497,338.0,4.472652613773537
8511,192.0,15021.033333333276,338.04,4.2920261956269075
8512,193.0,15023.172222222163,338.08,4.046800642309467
8513,193.0,15025.31666666661,338.12,3.7806844024851434
8514,194.0,15027.46666666661,338.16,3.537621450948434
8515,195.0,15029.62777777772,338.2,3.6103923854746562
8516,195.0,15031.794444444387,338.24,3.602980643081111
8517,195.0,15033.961111111055,338.28000000000003,3.53103014232453
8518,195.0,15036.12777777772,338.32,3.458150612766331
8519,196.0,15038.299999999943,338.36,3.4049365510471405
8520,197.0,15040.483333333277,338.40000000000003,3.6669712019779808
8521,198.0,15042.677777777719,338.44,4.244725218980827
8522,198.0,15044.87777777772,338.48,4.419104770205451
8523,198.0,15047.077777777718,338.52,4.530389659691949
8524,199.0,15049.283333333275,338.56,4.223735636868385
8525,200.0,15051.499999999942,338.6,4.169618487304491
8526,201.0,15053.727777777718,338.64,4.050585100106429
8527,201.0,15055.961111111052,338.68,3.910535522500972
8528,202.0,15058.199999999943,338.72,3.475773114855182
8529,202.0,15060.444444444385,338.76,2.7115717844179263
8530,203.0,15062.694444444387,338.8,1.7079776440126702
8531,203.0,15064.949999999944,338.84000000000003,0.25268222832969395
8532,203.0,15067.205555555498,338.88,-1.136759846837934
8533,203.0,15069.461111111055,338.92,-2.403692767391226
8534,203.0,15071.716666666609,338.96,-3.48729691227331
8535,202.0,15073.96666666661,339.0,-4.937423208996722
8536,200.0,15076.199999999944,339.04,-5.91581153347118
8537,199.0,15078.41666666661,339.08,-6.73409571454499
8538,199.0,15080.627777777721,339.12,-7.026773417683852
8539,198.0,15082.833333333278,339.16,-7.345769407928453
8540,196.0,15085.022222222164,339.2,-7.5592053856118095
8541,195.0,15087.194444444387,339.24,-7.372507472089765
8542,194.0,15089.3555555555,339.28000000000003,-7.504054149900431
8543,194.0,15091.511111111053,339.32,-7.361413839394466
8544,192.0,15093.655555555499,339.36,-6.819749318680627
8545,190.0,15095.777777777723,339.40000000000003,-6.590310625934132
8546,190.0,15097.888888888832,339.44,-6.4347852341087854
8547,189.0,15099.994444444388,339.48,-5.992324829245782
8548,189.0,15102.094444444387,339.52,-6.018393949690403
8549,188.0,15104.188888888832,339.56,-5.3771663242028165
8550,186.0,15106.26666666661,339.6,-5.464186221692259
8551,186.0,15108.333333333274,339.64,-6.370692415440345
8552,186.0,15110.399999999941,339.68,-6.9726901291934835
8553,184.0,15112.455555555498,339.72,-7.19224635960139
8554,184.0,15114.49999999994,339.76,-6.854978828318846
8555,182.0,15116.533333333275,339.8,-6.816352901364636
8556,180.0,15118.544444444387,339.84000000000003,-6.847314367671368
8557,179.0,15120.53888888883,339.88,-6.660421815240291
8558,179.0,15122.52777777772,339.92,-5.873037676992605
8559,179.0,15124.516666666606,339.96,-5.203548822149041
8560,177.0,15126.494444444384,340.0,-3.6525285444029265
8561,177.0,15128.461111111052,340.04,-2.776882032713862
8562,176.0,15130.422222222162,340.08,-2.2638180834963277
8563,176.0,15132.377777777718,340.12,-1.8900228186576573
8564,176.0,15134.333333333274,340.16,-1.3244544382150887
8565,177.0,15136.294444444384,340.2,-0.5708496459845779
8566,176.0,15138.255555555495,340.24,-0.3785140842622863
8567,176.0,15140.211111111052,340.28000000000003,-0.1261583379419299
8568,176.0,15142.166666666606,340.32,-0.1892863524730792
8569,176.0,15144.122222222162,340.36,-0.8831989406951621
8570,176.0,15146.077777777718,340.40000000000003,-1.7674879619672506
8571,176.0,15148.033333333273,340.44,-2.08536106131978
8572,176.0,15149.988888888829,340.48,-2.5333314107531035
8573,176.0,15151.944444444383,340.52,-2.7944758016696745
8574,174.0,15153.888888888829,340.56,-2.834196427826278
8575,173.0,15155.816666666607,340.6,-3.014098666110979
8576,173.0,15157.738888888827,340.64,-3.273837261591717
8577,173.0,15159.66111111105,340.68,-3.849139743036465
8578,173.0,15161.583333333274,340.72,-3.986634792514936
8579,173.0,15163.505555555494,340.76,-3.996279744280209
8580,172.0,15165.422222222162,340.8,-5.186400702961655
8581,171.0,15167.327777777718,340.84000000000003,-6.823480629646783
8582,169.0,15169.216666666605,340.88,-8.421512249395319
8583,169.0,15171.094444444385,340.92,-9.38249466344983
8584,168.0,15172.966666666605,340.96,-9.860104888195321
8585,165.0,15174.816666666606,341.0,-10.959939033170095
8586,163.0,15176.638888888829,341.04,-11.999939860014493
8587,161.0,15178.438888888828,341.08,-12.550767189612795
8588,161.0,15180.227777777718,341.12,-12.843338016100407
8589,160.0,15182.011111111053,341.16,-11.964984944680285
8590,155.0,15183.761111111051,341.2,-10.39935719063612
8591,153.0,15185.472222222163,341.24,-9.429616522699302
8592,152.0,15187.166666666608,341.28000000000003,-8.94778291757328
8593,152.0,15188.855555555496,341.32,-8.331440001991124
8594,152.0,15190.544444444386,341.36,-6.862042987146475
8595,151.0,15192.22777777772,341.40000000000003,-4.879391742024365
8596,150.0,15193.899999999941,341.44,-4.360898087952951
8597,148.0,15195.555555555498,341.48,-4.071612485884388
8598,148.0,15197.19999999994,341.52,-3.8388585181179944
8599,148.0,15198.844444444387,341.56,-3.2851762018389845
8600,148.0,15200.488888888833,341.6,-2.7224755104648977
8601,147.0,15202.12777777772,341.64,-2.1416825586563424
8602,147.0,15203.761111111055,341.68,-1.9545182809891197
8603,147.0,15205.39444444439,341.72,-2.2116270117303665
8604,147.0,15207.027777777721,341.76,-2.2806017351740104
8605,146.0,15208.655555555499,341.8,-2.1445728999266427
8606,146.0,15210.277777777721,341.84000000000003,-2.1483150490347818
8607,145.0,15211.894444444386,341.88,-2.264751758546017
8608,145.0,15213.505555555497,341.92,-2.2074989391017352
8609,145.0,15215.116666666607,341.96,-2.274991454879927
8610,145.0,15216.727777777718,342.0,-2.0892113073717677
8611,144.0,15218.333333333274,342.04,-2.330686583641518
8612,144.0,15219.933333333272,342.08,-2.335682190163212
8613,144.0,15221.533333333273,342.12,-2.4691012018148424
8614,143.0,15223.127777777718,342.16,-2.3962151182110305
8615,143.0,15224.716666666605,342.2,-2.4650691195954244
8616,142.0,15226.29999999994,342.24,-2.5782831870447445
8617,142.0,15227.877777777718,342.28000000000003,-2.460357848640856
8618,142.0,15229.455555555494,342.32,-2.150848190885382
8619,142.0,15231.033333333273,342.36,-1.6479422339632317
8620,141.0,15232.605555555496,342.40000000000003,-1.6386577872129255
8621,140.0,15234.166666666606,342.44,-1.4410650375844307
8622,141.0,15235.727777777718,342.48,-1.1381200430796645
8623,141.0,15237.294444444384,342.52,-0.7597287886067599
8624,141.0,15238.861111111051,342.56,-0.3166974295960877
8625,140.0,15240.422222222163,342.6,0.5030245400083928
8626,140.0,15241.977777777718,342.64,0.6280495358486847
8627,141.0,15243.53888888883,342.68,0.06320864476373743
8628,141.0,15245.105555555498,342.72,-0.12634383063780016
8629,141.0,15246.672222222163,342.76,-0.25262218380153045
8630,142.0,15248.244444444386,342.8,-6.613353944402939e-14
8631,141.0,15249.81666666661,342.84000000000003,-0.1264416786141883
8632,140.0,15251.37777777772,342.88,-0.6282113784776715
8633,140.0,15252.933333333276,342.92,-0.7544387966380778
8634,140.0,15254.48888888883,342.96,-0.8181025396084638
8635,141.0,15256.049999999943,343.0,-0.8248008284173147
8636,141.0,15257.61666666661,343.04,-0.3806528477941093
8637,140.0,15259.17777777772,343.08,-0.1889642722233489
8638,140.0,15260.733333333277,343.12,-0.3151037726223895
8639,140.0,15262.288888888834,343.16,-0.4414886963777106
8640,140.0,15263.844444444389,343.2,-0.5682181052922939
8641,140.0,15265.399999999945,343.24,-0.3157589850158168
8642,140.0,15266.955555555502,343.28000000000003,3.638108719991273e-17
8643,140.0,15268.511111111056,343.32,8.96096144477711e-15
8644,140.0,15270.066666666613,343.36,-0.31555401319849674
8645,140.0,15271.62222222217,343.40000000000003,-0.5681443140174504
8646,140.0,15273.177777777724,343.44,-0.7580665353429654
8647,140.0,15274.73333333328,343.48,-0.8853307401276209
8648,140.0,15276.288888888836,343.52,-0.949742004285636
8649,139.0,15277.838888888837,343.56,-1.2585061097138257
8650,139.0,15279.383333333282,343.6,-1.7639747785198452
8651,139.0,15280.927777777726,343.64,-2.083179244042406
8652,139.0,15282.472222222172,343.68,-2.21493197580703
8653,139.0,15284.016666666617,343.72,-2.1571613183745986
8654,138.0,15285.555555555506,343.76,-2.2088382441062
8655,137.0,15287.083333333285,343.8,-2.387547325628254
8656,137.0,15288.605555555509,343.84000000000003,-2.7090326122103803
8657,137.0,15290.127777777729,343.88,-2.780688901179834
8658,137.0,15291.649999999952,343.92,-2.598868805533388
8659,136.0,15293.166666666617,343.96,-2.144432179847388
8660,136.0,15294.67777777773,344.0,-1.833116114415903
8661,135.0,15296.183333333285,344.04,-1.6982394784001265
8662,135.0,15297.683333333283,344.08,-1.4495699300637275
8663,135.0,15299.183333333283,344.12,-1.0728671340910623
8664,135.0,15300.683333333283,344.16,-0.568219425942671
8665,135.0,15302.183333333282,344.2,-0.31576277577062833
8666,135.0,15303.683333333282,344.24,2.0706894990030582e-14
8667,135.0,15305.183333333282,344.28000000000003,0.3157627757704425
8668,135.0,15306.68333333328,344.32,0.568219425942472
8669,135.0,15308.18333333328,344.36,0.7570643738986357
8670,135.0,15309.68333333328,344.40000000000003,0.8822911179095118
8671,135.0,15311.183333333278,344.44,0.9441056772056728
8672,136.0,15312.688888888833,344.48,0.9498236997253888
8673,136.0,15314.199999999943,344.52,0.8853746375450925
8674,136.0,15315.711111111055,344.56,1.074307388155402
8675,136.0,15317.222222222168,344.6,1.4525018372446734
8676,136.0,15318.733333333277,344.64,1.6398706971602137
8677,136.0,15320.24444444439,344.68,1.6374584038561875
8678,136.0,15321.755555555503,344.72,2.1370070328115527
8679,137.0,15323.272222222167,344.76,2.462241830475049
8680,138.0,15324.799999999947,344.8,2.5987784267229506
8681,138.0,15326.333333333281,344.84000000000003,2.526873237047595
8682,138.0,15327.866666666614,344.88,2.2673191878308687
8683,139.0,15329.405555555504,344.92,1.835474015119792
8684,139.0,15330.949999999948,344.96,1.2011397539834663
8685,139.0,15332.494444444394,345.0,1.3907045993925296
8686,139.0,15334.03888888884,345.04,2.020982225281548
8687,139.0,15335.583333333283,345.08,2.395198346055929
8688,139.0,15337.127777777729,345.12,2.515000841537313
8689,139.0,15338.672222222174,345.16,2.756791779564732
8690,141.0,15340.227777777729,345.2,3.1666848334349247
8691,142.0,15341.799999999952,345.24,3.3034624636289323
8692,142.0,15343.37777777773,345.28000000000003,3.4812747150135426
8693,142.0,15344.955555555507,345.32,3.3422561930427874
8694,142.0,15346.533333333286,345.36,2.8917804726018903
8695,143.0,15348.11666666662,345.40000000000003,2.4650691195955314
8696,143.0,15349.705555555507,345.44,2.3962151182107028
8697,144.0,15351.299999999952,345.48,2.786531002583246
8698,144.0,15352.89999999995,345.52,2.9039937606234956
8699,144.0,15354.49999999995,345.56,3.0846202969729197
8700,145.0,15356.105555555507,345.6,2.9706577939038397
8701,145.0,15357.716666666616,345.64,3.2137906454763856
8702,146.0,15359.333333333283,345.68,3.479723533803543
8703,146.0,15360.955555555505,345.72,3.717933458609102
8704,147.0,15362.583333333281,345.76,3.664689277197682
8705,147.0,15364.216666666616,345.8,3.9053367490325748
8706,148.0,15365.855555555507,345.84000000000003,4.105176256788475
8707,149.0,15367.505555555505,345.88,4.243900049338827
8708,149.0,15369.161111111061,345.92,4.287550086209827
8709,149.0,15370.816666666615,345.96,4.270373908842616
8710,151.0,15372.483333333283,346.0,4.562875420911949
8711,151.0,15374.161111111061,346.04,4.670976509975098
8712,152.0,15375.844444444394,346.08,4.67992107886678
8713,152.0,15377.533333333284,346.12,4.592743415140174
8714,153.0,15379.227777777729,346.16,4.476579754243505
8715,154.0,15380.933333333283,346.2,4.237416606204785
8716,155.0,15382.64999999995,346.24,3.928310640762728
8717,155.0,15384.372222222173,346.28000000000003,3.2823668033595657
8718,155.0,15386.094444444394,346.32,2.705557053111285
8719,156.0,15387.822222222172,346.36,1.8961323014734432
8720,157.0,15389.561111111061,346.40000000000003,1.2072490300037613
8721,156.0,15391.299999999948,346.44,1.0098638776985733
8722,156.0,15393.033333333282,346.48,1.0091590246334332
8723,156.0,15394.766666666614,346.52,0.8825004093643971
8724,156.0,15396.499999999947,346.56,0.6302102448193979
8725,156.0,15398.23333333328,346.6,0.6298434195078223
8726,157.0,15399.972222222168,346.64,0.9494413174512308
8727,157.0,15401.716666666613,346.68,0.8851691326521056
8728,157.0,15403.461111111057,346.72,0.758013505673028
8729,157.0,15405.2055555555,346.76,0.5681484338653093
8730,157.0,15406.949999999944,346.8,0.3155651240324511
8731,157.0,15408.694444444389,346.84000000000003,5.65928960066002e-16
8732,157.0,15410.438888888832,346.88,3.0960893680179234e-14
8733,157.0,15412.183333333276,346.92,1.7297340257179212e-14
8734,157.0,15413.927777777719,346.96,2.1066961434495865e-14
8735,157.0,15415.672222222163,347.0,-0.315565124032428
8736,157.0,15417.416666666608,347.04,-0.5681484338652562
8737,157.0,15419.16111111105,347.08,-0.7580135056735627
8738,157.0,15420.905555555495,347.12,-0.885169132652029
8739,157.0,15422.64999999994,347.16,-0.6331448680248635
8740,156.0,15424.388888888827,347.2,-0.37781830884693235
8741,156.0,15426.12222222216,347.24,0.1890517700710609
8742,156.0,15427.855555555494,347.28000000000003,0.6930273567342463
8743,156.0,15429.588888888826,347.32,1.1327911449438401
8744,157.0,15431.327777777715,347.36,1.5172479167846518
8745,157.0,15433.07222222216,347.40000000000003,1.82878105948361
8746,158.0,15434.822222222158,347.44,2.027185737929974
8747,158.0,15436.577777777715,347.48,2.0232165449946073
8748,158.0,15438.333333333268,347.52,1.8302731987907417
8749,158.0,15440.088888888826,347.56,1.7654348344385884
8750,158.0,15441.844444444383,347.6,1.8256518060708424
8751,159.0,15443.605555555492,347.64,2.0248173224371726
8752,159.0,15445.37222222216,347.68,2.652393382757084
8753,159.0,15447.138888888829,347.72,3.0226506529958375
8754,160.0,15448.911111111049,347.76,3.4747201089257715
8755,160.0,15450.688888888828,347.8,3.9042853508931583
8756,161.0,15452.472222222163,347.84000000000003,3.9773832459217076
8757,162.0,15454.266666666605,347.88,4.365478286796008
8758,162.0,15456.066666666606,347.92,4.3464129104069595
8759,163.0,15457.87222222216,347.96,3.976939402584484
8760,164.0,15459.688888888828,348.0,3.9236192930588887
8761,164.0,15461.511111111051,348.04,3.7861252820792526
8762,165.0,15463.338888888828,348.08,3.9248764296714094
8763,165.0,15465.172222222162,348.12,3.9739050621773475
8764,165.0,15467.005555555495,348.16,3.6462687494393546
8765,166.0,15468.844444444383,348.2,3.6571272547641827
8766,167.0,15470.694444444383,348.24,3.983032352550639
8767,168.0,15472.555555555495,348.28000000000003,4.247385053406755
8768,168.0,15474.42222222216,348.32,4.419070867510009
8769,168.0,15476.288888888826,348.36,4.21213866217296
8770,169.0,15478.16111111105,348.40000000000003,3.971412779519732
8771,170.0,15480.044444444382,348.44,3.9829322112871868
8772,171.0,15481.938888888828,348.48,4.247077163943668
8773,171.0,15483.838888888826,348.52,4.419075077568772
8774,171.0,15485.738888888827,348.56,4.212449064662387
8775,172.0,15487.644444444384,348.6,3.971516410867012
8776,173.0,15489.561111111048,348.64,3.9828354918299795
8777,174.0,15491.488888888827,348.68,3.92883164663588
8778,174.0,15493.422222222162,348.72,3.8507268392521175
8779,174.0,15495.355555555492,348.76,3.7755816324834424
8780,175.0,15497.294444444382,348.8,3.661559444191694
8781,176.0,15499.244444444383,348.84000000000003,3.799982013918814
8782,176.0,15501.199999999937,348.88,3.8511289614936413
8783,176.0,15503.155555555493,348.92,3.899553160028453
8784,177.0,15505.116666666603,348.96,3.9716812195410154
8785,178.0,15507.088888888826,349.0,3.982681433713169
8786,179.0,15509.07222222216,349.04,4.246306475128179
8787,179.0,15511.061111111047,349.08,4.735929441485833
8788,179.0,15513.049999999936,349.12,4.779401619828401
8789,180.0,15515.044444444382,349.16,4.409717859850758
8790,181.0,15517.049999999936,349.2,4.292814177686487
8791,182.0,15519.066666666604,349.24,4.428363733909402
8792,183.0,15521.094444444383,349.28000000000003,4.4980746533738625
8793,183.0,15523.127777777714,349.32,4.165337219396691
8794,183.0,15525.161111111049,349.36,3.7761876590050845
8795,184.0,15527.199999999939,349.40000000000003,3.6615648568633024
8796,185.0,15529.249999999936,349.44,3.481924883360209
8797,185.0,15531.305555555493,349.48,3.2827797295009136
8798,185.0,15533.361111111046,349.52,2.8315485192494667
8799,186.0,15535.422222222158,349.56,2.20881825027338
8800,187.0,15537.49444444438,349.6,1.3940311448533038
8801,187.0,15539.572222222158,349.64,0.7598633973741653
8802,187.0,15541.649999999936,349.68,0.37978397449339635
8803,186.0,15543.722222222159,349.72,-0.06297424602480697
8804,186.0,15545.788888888823,349.76,-0.5673216174737187
8805,186.0,15547.85555555549,349.8,-0.7572048363834606
8806,186.0,15549.922222222158,349.84000000000003,-0.8836652022858743
8807,186.0,15551.988888888824,349.88,-0.884010788411977
8808,186.0,15554.055555555491,349.92,-0.757945375754427
8809,186.0,15556.122222222155,349.96,-0.5690433788958873
8810,186.0,15558.188888888822,350.0,-0.6958380919239533
8811,185.0,15560.249999999935,350.04,-0.7554959783829899
8812,185.0,15562.305555555487,350.08,-1.0707581450195116
8813,185.0,15564.361111111044,350.12,-1.2607657390166966
8814,186.0,15566.422222222156,350.16,-1.3323319731450627
8815,185.0,15568.483333333264,350.2,-1.2633682384473832
8816,185.0,15570.538888888821,350.24,-1.0747608680349972
8817,184.0,15572.588888888822,350.28000000000003,-1.1332248942205596
8818,184.0,15574.633333333264,350.32,-1.1346787885482557
8819,184.0,15576.67777777771,350.36,-1.3882006842535848
8820,184.0,15578.722222222155,350.40000000000003,-1.1363625545299865
8821,184.0,15580.766666666597,350.44,-1.0740271372417296
8822,184.0,15582.811111111043,350.48,-0.8849738442773135
8823,184.0,15584.855555555485,350.52,-0.9490781176698635
8824,183.0,15586.894444444375,350.56,-0.9448558143485994
8825,183.0,15588.92777777771,350.6,-0.8826969188360683
8826,183.0,15590.96111111104,350.64,-0.7571987449179043
8827,183.0,15592.994444444375,350.68,-0.5682096879753256
8828,183.0,15595.02777777771,350.72,-0.315734931224405
8829,183.0,15597.061111111041,350.76,1.0333831002380506e-14
8830,183.0,15599.094444444376,350.8,-1.3807673805065668e-14
8831,183.0,15601.12777777771,350.84000000000003,-1.9576419395771082e-14
8832,183.0,15603.161111111041,350.88,1.839509333359773e-14
8833,183.0,15605.194444444376,350.92,1.2964834956286733e-14
8834,183.0,15607.227777777707,350.96,9.830902496138684e-15
8835,183.0,15609.261111111042,351.0,-1.7054549000191443e-14
8836,183.0,15611.294444444376,351.04,-6.4178760566761606e-15
8837,183.0,15613.327777777708,351.08,-2.5141157705608852e-14
8838,183.0,15615.361111111042,351.12,1.3421336331770067e-14
8839,183.0,15617.394444444377,351.16,6.725290520240682e-15
8840,183.0,15619.427777777708,351.2,-0.3155781221904769
8841,183.0,15621.461111111043,351.24,-0.2525753946053009
8842,183.0,15623.494444444377,351.28000000000003,-0.18949745482489455
8843,183.0,15625.527777777708,351.32,-0.12636304045110808
8844,183.0,15627.561111111043,351.36,-0.06319094514357725
8845,182.0,15629.588888888822,351.40000000000003,-3.671207181778407e-14
8846,183.0,15631.616666666598,351.44,0.37923979828474363
8847,183.0,15633.649999999932,351.48,0.6950305479882029
8848,183.0,15635.683333333263,351.52,0.9470150142224277
8849,183.0,15637.716666666598,351.56,1.1351205919790992
8850,183.0,15639.749999999933,351.6,1.2594951451034202
8851,184.0,15641.78888888882,351.64,1.265750407491376
8852,184.0,15643.833333333265,351.68,1.4539560553236799
8853,184.0,15645.87777777771,351.72,1.515147391245452
8854,184.0,15647.922222222152,351.76,1.1345670724079933
8855,184.0,15649.966666666598,351.8,0.6926977603200569
8856,185.0,15652.0166666666,351.84000000000003,0.8233361935639328
8857,185.0,15654.072222222152,351.88,1.1393855787417917
8858,185.0,15656.127777777709,351.92,1.3280390080068762
8859,184.0,15658.177777777706,351.96,1.6967431430615751
8860,184.0,15660.222222222152,352.0,2.1970970223431
8861,186.0,15662.277777777708,352.04,2.153389866235569
8862,186.0,15664.344444444374,352.08,2.2744812957415643
8863,186.0,15666.411111111041,352.12,2.268711921708684
8864,187.0,15668.483333333264,352.16,2.465577762878486
8865,188.0,15670.566666666597,352.2,2.412042657609539
8866,187.0,15672.64999999993,352.24,2.018427651853897
8867,187.0,15674.727777777709,352.28000000000003,2.3933914860927272
8868,187.0,15676.805555555486,352.32,2.5147193334349813
8869,188.0,15678.88888888882,352.36,2.081402406375705
8870,189.0,15680.983333333264,352.40000000000003,2.1520341070181117
8871,189.0,15683.083333333263,352.44,2.399199495220708
8872,190.0,15685.188888888819,352.48,2.153664021762434
8873,190.0,15687.299999999928,352.52,2.024457176243299
8874,189.0,15689.405555555484,352.56,1.6348055695505788
8875,190.0,15691.51111111104,352.6,2.0219354228296846
8876,190.0,15693.62222222215,352.64,2.4605714751582846
8877,190.0,15695.73333333326,352.68,2.9601902673640113
8878,191.0,15697.84999999993,352.72,3.5349522508659033
8879,191.0,15699.97222222215,352.76,4.1519543804871155
8880,193.0,15702.105555555485,352.8,4.117990682730316
8881,193.0,15704.24999999993,352.84000000000003,4.039556725178125
8882,194.0,15706.399999999929,352.88,3.350454254631273
8883,194.0,15708.555555555486,352.92,2.3964915964078166
8884,195.0,15710.716666666594,352.96,1.5823295476793373
8885,195.0,15712.883333333262,353.0,0.569534482397991
8886,195.0,15715.04999999993,353.04,0.1265574275164474
8887,194.0,15717.211111111039,353.08,-0.377972748399976
8888,194.0,15719.366666666596,353.12,-0.5673570627184459
8889,194.0,15721.522222222153,353.16,-0.7572201577105167
8890,194.0,15723.677777777706,353.2,-0.8836723591242592
8891,194.0,15725.833333333263,353.24,-1.1994376229902743
8892,194.0,15727.98888888882,353.28000000000003,-1.3263129836197085
8893,194.0,15730.144444444373,353.32,-1.644180203734962
8894,194.0,15732.29999999993,353.36,-1.8369089598826296
8895,193.0,15734.449999999932,353.40000000000003,-2.2090602693239383
8896,192.0,15736.588888888818,353.44,-2.7047624652157056
8897,192.0,15738.722222222154,353.48,-2.9633550295119853
8898,192.0,15740.855555555485,353.52,-2.9709413616966214
8899,192.0,15742.98888888882,353.56,-2.7245565586418974
8900,191.0,15745.1166666666,353.6,-2.210106185971847
8901,190.0,15747.233333333264,353.64,-2.1386741633571655
8902,190.0,15749.344444444376,353.68,-2.2056785258288425
8903,190.0,15751.455555555487,353.72,-2.083423488521115
8904,190.0,15753.566666666597,353.76,-1.7703819058442145
8905,190.0,15755.677777777708,353.8,-1.581684685353111
8906,189.0,15757.783333333264,353.84000000000003,-1.8263206052243064
8907,189.0,15759.883333333262,353.88,-2.207777345654026
8908,189.0,15761.983333333263,353.92,-2.401975884205679
8909,189.0,15764.083333333261,353.96,-2.723399389748526
8910,188.0,15766.177777777706,354.0,-2.778288255963716
8911,187.0,15768.26111111104,354.04,-2.5807047719451823
8912,187.0,15770.338888888817,354.08,-2.5240016987190814
8913,187.0,15772.416666666595,354.12,-2.276694789300098
8914,186.0,15774.488888888818,354.16,-1.5126298178837234
8915,186.0,15776.555555555482,354.2,-0.6306948520463012
8916,186.0,15778.62222222215,354.24,0.31542443372671564
8917,186.0,15780.688888888817,354.28000000000003,0.8827992081029796
8918,186.0,15782.755555555483,354.32,1.3854957419249236
8919,187.0,15784.827777777706,354.36,1.516175501714807
8920,187.0,15786.905555555484,354.40000000000003,1.2613937677510412
8921,188.0,15788.988888888816,354.44,0.9499518264895803
8922,188.0,15791.077777777706,354.48,0.5695849145959757
8923,188.0,15793.166666666593,354.52,0.12656842279537342
8924,187.0,15795.249999999927,354.56,-0.3779422888618852
8925,187.0,15797.327777777706,354.6,-0.5673262138512906
8926,187.0,15799.405555555482,354.64,-0.7572068233639667
8927,187.0,15801.48333333326,354.68,-0.5682090992721046
8928,187.0,15803.56111111104,354.72,-0.3157332557707674
8929,187.0,15805.638888888816,354.76,-9.794509537995778e-15
8930,187.0,15807.716666666594,354.8,9.824510390410643e-15
8931,187.0,15809.794444444373,354.84000000000003,9.041115778506443e-15
8932,187.0,15811.87222222215,354.88,4.713900025721264e-14
8933,187.0,15813.949999999928,354.92,-1.0477432149884716e-14
8934,187.0,15816.027777777705,354.96,2.633086241768326e-14
8935,187.0,15818.105555555483,355.0,-6.566217085701801e-16
8936,187.0,15820.183333333262,355.04,-1.813288440294478e-15
8937,187.0,15822.261111111038,355.08,3.4197880163897186e-14
8938,187.0,15824.338888888817,355.12,-5.469692167377605e-15
8939,187.0,15826.416666666595,355.16,4.562686943957585e-15
8940,187.0,15828.494444444372,355.2,2.0529396037868337e-14
8941,187.0,15830.57222222215,355.24,-5.65499692224041e-15
8942,187.0,15832.649999999929,355.28000000000003,-2.3023125882082392e-14
8943,187.0,15834.727777777705,355.32,8.901940145808961e-15
8944,187.0,15836.805555555484,355.36,-2.5609239363231448e-14
8945,187.0,15838.883333333262,355.40000000000003,0.31573325577065686
8946,187.0,15840.961111111039,355.44,0.5682090992720642
8947,187.0,15843.038888888817,355.48,0.7572068233636347
8948,187.0,15845.116666666594,355.52,0.8827213329188295
8949,187.0,15847.194444444372,355.56,1.2601728758019712
8950,188.0,15849.277777777706,355.6,1.5185245483211651
8951,188.0,15851.366666666594,355.64,1.6426791165014387
8952,188.0,15853.455555555483,355.68,1.3244081060496025
8953,188.0,15855.544444444373,355.72,0.9448197626132846
8954,189.0,15857.638888888816,355.76,0.8228829298536506
8955,189.0,15859.738888888816,355.8,0.5696336629077008
8956,189.0,15861.838888888817,355.84000000000003,0.8859685756148168
8957,188.0,15863.93333333326,355.88,1.069558833288285
8958,188.0,15866.02222222215,355.92,1.131654908962086
8959,189.0,15868.116666666592,355.96,1.0736933409137894
8960,189.0,15870.216666666593,356.0,1.5772889544620337
8961,190.0,15872.322222222148,356.04,1.9627883164411284
8962,190.0,15874.433333333258,356.08,2.527656101514514
8963,190.0,15876.54444444437,356.12,2.522823165199769
8964,190.0,15878.65555555548,356.16,2.2666399569241302
8965,191.0,15880.772222222146,356.2,2.464333197062069
8966,191.0,15882.89444444437,356.24,2.396917994215198
8967,192.0,15885.02222222215,356.28000000000003,2.7843455520762705
8968,192.0,15887.15555555548,356.32,2.904014166931414
8969,192.0,15889.288888888816,356.36,2.7711934376667373
8970,193.0,15891.427777777706,356.40000000000003,2.717568545346292
8971,193.0,15893.572222222148,356.44,2.7116867281942083
8972,194.0,15895.72222222215,356.48,2.4673050777166865
8973,194.0,15897.877777777703,356.52,2.651993164010549
8974,194.0,15900.03333333326,356.56,2.8994001165218197
8975,195.0,15902.194444444372,356.6,2.845528621365753
8976,195.0,15904.361111111037,356.64,2.838897957124817
8977,195.0,15906.527777777705,356.68,2.581019932554084
8978,196.0,15908.699999999928,356.72,2.461986079260841
8979,197.0,15910.883333333259,356.76,2.153007635960477
8980,197.0,15913.072222222148,356.8,1.9607718736674145
8981,197.0,15915.261111111038,356.84000000000003,1.8948078059664988
8982,197.0,15917.449999999924,356.88,1.9560733630349783
8983,197.0,15919.638888888814,356.92,1.7652275817470309
8984,197.0,15921.8277777777,356.96,1.7002225393793924
8985,198.0,15924.022222222146,357.0,1.8323971031126032
8986,198.0,15926.222222222146,357.04,1.829202895103881
8987,199.0,15928.4277777777,357.08,2.025745339521865
8988,199.0,15930.638888888812,357.12,2.0225967195074928
8989,199.0,15932.849999999924,357.16,1.8303847390921846
8990,199.0,15935.061111111034,357.2,1.7658974512407213
8991,199.0,15937.272222222146,357.24,1.826713268249884
8992,200.0,15939.488888888813,357.28000000000003,2.023871998187169
8993,200.0,15941.711111111033,357.32,2.3359497932132793
8994,200.0,15943.933333333256,357.36,2.457077668927669
8995,201.0,15946.161111111034,357.40000000000003,2.717452968033744
8996,201.0,15948.394444444366,357.44,3.0278131266665183
8997,202.0,15950.633333333257,357.48,3.03656020848394
8998,202.0,15952.8777777777,357.52,3.0918722284505398
8999,202.0,15955.122222222146,357.56,3.2108500058874396
9000,203.0,15957.372222222148,357.6,3.0302729177234213
9001,204.0,15959.633333333257,357.64,3.2284410209095635
9002,204.0,15961.899999999925,357.68,3.0949205323796587
9003,204.0,15964.166666666593,357.72,3.0240755769520176
9004,205.0,15966.438888888813,357.76,2.716191631555049
9005,205.0,15968.716666666593,357.8,2.4600340942205885
9006,206.0,15970.999999999927,357.84000000000003,2.595355153689788
9007,206.0,15973.288888888814,357.88,2.7797223144452454
9008,206.0,15975.577777777704,357.92,2.7109195496251344
9009,206.0,15977.86666666659,357.96,2.7066238991357947
9010,207.0,15980.161111111036,358.0,2.77726772916022
9011,208.0,15982.466666666593,358.04,2.5952818030903746
9012,208.0,15984.777777777701,358.08,2.5263373888649054
9013,208.0,15987.088888888813,358.12,2.2691432667230105
9014,209.0,15989.40555555548,358.16,1.8339121467778172
9015,209.0,15991.7277777777,358.2,1.516864389847706
9016,209.0,15994.049999999923,358.24,1.3263904423401776
9017,209.0,15996.372222222146,358.28000000000003,1.3251217794360648
9018,209.0,15998.694444444365,358.32,1.1978781653254313
9019,209.0,16001.016666666588,358.36,0.9451184542343454
9020,210.0,16003.344444444367,358.40000000000003,0.9488167493616145
9021,210.0,16005.677777777699,358.44,0.8848332535754012
9022,210.0,16008.011111111033,358.48,0.7579031999971738
9023,210.0,16010.344444444363,358.52,0.5681569508983704
9024,210.0,16012.677777777697,358.56,0.6313130780737981
9025,210.0,16015.011111111031,358.6,0.568206144552996
9026,210.0,16017.344444444363,358.64,1.0729984364958285
9027,210.0,16019.677777777697,358.68,1.450446347522253
9028,210.0,16022.011111111031,358.72,1.7004899521980188
9029,211.0,16024.349999999919,358.76,1.8322996707128831
9030,211.0,16026.694444444363,358.8,1.8293022578419016
9031,212.0,16029.044444444364,358.84000000000003,2.025405076237961
9032,212.0,16031.399999999918,358.88,2.022450153144044
9033,212.0,16033.755555555475,358.92,1.830410995625499
9034,212.0,16036.11111111103,358.96,1.4503382094155368
9035,212.0,16038.466666666587,359.0,1.575240194312076
9036,213.0,16040.8277777777,359.04,1.8347960712571616
9037,213.0,16043.194444444365,359.08,2.5276111708121713
9038,213.0,16045.561111111034,359.12,2.963983622592676
9039,213.0,16047.927777777702,359.16,3.145523930311112
9040,214.0,16050.299999999923,359.2,3.0893318199008952
9041,215.0,16052.683333333258,359.24,3.0974604215066486
9042,216.0,16055.077777777704,359.28000000000003,3.1674644901922244
9043,216.0,16057.477777777702,359.32,2.9702720274794117
9044,216.0,16059.877777777703,359.36,2.522902214292196
9045,216.0,16062.277777777705,359.40000000000003,2.1423104621193705
9046,217.0,16064.683333333258,359.44,1.8339534886858373
9047,217.0,16067.09444444437,359.48,1.6425106420019482
9048,217.0,16069.505555555479,359.52,1.6403101853183981
9049,217.0,16071.916666666591,359.56,1.512233756191401
9050,218.0,16074.33333333326,359.6,1.5812473429299436
9051,218.0,16076.755555555479,359.64,1.770034609596199
9052,218.0,16079.177777777702,359.68,2.083412974502117
9053,218.0,16081.599999999926,359.72,2.206182315412661
9054,218.0,16084.022222222146,359.76,2.13967310977739
9055,219.0,16086.449999999924,359.8,2.210042692991817
9056,220.0,16088.888888888814,359.84000000000003,2.723293846086304
9057,220.0,16091.333333333256,359.88,2.9704642207798804
9058,220.0,16093.777777777701,359.92,2.9638433830076405
9059,220.0,16096.222222222143,359.96,2.70601895853813
9060,221.0,16098.672222222143,360.0,2.2091298319421853
9061,222.0,16101.133333333255,360.04,1.8361384235468636
9062,222.0,16103.599999999919,360.08,1.9603552437401663
9063,222.0,16106.066666666586,360.12,1.8947105705784324
9064,222.0,16108.533333333253,360.16,1.6403368060156724
9065,222.0,16110.999999999916,360.2,1.5135377693585579
9066,222.0,16113.466666666583,360.24,1.5124226359096153
9067,223.0,16115.938888888806,360.28000000000003,1.7069755860329408
9068,223.0,16118.416666666582,360.32,1.7676707160306593
9069,223.0,16120.894444444362,360.36,2.0177274558714693
9070,224.0,16123.377777777698,360.40000000000003,2.403858896655647
9071,224.0,16125.866666666585,360.44,2.842855569088864
9072,224.0,16128.355555555476,360.48,2.964141207541265
9073,224.0,16130.844444444363,360.52,3.1460658868902076
9074,225.0,16133.33888888881,360.56,3.0895337192716377
9075,226.0,16135.844444444367,360.6,3.0972657982544383
9076,227.0,16138.361111111031,360.64,3.166936134336007
9077,227.0,16140.883333333255,360.68,2.9701227983182097
9078,227.0,16143.405555555479,360.72,2.523016664046045
9079,227.0,16145.927777777699,360.76,2.1425116995085136
9080,228.0,16148.455555555478,360.8,2.1504027935930434
9081,228.0,16150.988888888813,360.84000000000003,2.211085548338445
9082,228.0,16153.522222222144,360.88,2.3964932475463425
9083,228.0,16156.055555555478,360.92,2.3921097042014035
9084,229.0,16158.594444444365,360.96,2.5252391535887075
9085,230.0,16161.144444444366,361.0,2.7229174652441794
9086,230.0,16163.699999999923,361.04,2.9703218185480362
9087,230.0,16166.255555555475,361.08,2.9639888332052275
9088,230.0,16168.811111111032,361.12,2.7063936487446845
9089,231.0,16171.372222222144,361.16,2.525239384129729
9090,232.0,16173.944444444363,361.2,2.4057647289928514
9091,232.0,16176.522222222142,361.24,2.401424599729494
9092,232.0,16179.09999999992,361.28000000000003,2.5240552013554125
9093,232.0,16181.677777777695,361.32,2.3942905952476683
9094,233.0,16184.26111111103,361.36,2.0225630869006497
9095,233.0,16186.849999999919,361.40000000000003,2.083732352739355
9096,233.0,16189.438888888804,361.44,2.2697071181460475
9097,234.0,16192.03333333325,361.48,2.2757240772547296
9098,234.0,16194.633333333248,361.52,2.0829213031993317
9099,234.0,16197.23333333325,361.56,2.0178439541235766
9100,235.0,16199.838888888808,361.6,2.4036309465060857
9101,235.0,16202.449999999917,361.64,2.526415121018857
9102,235.0,16205.06111111103,361.68,2.3965678938826
9103,235.0,16207.672222222143,361.72,2.3923144465011728
9104,236.0,16210.288888888808,361.76,2.209160153006281
9105,237.0,16212.916666666588,361.8,2.1527315653807007
9106,237.0,16215.549999999923,361.84000000000003,2.2127281994959636
9107,237.0,16218.183333333254,361.88,2.0832472884733653
9108,237.0,16220.81666666659,361.92,1.7655061529974407
9109,237.0,16223.44999999992,361.96,1.2602076736025671
9110,238.0,16226.088888888811,362.0,0.31607872619757216
9111,238.0,16228.733333333257,362.04,-0.5685928607292219
9112,238.0,16231.3777777777,362.08,-1.642909554586226
9113,238.0,16234.022222222146,362.12,-2.53102634388466
9114,238.0,16236.666666666591,362.16,-3.234601832271776
9115,236.0,16239.299999999923,362.2,-4.036605565969412
9116,235.0,16241.916666666591,362.24,-4.535196999636558
9117,234.0,16244.52222222215,362.28000000000003,-4.970482084677793
9118,234.0,16247.122222222148,362.32,-4.987481601257044
9119,234.0,16249.72222222215,362.36,-4.875623285620252
9120,233.0,16252.316666666595,362.40000000000003,-4.865019360363883
9121,232.0,16254.899999999925,362.44,-5.613497326420447
9122,231.0,16257.472222222148,362.48,-6.428550431016396
9123,231.0,16260.038888888812,362.52,-7.0296907922282985
9124,230.0,16262.599999999924,362.56,-7.66670408952871
9125,228.0,16265.14444444437,362.6,-8.832222340427055
9126,226.0,16267.66666666659,362.64,-9.748915412093124
9127,225.0,16270.172222222147,362.68,-10.466140488739374
9128,225.0,16272.672222222149,362.72,-10.675748080942208
9129,223.0,16275.161111111036,362.76,-10.529425452924917
9130,219.0,16277.616666666592,362.8,-10.283395515365056
9131,218.0,16280.044444444371,362.84000000000003,-10.181311325644845
9132,217.0,16282.461111111035,362.88,-10.144970480796935
9133,217.0,16284.872222222148,362.92,-9.58389641662988
9134,215.0,16287.272222222146,362.96,-8.347651141076568
9135,213.0,16289.649999999925,363.0,-7.86378986680359
9136,212.0,16292.011111111038,363.04,-8.246725891259098
9137,211.0,16294.361111111037,363.08,-8.507896036703759
9138,211.0,16296.705555555482,363.12,-8.371767487848603
9139,210.0,16299.044444444371,363.16,-7.742452567644519
9140,207.0,16301.361111111035,363.2,-7.919278796596705
9141,206.0,16303.65555555548,363.24,-8.365996253580201
9142,205.0,16305.938888888815,363.28000000000003,-9.005143815988491
9143,205.0,16308.21666666659,363.32,-9.195326944768862
9144,204.0,16310.488888888814,363.36,-8.828470701485003
9145,201.0,16312.738888888816,363.40000000000003,-8.495529429240996
9146,200.0,16314.966666666593,363.44,-8.760572610183482
9147,198.0,16317.177777777704,363.48,-8.54591224959879
9148,198.0,16319.377777777703,363.52,-8.351134383614081
9149,197.0,16321.572222222148,363.56,-7.974682502907517
9150,195.0,16323.749999999927,363.6,-7.365015380507725
9151,194.0,16325.911111111036,363.64,-7.366272398564005
9152,194.0,16328.066666666593,363.68,-7.3420622361317855
9153,193.0,16330.216666666594,363.72,-7.2860917269965375
9154,191.0,16332.349999999926,363.76,-6.871443762405802
9155,190.0,16334.466666666594,363.8,-6.804140968336546
9156,189.0,16336.57222222215,363.84000000000003,-7.056063711207677
9157,188.0,16338.666666666593,363.88,-7.310809361373363
9158,188.0,16340.755555555483,363.92,-6.908002671608623
9159,187.0,16342.838888888815,363.96,-6.461674484408276
9160,185.0,16344.905555555482,364.0,-6.675157558418546
9161,184.0,16346.955555555483,364.04,-7.238563509728518
9162,183.0,16348.99444444437,364.08,-7.7449877330328425
9163,183.0,16351.027777777705,364.12,-7.925071588750852
9164,182.0,16353.055555555484,364.16,-7.6778080039735155
9165,180.0,16355.066666666593,364.2,-7.63635608480355
9166,178.0,16357.055555555482,364.24,-8.16300112760565
9167,177.0,16359.027777777705,364.28000000000003,-8.614102418449257
9168,177.0,16360.99444444437,364.32,-8.68249541654652
9169,176.0,16362.955555555482,364.36,-8.250650787201216
9170,174.0,16364.899999999927,364.40000000000003,-7.640238272228709
9171,172.0,16366.822222222147,364.44,-6.972746074422643
9172,171.0,16368.727777777704,364.48,-6.4116787916262945
9173,171.0,16370.627777777701,364.52,-6.0057801763944125
9174,170.0,16372.522222222147,364.56,-5.301715271746698
9175,169.0,16374.405555555482,364.6,-4.657573036864931
9176,169.0,16376.283333333258,364.64,-4.481968015476965
9177,169.0,16378.161111111038,364.68,-4.8149202426358935
9178,168.0,16380.033333333262,364.72,-4.998274373380059
9179,167.0,16381.894444444371,364.76,-4.738525349249469
9180,166.0,16383.744444444372,364.8,-5.044763556236362
9181,165.0,16385.583333333263,364.84000000000003,-5.542482104586074
9182,164.0,16387.41111111104,364.88,-5.538121894508263
9183,164.0,16389.233333333264,364.92,-5.0592795846392296
9184,164.0,16391.055555555486,364.96,-5.079037813181097
9185,162.0,16392.866666666596,365.0,-4.849774153057085
9186,161.0,16394.66111111104,365.04,-4.839883005319559
9187,161.0,16396.449999999928,365.08,-4.736002647682184
9188,161.0,16398.238888888816,365.12,-4.569028899550484
9189,159.0,16400.016666666594,365.16,-3.9651458413251213
9190,159.0,16401.78333333326,365.2,-3.0298964249203544
9191,158.0,16403.54444444437,365.24,-2.4529117842237507
9192,158.0,16405.299999999927,365.28000000000003,-2.331946736577698
9193,158.0,16407.055555555482,365.32,-1.956949669292397
9194,158.0,16408.811111111037,365.36,-1.6419759304002894
9195,158.0,16410.566666666593,365.40000000000003,-1.7707247889091182
9196,158.0,16412.32222222215,365.44,-1.7099446436848864
9197,157.0,16414.07222222215,365.48,-2.1434654051590747
9198,157.0,16415.816666666593,365.52,-2.4014655310470965
9199,156.0,16417.555555555482,365.56,-2.4556525025898672
9200,156.0,16419.288888888816,365.6,-2.335970111633056
9201,156.0,16421.02222222215,365.64,-2.024905980264425
9202,155.0,16422.749999999927,365.68,-1.196750834597293
9203,155.0,16424.47222222215,365.72,-0.6305709203753915
9204,155.0,16426.19444444437,365.76,-8.186106694477016e-15
9205,155.0,16427.91666666659,365.8,1.5616849942384681e-13
9206,155.0,16429.638888888814,365.84000000000003,0.06297979479115617
9207,156.0,16431.36666666659,365.88,0.19000262395976358
9208,156.0,16433.099999999922,365.92,-8.750174239699319e-14
9209,156.0,16434.833333333256,365.96,-0.19000262395984532
9210,155.0,16436.561111111034,366.0,-0.3777680837184608
9211,155.0,16438.283333333256,366.04,-0.5671497409687142
9212,155.0,16440.005555555475,366.08,-0.7571304968093165
9213,155.0,16441.727777777698,366.12,-0.568214646708694
9214,155.0,16443.44999999992,366.16,-0.31574907928056684
9215,155.0,16445.17222222214,366.2,1.759976187103957e-14
9216,155.0,16446.894444444362,366.24,-0.3155639434489739
9217,155.0,16448.616666666585,366.28000000000003,-0.5681479967624957
9218,155.0,16450.338888888804,366.32,-0.7580191419988632
9219,155.0,16452.061111111027,366.36,-0.8851863052028599
9220,155.0,16453.78333333325,366.40000000000003,-0.9494732632228553
9221,154.0,16455.499999999913,366.44,-0.9444584259398269
9222,154.0,16457.211111111024,366.48,-0.8824819922178927
9223,154.0,16458.922222222132,366.52,-0.7571275994182871
9224,154.0,16460.633333333244,366.56,-0.5682148566432371
9225,154.0,16462.344444444356,366.6,-0.31574967966335954
9226,154.0,16464.055555555464,366.64,-0.31556334165099226
9227,154.0,16465.766666666575,366.68,-0.2525848286977473
9228,154.0,16467.477777777687,366.72,-0.18951695278965316
9229,154.0,16469.188888888795,366.76,-0.12638196224414072
9230,154.0,16470.899999999907,366.8,-0.06320218453160603
9231,153.0,16472.605555555463,366.84000000000003,-3.3594275975637904e-14
9232,154.0,16474.311111111016,366.88,0.06320218453155094
9233,154.0,16476.022222222127,366.92,0.12638196224384046
9234,154.0,16477.733333333235,366.96,0.1895169527896181
9235,154.0,16479.444444444347,367.0,0.25258482869759835
9236,154.0,16481.15555555546,367.04,0.3155633416508766
9237,154.0,16482.866666666567,367.08,-1.2924045642292948e-14
9238,154.0,16484.57777777768,367.12,-1.1761390362827692e-14
9239,154.0,16486.28888888879,367.16,1.911027567935396e-14
9240,154.0,16487.999999999898,367.2,3.6314401904760204e-15
9241,154.0,16489.71111111101,367.24,-4.396797812175349e-15
9242,154.0,16491.42222222212,367.28000000000003,1.2336924913575238e-14
9243,154.0,16493.13333333323,367.32,7.285315863653892e-15
9244,154.0,16494.84444444434,367.36,-1.6803875108948003e-14
9245,154.0,16496.555555555453,367.40000000000003,0.3157496796638167
9246,154.0,16498.26666666656,367.44,0.5682148566435318
9247,154.0,16499.977777777673,367.48,0.7571275994186568
9248,154.0,16501.68888888878,367.52,0.8824819922174426
9249,154.0,16503.399999999892,367.56,0.9444584259401436
9250,155.0,16505.11666666656,367.6,0.632796113234646
9251,155.0,16506.83888888878,367.64,0.3161192925082919
9252,155.0,16508.561111111,367.68,-3.690201700728115e-13
9253,155.0,16510.283333333224,367.72,-0.3161192925081907
9254,155.0,16512.005555555443,367.76,-0.9489140909672928
9255,154.0,16513.72222222211,367.8,-1.5110413423360105
9256,154.0,16515.43333333322,367.84000000000003,-1.9546347665618868
9257,154.0,16517.14444444433,367.88,-2.2115355041369185
9258,154.0,16518.85555555544,367.92,-2.2802436577964547
9259,153.0,16520.561111110994,367.96,-2.1446603473539665
9260,153.0,16522.261111110995,368.0,-2.4634119279631586
9261,152.0,16523.95555555544,368.04,-3.1448549291920265
9262,152.0,16525.644444444326,368.08,-3.848387662144724
9263,152.0,16527.333333333216,368.12,-4.180535852689356
9264,152.0,16529.022222222105,368.16,-4.4514905763076005
9265,150.0,16530.69999999988,368.2,-5.231690131003793
9266,149.0,16532.361111110993,368.24,-5.540314928223867
9267,148.0,16534.011111110995,368.28000000000003,-6.041605524849731
9268,148.0,16535.655555555437,368.32,-6.398186741846339
9269,147.0,16537.294444444327,368.36,-6.144205794083634
9270,145.0,16538.91666666655,368.40000000000003,-6.214885588740466
9271,145.0,16540.52777777766,368.44,-6.69388780788341
9272,144.0,16542.13333333322,368.48,-7.135388644178049
9273,143.0,16543.72777777766,368.52,-7.269944214477865
9274,143.0,16545.316666666553,368.56,-7.133407164161943
9275,140.0,16546.888888888778,368.6,-7.468554282521011
9276,139.0,16548.438888888777,368.64,-8.168561568974743
9277,138.0,16549.977777777665,368.68,-8.432790212886077
9278,138.0,16551.511111110998,368.72,-8.32322325257668
9279,137.0,16553.038888888776,368.76,-7.768972121962012
9280,134.0,16554.54444444433,368.8,-7.025004695593322
9281,133.0,16556.027777777665,368.84000000000003,-7.026629305708784
9282,132.0,16557.499999999887,368.88,-7.028294639838507
9283,132.0,16558.966666666554,368.92,-7.083666160277869
9284,132.0,16560.433333333218,368.96,-6.433749604450245
9285,130.0,16561.888888888774,369.0,-5.364596670148274
9286,129.0,16563.327777777664,369.04,-5.16689300704856
9287,128.0,16564.75555555544,369.08,-4.844592538828851
9288,127.0,16566.172222222107,369.12,-4.460034944869695
9289,127.0,16567.58333333322,369.16,-4.0390957589153915
9290,127.0,16568.994444444328,369.2,-3.480862242379023
9291,126.0,16570.399999999885,369.24,-3.1496814944121314
9292,126.0,16571.799999999886,369.28000000000003,-3.1587676701400293
9293,126.0,16573.199999999884,369.32,-3.1701952480055278
9294,125.0,16574.59444444433,369.36,-3.2221714370405747
9295,124.0,16575.977777777665,369.40000000000003,-3.334852060258141
9296,124.0,16577.35555555544,369.44,-3.472874624235302
9297,123.0,16578.727777777665,369.48,-3.586439149591715
9298,123.0,16580.09444444433,369.52,-3.4130246495592282
9299,123.0,16581.461111111,369.56,-3.234189938831161
9300,122.0,16582.822222222112,369.6,-3.3446131064196094
9301,121.0,16584.17222222211,369.64,-3.457300668573218
9302,121.0,16585.516666666557,369.68,-3.2827147861545702
9303,121.0,16586.861111111004,369.72,-3.1712356808555455
9304,120.0,16588.19999999989,369.76,-3.0935869805310126
9305,119.0,16589.52777777767,369.8,-3.013656093431046
9306,119.0,16590.84999999989,369.84000000000003,-2.960990660664903
9307,119.0,16592.17222222211,369.88,-2.97323031109649
9308,119.0,16593.49444444433,369.92,-2.7306485064102097
9309,118.0,16594.811111110997,369.96,-2.210406196195888
9310,117.0,16596.116666666552,370.0,-2.133828549264507
9311,117.0,16597.41666666655,370.04,-2.203228633563902
9312,117.0,16598.71666666655,370.08,-1.7684797166738664
9313,117.0,16600.01666666655,370.12,-1.202569537925477
9314,117.0,16601.31666666655,370.16,-0.8229432757917355
9315,116.0,16602.611111110993,370.2,-0.6277699736360908
9316,116.0,16603.89999999988,370.24,-0.6911393731310045
9317,117.0,16605.194444444325,370.28000000000003,-0.6977505390777163
9318,117.0,16606.494444444324,370.32,-0.6348639312619899
9319,116.0,16607.78888888877,370.36,-0.5038651897962478
9320,116.0,16609.077777777657,370.40000000000003,-0.31498955914358856
9321,116.0,16610.366666666545,370.44,-0.4413996150000269
9322,116.0,16611.655555555433,370.48,-0.568225461413163
9323,116.0,16612.94444444432,370.52,-0.3157801586169355
9324,116.0,16614.23333333321,370.56,1.1790912448875191e-14
9325,116.0,16615.5222222221,370.6,-1.661863434688415e-15
9326,116.0,16616.811111110987,370.64,-1.2324531109850884e-14
9327,116.0,16618.099999999875,370.68,-5.723308345306692e-16
9328,116.0,16619.388888888763,370.72,1.1630337499201249e-15
9329,116.0,16620.67777777765,370.76,-3.9595459297415275e-15
9330,116.0,16621.96666666654,370.8,0.6318071156400471
9331,116.0,16623.255555555428,370.84000000000003,1.1365346788212662
9332,116.0,16624.544444444316,370.88,1.8286307909959962
9333,116.0,16625.833333333205,370.92,2.326502660503745
9334,116.0,16627.122222222093,370.96,2.630813992654729
9335,118.0,16628.422222222092,371.0,2.4732835609880315
9336,118.0,16629.733333333203,371.04,2.464138898485571
9337,119.0,16631.04999999987,371.08,2.604444005689204
9338,119.0,16632.37222222209,371.12,2.4698210075595646
9339,119.0,16633.69444444431,371.16,2.084748527394162
9340,118.0,16635.011111110976,371.2,1.4390393289572099
9341,119.0,16636.327777777642,371.24,1.3226164725341563
9342,120.0,16637.65555555542,371.28000000000003,1.0782078014286143
9343,120.0,16638.98888888875,371.32,1.0762423047348766
9344,120.0,16640.322222222087,371.36,1.3276621130296231
9345,120.0,16641.655555555422,371.40000000000003,1.4514654859040073
9346,120.0,16642.988888888754,371.44,1.0720114254261448
9347,120.0,16644.32222222209,371.48,0.8820977388275667
9348,120.0,16645.655555555422,371.52,1.258804726748617
9349,121.0,16646.994444444314,371.56,1.5203946319514934
9350,121.0,16648.33888888876,371.6,1.9601424870290667
9351,121.0,16649.683333333203,371.64,2.5233154677236302
9352,121.0,16651.02777777765,371.68,2.829154791546433
9353,122.0,16652.377777777652,371.72,2.9048291036943215
9354,122.0,16653.733333333206,371.76,3.0212038426996983
9355,123.0,16655.09444444432,371.8,3.8568454903280833
9356,124.0,16656.466666666543,371.84000000000003,4.312327256948464
9357,124.0,16657.84444444432,371.88,4.668038870605136
9358,124.0,16659.2222222221,371.92,4.579100934101236
9359,125.0,16660.60555555543,371.96,4.4622580042892075
9360,127.0,16662.00555555543,372.0,4.6398703031961
9361,127.0,16663.416666666544,372.04,4.614593450400283
9362,128.0,16664.83333333321,372.08,4.877816632811957
9363,128.0,16666.25555555543,372.12,4.660894810749573
9364,128.0,16667.677777777655,372.16,4.011744625423381
9365,130.0,16669.111111110986,372.2,3.678974537935302
9366,130.0,16670.55555555543,372.24,3.9161903773969473
9367,131.0,16672.00555555543,372.28000000000003,4.120825776718245
9368,131.0,16673.461111110984,372.32,4.226408590169241
9369,131.0,16674.91666666654,372.36,3.9548966833068246
9370,132.0,16676.377777777652,372.40000000000003,3.655946110481786
9371,133.0,16677.849999999875,372.44,3.6670007459688834
9372,134.0,16679.33333333321,372.48,3.3620468705854916
9373,134.0,16680.822222222097,372.52,3.7294519161721826
9374,134.0,16682.311111110987,372.56,3.71482675723692
9375,135.0,16683.80555555543,372.6,3.6674509090274374
9376,135.0,16685.30555555543,372.64,3.528121177939194
9377,135.0,16686.80555555543,372.68,3.7034173504845587
9378,137.0,16688.316666666542,372.72,3.9306841214656827
9379,137.0,16689.838888888764,372.76,3.7857306611007906
9380,138.0,16691.36666666654,372.8,3.9900195975241246
9381,138.0,16692.899999999874,372.84000000000003,4.4149707023609706
9382,139.0,16694.438888888762,372.88,4.42656306869652
9383,139.0,16695.983333333206,372.92,3.9675213288090205
9384,139.0,16697.52777777765,372.96,4.137815426754857
9385,141.0,16699.083333333205,373.0,4.306635103590577
9386,142.0,16700.65555555543,373.04,4.697980965287856
9387,142.0,16702.233333333206,373.08,4.611628462642061
9388,142.0,16703.811111110987,373.12,4.461287874698312
9389,143.0,16705.394444444322,373.16,4.2840652008042825
9390,144.0,16706.988888888765,373.2,3.9839362618136738
9391,145.0,16708.594444444323,373.24,4.2501677040861585
9392,145.0,16710.205555555436,373.28000000000003,4.736147770991497
9393,145.0,16711.816666666546,373.32,4.775028784794996
9394,146.0,16713.433333333214,373.36,4.7237591078480605
9395,147.0,16715.061111110994,373.40000000000003,5.178421998690244
9396,148.0,16716.69999999988,373.44,5.438316456588776
9397,149.0,16718.349999999882,373.48,5.566753501303885
9398,149.0,16720.005555555435,373.52,5.534297272741794
9399,150.0,16721.666666666548,373.56,5.354527334999121
9400,152.0,16723.344444444327,373.6,5.336609127626445
9401,152.0,16725.033333333213,373.64,5.374583896944977
9402,152.0,16726.722222222103,373.68,5.220599850812757
9403,153.0,16728.416666666548,373.72,5.290837765643919
9404,154.0,16730.1222222221,373.76,4.858317647370986
9405,155.0,16731.838888888768,373.8,4.934442729335055
9406,156.0,16733.566666666546,373.84000000000003,5.511755718329538
9407,156.0,16735.29999999988,373.88,5.544303161513555
9408,157.0,16737.03888888877,373.92,5.109558264823424
9409,157.0,16738.783333333213,373.96,4.835429079428712
9410,159.0,16740.53888888877,374.0,4.813201780092452
9411,160.0,16742.31111111099,374.04,4.949925979710028
9412,160.0,16744.088888888768,374.08,5.242972367109972
9413,160.0,16745.866666666545,374.12,5.345594679081937
9414,161.0,16747.649999999878,374.16,5.289068392448633
9415,162.0,16749.44444444432,374.2,5.047444010012936
9416,163.0,16751.249999999876,374.24,5.307504913172937
9417,164.0,16753.066666666546,374.28000000000003,5.754545440045314
9418,165.0,16754.894444444322,374.32,5.694093745674367
9419,165.0,16756.727777777658,374.36,5.41533596665663
9420,166.0,16758.56666666655,374.40000000000003,4.664902392477542
9421,167.0,16760.416666666548,374.44,3.5360206723486343
9422,168.0,16762.27777777766,374.48,2.4699570864670237
9423,168.0,16764.144444444326,374.52,0.2526013300752325
9424,169.0,16766.01666666655,374.56,-1.5246155353975543
9425,168.0,16767.888888888774,374.6,-4.113313659550303
9426,167.0,16769.749999999884,374.64,-6.6371623709213114
9427,167.0,16771.60555555544,374.68,-8.662900010968169
9428,163.0,16773.438888888777,374.72,-10.101933153369112
9429,163.0,16775.249999999887,374.76,-10.97878259883584
9430,160.0,16777.04444444433,374.8,-11.703867872142343
9431,158.0,16778.811111110997,374.84000000000003,-12.065623656425792
9432,157.0,16780.561111110997,374.88,-12.067196744631095
9433,155.0,16782.29444444433,374.92,-10.843516028680794
9434,155.0,16784.01666666655,374.96,-10.453284057166437
9435,151.0,16785.71666666655,375.0,-10.078041666647112
9436,150.0,16787.388888888774,375.04,-10.787271618421833
9437,149.0,16789.049999999883,375.08,-11.394406931790323
9438,149.0,16790.70555555544,375.12,-11.335627270712276
9439,148.0,16792.35555555544,375.16,-11.202774375686783
9440,144.0,16793.97777777766,375.2,-10.755261493605213
9441,141.0,16795.561111110997,375.24,-11.338975281091164
9442,140.0,16797.122222222108,375.28000000000003,-12.02551536747037
9443,140.0,16798.677777777662,375.32,-12.06518932275256
9444,139.0,16800.22777777766,375.36,-11.548441464646233
9445,136.0,16801.75555555544,375.40000000000003,-10.655783963022374
9446,134.0,16803.25555555544,375.44,-10.427399965657465
9447,132.0,16804.733333333217,375.48,-10.27986295404706
9448,132.0,16806.19999999988,375.52,-10.4068259739355
9449,130.0,16807.655555555437,375.56,-9.731033500279365
9450,128.0,16809.08888888877,375.6,-9.350950863552557
9451,127.0,16810.505555555435,375.64,-9.679947059871282
9452,127.0,16811.916666666548,375.68,-10.417928991505226
9453,125.0,16813.31666666655,375.72,-10.707217530245272
9454,124.0,16814.69999999988,375.76,-10.753093376989884
9455,121.0,16816.061111110994,375.8,-10.942932883071618
9456,119.0,16817.39444444433,375.84000000000003,-11.54273751560781
9457,117.0,16818.70555555544,375.88,-11.776060819377872
9458,117.0,16820.00555555544,375.92,-11.44105629658583
9459,115.0,16821.294444444327,375.96,-10.524388476543429
9460,113.0,16822.561111110994,376.0,-9.270784768950778
9461,111.0,16823.80555555544,376.04,-8.150215732393722
9462,110.0,16825.033333333216,376.08,-7.034375570873898
9463,109.0,16826.249999999884,376.12,-5.970214359467343
9464,109.0,16827.461111110995,376.16,-4.677600265091712
9465,108.0,16828.66666666655,376.2,-4.084466386582324
9466,108.0,16829.866666666552,376.24,-3.971431004256644
9467,108.0,16831.066666666553,376.28000000000003,-4.05382250984837
9468,108.0,16832.266666666554,376.32,-4.077172824461153
9469,107.0,16833.461111111,376.36,-4.382122827789247
9470,105.0,16834.638888888778,376.40000000000003,-4.577626953298715
9471,104.0,16835.799999999886,376.44,-5.0674880657812995
9472,104.0,16836.955555555443,376.48,-5.1717331740391925
9473,104.0,16838.111111110997,376.52,-5.146026907560218
9474,103.0,16839.261111110998,376.56,-4.559595121199558
9475,102.0,16840.39999999989,376.6,-4.160424903357878
9476,101.0,16841.527777777665,376.64,-4.331928304127164
9477,101.0,16842.64999999989,376.68,-4.803621845698638
9478,100.0,16843.766666666557,376.72,-4.791464757730668
9479,100.0,16844.877777777667,376.76,-4.379987812205067
9480,99.0,16845.983333333224,376.8,-4.1724675711014845
9481,98.0,16847.07777777767,376.84000000000003,-3.90443135062782
9482,97.0,16848.161111111003,376.88,-3.9507167813370705
9483,97.0,16849.23888888878,376.92,-3.6579765760123006
9484,97.0,16850.316666666557,376.96,-3.3618711302101487
9485,96.0,16851.388888888778,377.0,-3.025037703622575
9486,96.0,16852.455555555443,377.04,-2.7204824213339167
9487,95.0,16853.516666666554,377.08,-2.4514864861251726
9488,95.0,16854.57222222211,377.12,-2.3360158340165795
9489,95.0,16855.627777777663,377.16,-2.02792090078132
9490,94.0,16856.677777777662,377.2,-1.5087104461909409
9491,94.0,16857.722222222106,377.24,-1.197053211691496
9492,94.0,16858.76666666655,377.28000000000003,-0.7568405566042916
9493,94.0,16859.811111110994,377.32,-0.5682354205932775
9494,94.0,16860.855555555438,377.36,-0.31580905664414016
9495,94.0,16861.89999999988,377.40000000000003,0.3158090566443269
9496,94.0,16862.944444444325,377.44,0.8843467196131732
9497,94.0,16863.98888888877,377.48,1.3245879397727687
9498,94.0,16865.033333333213,377.52,1.6356873044370752
9499,94.0,16866.077777777657,377.56,1.8182783778554592
9500,95.0,16867.127777777656,377.6,2.210590054704744
9501,96.0,16868.188888888766,377.64,2.415384292839831
9502,96.0,16869.25555555543,377.68,2.404841204744674
9503,96.0,16870.322222222097,377.72,2.2059930633259817
9504,96.0,16871.388888888763,377.76,1.82198044946115
9505,97.0,16872.461111110984,377.8,1.2673665433256631
9506,97.0,16873.53888888876,377.84000000000003,1.2029827675025162
9507,97.0,16874.616666666538,377.88,1.3271175123667756
9508,97.0,16875.694444444314,377.92,1.324384037929207
9509,97.0,16876.77222222209,377.96,1.1960129468210752
9510,97.0,16877.849999999868,378.0,0.6283651257890075
9511,98.0,16878.9333333332,378.04,0.38033820421908915
9512,98.0,16880.022222222087,378.08,0.4436048169814882
9513,98.0,16881.11111111098,378.12,0.44344026470609765
9514,98.0,16882.19999999987,378.16,1.014237168620589
9515,97.0,16883.283333333202,378.2,1.065335753715829
9516,97.0,16884.36111111098,378.24,1.001451847073055
9517,98.0,16885.44444444431,378.28000000000003,0.882843115175926
9518,98.0,16886.5333333332,378.32,1.0699416126819616
9519,100.0,16887.6333333332,378.36,1.2172957261114399
9520,99.0,16888.738888888758,378.40000000000003,1.8995023871403456
9521,99.0,16889.838888888757,378.44,2.339049183649535
9522,98.0,16890.933333333203,378.48,2.434721850998573
9523,99.0,16892.027777777646,378.52,2.3236058084370494
9524,99.0,16893.12777777765,378.56,2.00245731323678
9525,101.0,16894.23888888876,378.6,2.2862056159532242
9526,102.0,16895.366666666538,378.64,2.4274583637975113
9527,102.0,16896.499999999873,378.68,2.6733698725528594
9528,101.0,16897.627777777652,378.72,2.578827459688876
9529,101.0,16898.749999999873,378.76,2.5089460494741975
9530,101.0,16899.872222222097,378.8,2.1280108192671987
9531,102.0,16900.999999999876,378.84000000000003,2.20459561811519
9532,103.0,16902.138888888763,378.88,2.786504965992995
9533,104.0,16903.288888888765,378.92,3.498665243202497
9534,104.0,16904.444444444318,378.96,3.543252606500647
9535,104.0,16905.599999999875,379.0,3.5898745100063842
9536,104.0,16906.75555555543,379.04,3.5761424981139
9537,105.0,16907.91666666654,379.08,3.8477949894344494
9538,106.0,16909.088888888764,379.12,4.05262251443815
9539,106.0,16910.266666666543,379.16,4.529533336142292
9540,107.0,16911.449999999873,379.2,5.299821088616822
9541,108.0,16912.64444444432,379.24,5.560591569561531
9542,109.0,16913.849999999875,379.28000000000003,5.315766607050719
9543,109.0,16915.061111110987,379.32,4.8984220759694255
9544,110.0,16916.277777777654,379.36,4.783342593219126
9545,112.0,16917.511111110987,379.40000000000003,4.908984569338364
9546,112.0,16918.75555555543,379.44,5.072381829502559
9547,112.0,16919.999999999876,379.48,5.039481251458702
9548,112.0,16921.24444444432,379.52,5.193518126306229
9549,113.0,16922.49444444432,379.56,5.20799486802419
9550,115.0,16923.761111110987,379.6,5.713687547739351
9551,116.0,16925.04444444432,379.64,6.605126857416222
9552,116.0,16926.33333333321,379.68,7.490876927366974
9553,117.0,16927.627777777652,379.72,7.729575920333399
9554,118.0,16928.933333333207,379.76,7.279351399949511
9555,120.0,16930.255555555428,379.8,6.895336053414485
9556,121.0,16931.59444444432,379.84000000000003,6.828446506499564
9557,123.0,16932.949999999873,379.88,7.202648854174984
9558,123.0,16934.316666666542,379.92,6.764805045891218
9559,123.0,16935.683333333207,379.96,6.339578290278063
9560,124.0,16937.05555555543,380.0,5.973719312842674
9561,125.0,16938.438888888766,380.04,5.9825425105396945
9562,127.0,16939.838888888764,380.08,6.101897716806574
9563,127.0,16941.249999999876,380.12,6.24083976635395
9564,128.0,16942.666666666544,380.16,6.241851793729035
9565,129.0,16944.09444444432,380.2,6.314358791827506
9566,130.0,16945.53333333321,380.24,6.3859715705960625
9567,131.0,16946.98333333321,380.28000000000003,6.456683359476971
9568,131.0,16948.438888888762,380.32,6.530529318878234
9569,132.0,16949.899999999874,380.36,6.406958994527184
9570,134.0,16951.377777777652,380.40000000000003,6.395147500917922
9571,135.0,16952.872222222097,380.44,6.3984861652063385
9572,136.0,16954.377777777652,380.48,6.145791205211209
9573,136.0,16955.888888888763,380.52,6.294973847518415
9574,137.0,16957.40555555543,380.56,5.861091960569522
9575,138.0,16958.933333333207,380.6,5.4938786996533
9576,139.0,16960.472222222095,380.64,5.5661054380909505
9577,139.0,16962.01666666654,380.68,5.722465633563223
9578,141.0,16963.572222222094,380.72,5.766487521270981
9579,141.0,16965.13888888876,380.76,5.544472838683785
9580,142.0,16966.711111110984,380.8,5.490331594753245
9581,143.0,16968.29444444432,380.84000000000003,5.5622975693611805
9582,144.0,16969.888888888763,380.88,5.4413526694468946
9583,144.0,16971.488888888765,380.92,4.783841647903526
9584,145.0,16973.09444444432,380.96,4.729595373495408
9585,146.0,16974.711111110988,381.0,4.870318472342605
9586,147.0,16976.338888888768,381.04,5.136602752066067
9587,147.0,16977.9722222221,381.08,5.173310922993411
9588,147.0,16979.605555555434,381.12,5.396294670891723
9589,148.0,16981.244444444324,381.16,5.1524252778022595
9590,150.0,16982.899999999878,381.2,5.132323671403683
9591,151.0,16984.5722222221,381.24,5.2671981930901905
9592,151.0,16986.24999999988,381.28000000000003,5.553928107941096
9593,152.0,16987.93333333321,381.32,5.3700913255848794
9594,152.0,16989.6222222221,381.36,4.9690492932918495
9595,153.0,16991.316666666546,381.40000000000003,4.730445270314934
9596,154.0,16993.0222222221,381.44,4.675938644933903
9597,155.0,16994.738888888765,381.48,4.55596152180064
9598,155.0,16996.461111110984,381.52,4.348004093335941
9599,156.0,16998.188888888762,381.56,4.104613624416016
9600,157.0,16999.92777777765,381.6,4.1189433972252845
9601,157.0,17001.672222222096,381.64,3.9787934587074525
9602,157.0,17003.41666666654,381.68,3.775544996834323
9603,158.0,17005.16666666654,381.72,3.5957119790283323
9604,158.0,17006.922222222096,381.76,3.0811389134880924
9605,160.0,17008.688888888762,381.8,3.3034142032382943
9606,160.0,17010.46666666654,381.84000000000003,3.8003303818842236
9607,160.0,17012.244444444317,381.88,3.9131726407945027
9608,160.0,17014.022222222095,381.92,3.9638925136224836
9609,160.0,17015.799999999872,381.96,3.9491198301389687
9610,162.0,17017.58888888876,382.0,4.240362886600278
9611,163.0,17019.394444444315,382.04,4.754014782805701
9612,163.0,17021.205555555425,382.08,5.172507604428282
9613,164.0,17023.022222222095,382.12,5.1771290301809465
9614,164.0,17024.84444444432,382.16,4.712478466088011
9615,166.0,17026.67777777765,382.2,4.501665310527003
9616,166.0,17028.5222222221,382.24,4.738074556643494
9617,167.0,17030.3722222221,382.28000000000003,5.189585454901064
9618,167.0,17032.227777777654,382.32,5.103166646174425
9619,167.0,17034.083333333212,382.36,4.890512330128881
9620,169.0,17035.94999999988,382.40000000000003,4.614123480934673
9621,170.0,17037.833333333212,382.44,4.874750196962631
9622,171.0,17039.727777777658,382.48,4.692014342574437
9623,171.0,17041.627777777656,382.52,4.735466874017105
9624,171.0,17043.527777777657,382.56,4.33958036276258
9625,172.0,17045.433333333214,382.6,4.165259570771649
9626,173.0,17047.34999999988,382.64,4.175782657211385
9627,173.0,17049.272222222102,382.68,4.413499892419255
9628,174.0,17051.19999999988,382.72,4.609167069223972
9629,174.0,17053.13333333321,382.76,4.4006700020089475
9630,176.0,17055.077777777657,382.8,4.500569090645348
9631,176.0,17057.033333333213,382.84000000000003,4.737899029669793
9632,177.0,17058.99444444432,382.88,5.1888690854556705
9633,177.0,17060.961111110988,382.92,5.103767157962551
9634,177.0,17062.927777777655,382.96000000000004,4.892415459958441
9635,179.0,17064.90555555543,383.0,4.613822808236206
9636,180.0,17066.899999999874,383.04,4.873999803601018
9637,181.0,17068.90555555543,383.08,5.009106222206961
9638,181.0,17070.91666666654,383.12,4.986979448428988
9639,181.0,17072.92777777765,383.16,4.526702219197427
9640,182.0,17074.944444444318,383.2,3.9718368556596126
9641,183.0,17076.972222222095,383.24,3.6655537875125064
9642,184.0,17079.011111110984,383.28000000000003,3.675352082767309
9643,184.0,17081.055555555427,383.32,3.663367062182368
9644,184.0,17083.09999999987,383.36,3.653264179339808
9645,185.0,17085.14999999987,383.40000000000003,3.2850497174469258
9646,185.0,17087.205555555425,383.44,3.21507650765484
9647,186.0,17089.26666666654,383.48,3.1611589862087444
9648,186.0,17091.333333333205,383.52,3.7841217323188445
9649,187.0,17093.40555555543,383.56,4.045445552061425
9650,187.0,17095.48333333321,383.6,3.9064686241859152
9651,188.0,17097.566666666542,383.64,3.787439487865389
9652,188.0,17099.655555555433,383.68,3.3354189880112037
9653,190.0,17101.755555555435,383.72,2.9806796262854833
9654,190.0,17103.866666666545,383.76,2.341550683778749
9655,190.0,17105.977777777658,383.8,1.5158668993444053
9656,190.0,17108.08888888877,383.84000000000003,0.2524274090499218
9657,190.0,17110.19999999988,383.88,-1.0098043262110903
9658,190.0,17112.311111110994,383.92,-2.5288563724548188
9659,190.0,17114.422222222107,383.96000000000004,-3.1686426908574923
9660,189.0,17116.52777777766,384.0,-4.486730636157495
9661,188.0,17118.622222222108,384.04,-5.679378212708596
9662,187.0,17120.70555555544,384.08,-7.001358367824074
9663,186.0,17122.777777777665,384.12,-7.703688457685371
9664,186.0,17124.844444444334,384.16,-8.453983766993742
9665,183.0,17126.894444444333,384.2,-8.939765314064893
9666,182.0,17128.92222222211,384.24,-9.648818074675535
9667,180.0,17130.93333333322,384.28000000000003,-10.061081918064069
9668,180.0,17132.933333333218,384.32,-10.02505203905946
9669,178.0,17134.922222222107,384.36,-9.684083528877494
9670,176.0,17136.888888888774,384.40000000000003,-9.388487299175225
9671,174.0,17138.833333333216,384.44,-9.479705192801548
9672,173.0,17140.761111110995,384.48,-9.061300043017441
9673,173.0,17142.683333333214,384.52,-9.196073442414837
9674,172.0,17144.599999999882,384.56,-8.699164059791933
9675,169.0,17146.494444444328,384.6,-8.852477968363912
9676,168.0,17148.36666666655,384.64,-9.491031156350383
9677,168.0,17150.233333333217,384.68,-10.586508425190345
9678,166.0,17152.088888888775,384.72,-10.949126132572356
9679,165.0,17153.927777777662,384.76,-11.053369725046267
9680,162.0,17155.74444444433,384.8,-10.95428295326783
9681,160.0,17157.53333333322,384.84000000000003,-10.940235113760576
9682,158.0,17159.299999999886,384.88,-10.67249627075545
9683,158.0,17161.055555555442,384.92,-9.573702699854218
9684,156.0,17162.799999999886,384.96000000000004,-8.459549948061145
9685,154.0,17164.522222222105,385.0,-7.772516245924904
9686,154.0,17166.233333333217,385.04,-7.318307217491495
9687,153.0,17167.93888888877,385.08,-7.065089493803644
9688,153.0,17169.63888888877,385.12,-6.861666644344123
9689,152.0,17171.333333333216,385.16,-5.969605458966731
9690,149.0,17173.005555555435,385.2,-5.445863136014
9691,149.0,17174.661111110992,385.24,-5.540344628252728
9692,148.0,17176.311111110994,385.28000000000003,-5.093049658077343
9693,148.0,17177.955555555436,385.32,-4.55032119914302
9694,148.0,17179.599999999882,385.36,-3.5518546559203554
9695,147.0,17181.238888888773,385.40000000000003,-2.7770468715006373
9696,146.0,17182.86666666655,385.44,-3.0167314084502035
9697,146.0,17184.488888888773,385.48,-2.962142855094538
9698,146.0,17186.111111110993,385.52,-3.287272147237428
9699,146.0,17187.733333333217,385.56,-3.61438696624688
9700,145.0,17189.349999999886,385.6,-3.538364494051248
9701,144.0,17190.95555555544,385.64,-3.464459257107616
9702,144.0,17192.555555555442,385.68,-3.479802517904029
9703,143.0,17194.14999999989,385.72,-3.2177689870610857
9704,142.0,17195.73333333322,385.76,-2.7033443388074505
9705,142.0,17197.311111111,385.8,-2.2674776466199913
9706,142.0,17198.88888888878,385.84000000000003,-1.8927162086770077
9707,142.0,17200.466666666558,385.88,-1.9584413771605986
9708,142.0,17202.04444444434,385.92,-1.7710678199435053
9709,142.0,17203.62222222212,385.96000000000004,-1.7105536262768382
9710,141.0,17205.19444444434,386.0,-2.143123011627205
9711,141.0,17206.761111111005,386.04,-2.40174331075223
9712,140.0,17208.322222222116,386.08,-2.454911708143665
9713,140.0,17209.87777777767,386.12,-2.335979728878923
9714,140.0,17211.433333333225,386.16,-2.025442913349721
9715,139.0,17212.983333333224,386.2,-1.5107942564352
9716,139.0,17214.52777777767,386.24,-1.1978449216728486
9717,139.0,17216.072222222112,386.28000000000003,-1.0721784651080275
9718,139.0,17217.616666666556,386.32,-1.13636174067904
9719,139.0,17219.161111111,386.36,-1.074284207337991
9720,139.0,17220.705555555443,386.40000000000003,-0.8853414776029747
9721,139.0,17222.249999999887,386.44,-0.9497619865147986
9722,138.0,17223.788888888776,386.48,-0.9441678196648922
9723,138.0,17225.32222222211,386.52,-0.8823247497494182
9724,138.0,17226.85555555544,386.56,-0.7570755170223743
9725,138.0,17228.388888888774,386.6,-0.5682186222667965
9726,138.0,17229.922222222107,386.64,-5.33705550612143e-13
9727,138.0,17231.45555555544,386.68,0.5682186222664916
9728,138.0,17232.988888888773,386.72,0.7570755170223016
9729,138.0,17234.522222222105,386.76,0.8823247497489851
9730,138.0,17236.05555555544,386.8,1.2593026619058567
9731,139.0,17237.594444444327,386.84000000000003,1.8369215067807885
9732,139.0,17239.13888888877,386.88,2.2120307469842566
9733,139.0,17240.683333333214,386.92,2.710880162209636
9734,139.0,17242.227777777658,386.96000000000004,2.9533986004792334
9735,140.0,17243.777777777657,387.0,2.964220017211359
9736,141.0,17245.338888888768,387.04,2.7224867194714624
9737,141.0,17246.905555555433,387.08,2.5868326533633
9738,142.0,17248.477777777658,387.12,2.2805782658346385
9739,142.0,17250.05555555544,387.16,1.7699277707496532
9740,142.0,17251.633333333215,387.2,1.706178904204398
9741,142.0,17253.211111110995,387.24,1.7046473649040008
9742,142.0,17254.788888888776,387.28000000000003,1.8278696711346731
9743,142.0,17256.366666666552,387.32,1.7617935379270606
9744,142.0,17257.944444444332,387.36,1.8830672150315229
9745,144.0,17259.533333333224,387.40000000000003,2.2228999014557753
9746,144.0,17261.133333333222,387.44,2.6612235139424896
9747,144.0,17262.733333333224,387.48,2.526176193403591
9748,144.0,17264.333333333223,387.52,2.2041458204855178
9749,144.0,17265.933333333225,387.56,2.0118055095876994
9750,145.0,17267.538888888783,387.6,1.5809492745567695
9751,146.0,17269.155555555448,387.64,1.970677055594204
9752,145.0,17270.772222222116,387.68,2.141881286482318
9753,145.0,17272.38333333323,387.72,2.13680087816892
9754,146.0,17273.999999999894,387.76,2.2738398888777174
9755,146.0,17275.62222222212,387.8,2.143505167541097
9756,147.0,17277.249999999898,387.84000000000003,2.1530957929574446
9757,147.0,17278.88333333323,387.88,2.3356863690631213
9758,147.0,17280.516666666565,387.92,2.3307923466177
9759,148.0,17282.155555555455,387.96000000000004,2.0890921565477254
9760,148.0,17283.799999999897,388.0,2.274945871354442
9761,148.0,17285.444444444343,388.04,2.2075418227043815
9762,148.0,17287.088888888786,388.08,2.264913342470579
9763,149.0,17288.738888888787,388.12,2.148278202987856
9764,149.0,17290.394444444344,388.16,2.144611394064225
9765,150.0,17292.055555555453,388.2,2.280444179479892
9766,150.0,17293.72222222212,388.24,2.528292668874329
9767,150.0,17295.38888888879,388.28000000000003,2.8382975491333413
9768,150.0,17297.055555555453,388.32,2.8314295409821058
9769,151.0,17298.727777777676,388.36,2.904689559989169
9770,151.0,17300.405555555455,388.40000000000003,3.0229616501142504
9771,152.0,17302.088888888786,388.44,3.5386570898925203
9772,153.0,17303.78333333323,388.48,3.7382043380584222
9773,153.0,17305.483333333228,388.52,3.59733212379583
9774,153.0,17307.18333333323,388.56,3.460429930685827
9775,154.0,17308.888888888785,388.6,3.344909333837487
9776,155.0,17310.60555555545,388.64,2.9135628289617816
9777,155.0,17312.32777777767,388.68,2.526699675990867
9778,155.0,17314.049999999894,388.72,2.267914101378073
9779,156.0,17315.77777777767,388.76,1.834965936537656
9780,156.0,17317.511111111,388.8,1.2009607708902867
9781,156.0,17319.244444444335,388.84000000000003,0.7580163058095252
9782,156.0,17320.97777777767,388.88,0.5681482167349148
9783,156.0,17322.711111111003,388.92,0.315564537526488
9784,156.0,17324.444444444336,388.96000000000004,-0.3155645375265419
9785,156.0,17326.177777777666,389.0,-0.5681482167346227
9786,156.0,17327.911111111,389.04,-0.7580163058101057
9787,156.0,17329.644444444333,389.08,-1.2009607708899492
9788,156.0,17331.377777777667,389.12,-1.519038716582873
9789,155.0,17333.105555555445,389.16,-1.701042415371326
9790,155.0,17334.827777777664,389.2,-2.082705651333736
9791,155.0,17336.549999999886,389.24,-2.2772474070926783
9792,154.0,17338.266666666554,389.28000000000003,-2.268153804580992
9793,154.0,17339.97777777766,389.32,-2.083931296994599
9794,154.0,17341.688888888773,389.36,-1.7080631284676324
9795,153.0,17343.39444444433,389.40000000000003,-1.8254834834586176
9796,153.0,17345.094444444327,389.44,-1.7653614221910894
9797,153.0,17346.794444444327,389.48,-1.5151455508315452
9798,153.0,17348.494444444324,389.52,-1.454348008684043
9799,153.0,17350.194444444325,389.56,-1.582508446598965
9800,152.0,17351.88888888877,389.6,-1.510987316976735
9801,152.0,17353.577777777657,389.64,-1.9546025841851677
9802,152.0,17355.266666666546,389.68,-2.2115607969003603
9803,152.0,17356.955555555436,389.72,-2.2803425988909565
9804,151.0,17358.638888888767,389.76,-2.14463619826224
9805,151.0,17360.316666666546,389.8,-1.8328883824661095
9806,150.0,17361.98888888877,389.84000000000003,-1.6988694223233733
9807,150.0,17363.655555555433,389.88,-1.764459355275526
9808,150.0,17365.3222222221,389.92,-1.6408118843556234
9809,150.0,17366.98888888877,389.96000000000004,-1.3266385640112153
9810,150.0,17368.655555555433,390.0,-1.201749753170513
9811,150.0,17370.3222222221,390.04,-0.9495568611511026
9812,149.0,17371.98333333321,390.08,-1.2587820806841898
9813,149.0,17373.638888888767,390.12,-1.4496265333435039
9814,149.0,17375.294444444324,390.16,-1.8302403663952704
9815,149.0,17376.949999999877,390.2,-2.023398137015951
9816,149.0,17378.605555555434,390.24,-2.02760817567703
9817,148.0,17380.255555555435,390.28000000000003,-1.8286569707383795
9818,148.0,17381.899999999878,390.32,-1.8329302615138494
9819,147.0,17383.53888888877,390.36,-1.6987537072829464
9820,147.0,17385.172222222103,390.40000000000003,-1.7643936229467243
9821,147.0,17386.805555555435,390.44,-1.6407994816047284
9822,147.0,17388.43888888877,390.48,-1.3266564838767778
9823,147.0,17390.0722222221,390.52,-1.2017957945190845
9824,147.0,17391.705555555436,390.56,-0.6332697642245513
9825,146.0,17393.333333333216,390.6,-0.3777520230515543
9826,146.0,17394.955555555436,390.64,0.1890283323786885
9827,146.0,17396.57777777766,390.68,0.6929302482932508
9828,146.0,17398.199999999884,390.72,1.132546712847368
9829,147.0,17399.82777777766,390.76,1.5173898588651777
9830,147.0,17401.461111110995,390.8,1.8286422389151569
9831,148.0,17403.099999999886,390.84000000000003,1.7103098126063594
9832,148.0,17404.744444444328,390.88,1.454245035849653
9833,148.0,17406.388888888774,390.92,1.0735587309350334
9834,148.0,17408.03333333322,390.96000000000004,0.5681463724558843
9835,148.0,17409.677777777662,391.0,0.3155595599785462
9836,148.0,17411.32222222211,391.04,1.0116989500575478e-14
9837,148.0,17412.96666666655,391.08,-0.3155595599785636
9838,148.0,17414.611111110997,391.12,-0.5681463724561827
9839,148.0,17416.255555555443,391.16,-0.7580400660708561
9840,148.0,17417.899999999885,391.2,-0.8852500644328354
9841,148.0,17419.54444444433,391.24,-0.9495918846962789
9842,147.0,17421.18333333322,391.28000000000003,-0.9443390558134899
9843,147.0,17422.816666666553,391.32,-0.8824174099535635
9844,147.0,17424.449999999888,391.36,-0.7571062114907198
9845,147.0,17426.083333333223,391.40000000000003,-0.5682164048689979
9846,147.0,17427.716666666554,391.44,0.315948948151432
9847,147.0,17429.34999999989,391.48,1.1364997827034307
9848,147.0,17430.98333333322,391.52,1.5132692056957233
9849,147.0,17432.616666666556,391.56,1.7619935944264815
9850,147.0,17434.24999999989,391.6,1.8834356883348617
9851,149.0,17435.894444444333,391.64,1.9043759290368194
9852,149.0,17437.54999999989,391.68,1.7732860961014092
9853,149.0,17439.205555555447,391.72,1.5169922055369656
9854,149.0,17440.861111111,391.76,1.4522815028946652
9855,149.0,17442.516666666557,391.8,1.5147794926205287
9856,149.0,17444.172222222114,391.84000000000003,1.3250233219714653
9857,149.0,17445.827777777668,391.88,1.9533565601058376
9858,149.0,17447.483333333224,391.92,2.388752099764222
9859,150.0,17449.144444444337,391.96000000000004,2.649861180340113
9860,151.0,17450.816666666557,392.0,3.0393911319950973
9861,151.0,17452.494444444335,392.04,3.154982288113527
9862,152.0,17454.177777777666,392.08,3.0382449345488975
9863,152.0,17455.866666666556,392.12,2.6505292413520056
9864,152.0,17457.555555555446,392.16,2.330959322979191
9865,153.0,17459.249999999887,392.2,2.40611895869678
9866,153.0,17460.949999999888,392.24,2.5270302410569876
9867,153.0,17462.64999999989,392.28000000000003,2.711227921124176
9868,153.0,17464.349999999886,392.32,2.9546584155349356
9869,154.0,17466.055555555442,392.36,2.9644934285923563
9870,155.0,17467.77222222211,392.40000000000003,3.03915746124447
9871,155.0,17469.494444444328,392.44,3.1550247327319463
9872,156.0,17471.222222222106,392.48,3.0380421208533726
9873,156.0,17472.95555555544,392.52,2.650555381666486
9874,156.0,17474.688888888773,392.56,2.3310851830336845
9875,157.0,17476.427777777662,392.6,2.405937280895219
9876,157.0,17478.172222222107,392.64,2.8436779610179346
9877,157.0,17479.91666666655,392.68,2.962835850412115
9878,157.0,17481.661111110996,392.72,3.1415883349733655
9879,158.0,17483.411111110996,392.76,3.403924584372067
9880,159.0,17485.172222222107,392.8,3.3510546636611713
9881,160.0,17486.94444444433,392.84000000000003,3.3594368705902142
9882,160.0,17488.722222222106,392.88,3.0949600801995722
9883,160.0,17490.499999999884,392.92,2.5823361383402537
9884,161.0,17492.283333333216,392.96000000000004,2.1517975370524405
9885,161.0,17494.072222222105,393.0,2.086504749638091
9886,161.0,17495.861111110993,393.04,2.3997837151902663
9887,161.0,17497.64999999988,393.08,2.7721083089462812
9888,161.0,17499.43888888877,393.12,2.889960244826396
9889,162.0,17501.233333333214,393.16,2.7736800301056777
9890,163.0,17503.03888888877,393.2,3.0987326513259377
9891,164.0,17504.855555555438,393.24,3.4889826844219893
9892,164.0,17506.677777777662,393.28000000000003,3.5403943888307805
9893,164.0,17508.499999999884,393.32,3.2769675767380613
9894,164.0,17510.32222222211,393.36,2.70307760475591
9895,165.0,17512.14999999989,393.40000000000003,2.8416598024490534
9896,166.0,17513.988888888776,393.44,2.979039465301304
9897,166.0,17515.833333333223,393.48,3.4761597889069087
9898,166.0,17517.677777777666,393.52,3.653142512044512
9899,166.0,17519.522222222113,393.56,3.5148808454968314
9900,168.0,17521.37777777767,393.6,3.7386297501182577
9901,168.0,17523.244444444335,393.64,4.169717483123454
9902,169.0,17525.11666666656,393.68,4.556592782411008
9903,169.0,17526.99444444434,393.72,4.5360434678761985
9904,169.0,17528.872222222115,393.76,4.45559170313283
9905,171.0,17530.761111111005,393.8,3.986704381046092
9906,172.0,17532.666666666562,393.84000000000003,4.122389085330992
9907,172.0,17534.57777777767,393.88,4.172304082466549
9908,172.0,17536.488888888784,393.92,4.156472507856752
9909,173.0,17538.40555555545,393.96000000000004,4.104104847456144
9910,173.0,17540.32777777767,394.0,3.589174237316795
9911,174.0,17542.25555555545,394.04,3.725641908942915
9912,175.0,17544.194444444336,394.08,3.8599497592731353
9913,175.0,17546.13888888878,394.12,3.656984959317691
9914,176.0,17548.088888888782,394.16,3.4780945052698145
9915,176.0,17550.044444444335,394.2,3.5949062696623972
9916,177.0,17552.005555555446,394.24,3.3529757229732127
9917,177.0,17553.972222222113,394.28000000000003,3.4079914651693333
9918,177.0,17555.938888888777,394.32,3.4606148969306716
9919,178.0,17557.911111111,394.36,3.217838399114118
9920,179.0,17559.894444444333,394.40000000000003,3.3535727234871375
9921,179.0,17561.88333333322,394.44,3.4716398908856823
9922,180.0,17563.877777777663,394.48,3.606626250412283
9923,180.0,17565.877777777663,394.52,3.722623971926384
9924,180.0,17567.877777777663,394.56,3.4608085981619725
9925,181.0,17569.88333333322,394.6,3.534230357321052
9926,182.0,17571.899999999885,394.64,3.9230827044196626
9927,182.0,17573.922222222107,394.68,3.910544920074497
9928,183.0,17575.949999999884,394.72,3.9175644285793845
9929,183.0,17577.983333333217,394.76,3.589327547812643
9930,184.0,17580.022222222105,394.8,3.284405566774994
9931,185.0,17582.072222222105,394.84000000000003,2.9775263035577693
9932,185.0,17584.12777777766,394.88,3.0341512504225174
9933,185.0,17586.183333333218,394.92,2.7755730004133294
9934,185.0,17588.238888888776,394.96000000000004,2.5806295172562326
9935,186.0,17590.299999999886,395.0,2.4643922553040825
9936,186.0,17592.366666666556,395.04,2.3968618410374023
9937,187.0,17594.438888888777,395.08,2.4674988094952957
9938,187.0,17596.516666666557,395.12,2.335727878787398
9939,187.0,17598.594444444338,395.16,2.3318777482578996
9940,188.0,17600.67777777767,395.2,2.404791458833902
9941,188.0,17602.76666666656,395.24,2.8432252004272938
9942,188.0,17604.855555555452,395.28000000000003,2.963556364302246
9943,188.0,17606.94444444434,395.32,3.144056496598303
9944,189.0,17609.038888888786,395.36,3.0887848725845344
9945,190.0,17611.144444444344,395.40000000000003,3.09798586830614
9946,191.0,17613.26111111101,395.44,3.1688917343920417
9947,191.0,17615.383333333233,395.48,3.287486287163521
9948,191.0,17617.505555555454,395.52,3.090318752290626
9949,191.0,17619.627777777678,395.56,2.58087296985177
9950,192.0,17621.755555555457,395.6,2.464321752076945
9951,192.0,17623.88888888879,395.64,2.7129530665421497
9952,193.0,17626.02777777768,395.68,3.0368511976830606
9953,193.0,17628.172222222125,395.72,3.091797887095442
9954,193.0,17630.316666666567,395.76,3.210437072230963
9955,194.0,17632.46666666657,395.8,3.3467040686488367
9956,195.0,17634.62777777768,395.84000000000003,3.48142844385543
9957,195.0,17636.794444444346,395.88,3.2827845815751497
9958,195.0,17638.961111111013,395.92,3.1474293746378663
9959,196.0,17641.133333333237,395.96000000000004,3.0932601652783553
9960,197.0,17643.316666666567,396.0,3.0403786463228917
9961,197.0,17645.505555555457,396.04,3.287649801052937
9962,197.0,17647.694444444343,396.08,3.5310744158823355
9963,197.0,17649.883333333233,396.12,3.4582933526254473
9964,198.0,17652.07777777768,396.16,3.0889978032455234
9965,199.0,17654.28333333323,396.2,3.0977816179450186
9966,200.0,17656.499999999898,396.24,3.168336803765645
9967,200.0,17658.72222222212,396.28000000000003,3.287277952886102
9968,200.0,17660.94444444434,396.32,3.090459967275546
9969,200.0,17663.166666666562,396.36,2.581210775490661
9970,201.0,17665.39444444434,396.40000000000003,2.4642238393509093
9971,201.0,17667.62777777767,396.44,2.713029847608456
9972,202.0,17669.86666666656,396.48,3.0365602084857435
9973,202.0,17672.111111111,396.52,3.091872228452588
9974,202.0,17674.355555555445,396.56,3.210850005888792
9975,203.0,17676.605555555445,396.6,3.0302729177249907
9976,204.0,17678.866666666552,396.64,2.9112785137792585
9977,204.0,17681.13333333322,396.68,2.842785616642908
9978,204.0,17683.399999999885,396.72,2.8364636306853774
9979,205.0,17685.672222222107,396.76,2.5917011136489654
9980,205.0,17687.949999999884,396.8,2.7152330337184876
9981,205.0,17690.22777777766,396.84000000000003,2.8367357932127453
9982,206.0,17692.511111110995,396.88,3.0334877110010474
9983,206.0,17694.799999999883,396.92,2.963089076856812
9984,206.0,17697.08888888877,396.96000000000004,2.6421624544048323
9985,208.0,17699.38888888877,397.0,2.7892139933046463
9986,208.0,17701.699999999884,397.04,2.974039721719925
9987,208.0,17704.011111110995,397.08,2.8422561959876433
9988,208.0,17706.32222222211,397.12,2.773153895386732
9989,208.0,17708.633333333222,397.16,2.7685639754394153
9990,209.0,17710.949999999888,397.2,2.4622099261651536
9991,210.0,17713.27777777767,397.24,2.5952161365164392
9992,210.0,17715.611111111004,397.28000000000003,2.8427326268833015
9993,210.0,17717.944444444336,397.32,2.8365910429333483
9994,211.0,17720.283333333227,397.36,2.908282995422882
9995,211.0,17722.627777777674,397.40000000000003,2.967279061719933
9996,211.0,17724.972222222117,397.44,3.0245418734168945
9997,212.0,17727.32222222212,397.48,3.15761648755655
9998,212.0,17729.677777777673,397.52,3.0237890266278007
9999,213.0,17732.038888888786,397.56,2.6526233988768126
10000,214.0,17734.41111111101,397.6,2.7233031494987063
10001,214.0,17736.788888888786,397.64,2.8453655152715034
10002,214.0,17739.166666666566,397.68,2.967785224443836
10003,214.0,17741.544444444346,397.72,3.0880336308431238
10004,214.0,17743.92222222212,397.76,2.893443249541162
10005,215.0,17746.305555555457,397.8,2.774698471797453
10006,216.0,17748.699999999903,397.84000000000003,3.0974419152710353
10007,217.0,17751.105555555456,397.88,3.167414243459494
10008,217.0,17753.51666666657,397.92,2.9702578404489275
10009,217.0,17755.92777777768,397.96000000000004,2.522913100728873
10010,217.0,17758.33888888879,398.0,2.457891242685262
10011,218.0,17760.755555555457,398.04,2.4031888231551823
10012,218.0,17763.177777777677,398.08,2.3995761590730935
10013,218.0,17765.5999999999,398.12,2.520820349415084
10014,218.0,17768.022222222124,398.16,2.452796878762363
10015,220.0,17770.455555555454,398.2,2.5346640332897543
10016,220.0,17772.8999999999,398.24,2.6578698585322997
10017,220.0,17775.344444444345,398.28000000000003,3.1586325156599955
10018,220.0,17777.788888888786,398.32,3.340824910034248
10019,220.0,17780.23333333323,398.36,3.2076066174817743
10020,221.0,17782.683333333232,398.40000000000003,2.458963029783195
10021,222.0,17785.14444444434,398.44,2.211841520597656
10022,223.0,17787.616666666563,398.48,2.1548839902261125
10023,223.0,17790.094444444338,398.52,1.898730559889761
10024,223.0,17792.572222222116,398.56,1.7708501848957636
10025,222.0,17795.04444444434,398.6,1.6996015577859698
10026,222.0,17797.511111111,398.64,1.698626946179454
10027,223.0,17799.983333333224,398.68,1.8307227307173028
10028,223.0,17802.461111111003,398.72,2.1426062097809946
10029,224.0,17804.944444444332,398.76,2.6536480107339395
10030,225.0,17807.438888888777,398.8,2.97568518449373
10031,225.0,17809.938888888777,398.84000000000003,2.716935187828014
10032,225.0,17812.438888888773,398.88,2.524017633981709
10033,225.0,17814.938888888773,398.92,2.394144424837712
10034,226.0,17817.44444444433,398.96000000000004,2.0226361021332915
10035,226.0,17819.955555555436,399.0,2.3999443796426885
10036,226.0,17822.466666666547,399.04,2.8371249064112107
10037,227.0,17824.98333333321,399.08,3.033195181817802
10038,227.0,17827.50555555543,399.12,2.9634687223675553
10039,227.0,17830.027777777654,399.16,2.9582620065512937
10040,229.0,17832.561111110983,399.2,3.0411443685241624
10041,229.0,17835.10555555543,399.24,2.8450683916313757
10042,229.0,17837.649999999878,399.28000000000003,2.7145236382710265
10043,229.0,17840.19444444432,399.32,2.6466695964362734
10044,230.0,17842.744444444324,399.36,2.654652247737956
10045,230.0,17845.299999999883,399.40000000000003,2.335939593072367
10046,230.0,17847.855555555438,399.44,2.457736351113157
10047,231.0,17850.41666666655,399.48,2.40067787789025
10048,231.0,17852.983333333217,399.52,2.1444297454661587
10049,232.0,17855.555555555442,399.56,1.7082214012931825
10050,232.0,17858.133333333222,399.6,1.769753277927892
10051,232.0,17860.711111111,399.64,1.957911446494611
10052,232.0,17863.28888888878,399.68,1.8931932498589983
10053,232.0,17865.86666666656,399.72,1.9539253827957666
10054,232.0,17868.444444444336,399.76,2.1409175580122626
10055,233.0,17871.027777777672,399.8,2.462202485351498
10056,234.0,17873.62222222212,399.84000000000003,2.594515657957192
10057,234.0,17876.222222222117,399.88,2.5262187119474633
10058,234.0,17878.82222222212,399.92,2.2695422803357324
10059,235.0,17881.427777777677,399.96000000000004,2.1501182436324595
10060,235.0,17884.038888888786,400.0,2.0855071216146386
10061,235.0,17886.6499999999,400.04,2.083407698526065
10062,235.0,17889.26111111101,400.08,2.2064295487236474
10063,235.0,17891.872222222122,400.12,2.140163654188942
10064,236.0,17894.48888888879,400.16,1.8939314548010124
10065,237.0,17897.116666666567,400.2,2.1527315653808903
10066,237.0,17899.7499999999,400.24,2.529317217878472
10067,237.0,17902.383333333237,400.28000000000003,2.967727152042511
10068,237.0,17905.01666666657,400.32,3.0885588653980416
10069,237.0,17907.649999999903,400.36,2.894470570401327
10070,238.0,17910.288888888794,400.40000000000003,2.7749982703948373
10071,239.0,17912.93888888879,400.44,2.7805041011053615
10072,240.0,17915.599999999904,400.48,2.5963309930783955
10073,240.0,17918.26666666657,400.52,2.2125176586945323
10074,240.0,17920.933333333236,400.56,1.9577333037142441
10075,240.0,17923.599999999904,400.6,1.7676750303356612
10076,240.0,17926.26666666657,400.64,1.6405413252769026
10077,240.0,17928.933333333236,400.68,1.6391739665481586
10078,240.0,17931.599999999904,400.72,1.825890661828261
10079,241.0,17934.272222222124,400.76,1.89393178080857
10080,242.0,17936.955555555458,400.8,2.1526018921684336
10081,242.0,17939.644444444348,400.84000000000003,2.212663560161855
10082,242.0,17942.333333333234,400.88,2.0832491904164585
10083,242.0,17945.022222222124,400.92,1.7655510175591786
10084,242.0,17947.711111111013,400.96000000000004,1.260257583373675
10085,243.0,17950.405555555455,401.0,1.8981958948767492
10086,243.0,17953.105555555456,401.04,2.907721790330118
10087,243.0,17955.805555555453,401.08,3.5958919653470565
10088,243.0,17958.505555555454,401.12,3.964019499252168
10089,243.0,17961.205555555454,401.16,3.701015867393189
10090,246.0,17963.922222222118,401.2,2.9130431555790484
10091,247.0,17966.661111111007,401.24,2.9192659852168634
10092,247.0,17969.40555555545,401.28000000000003,2.978001682286679
10093,247.0,17972.149999999892,401.32,2.7205434693880246
10094,246.0,17974.88888888878,401.36,1.8252061944928497
10095,245.0,17977.61666666656,401.40000000000003,1.0031019346748407
10096,247.0,17980.34999999989,401.44,1.010842832186698
10097,248.0,17983.09999999989,401.48,1.2674549985941874
10098,248.0,17985.85555555544,401.52,1.7726101692861427
10099,247.0,17988.60555555544,401.56,2.1404715993330075
10100,248.0,17991.35555555544,401.6,2.020050106161581
10101,248.0,17994.111111110993,401.64,1.3250271103157223
10102,248.0,17996.86666666655,401.68,1.4504754436429617
10103,249.0,17999.62777777766,401.72,1.7709053541834692
10104,249.0,18002.394444444322,401.76,2.274049589920121
10105,249.0,18005.16111111099,401.8,2.2083794207723213
10106,249.0,18007.927777777655,401.84000000000003,2.2680819093391302
10107,250.0,18010.699999999873,401.88,2.147550328783119
10108,250.0,18013.477777777654,401.92,1.8295380992676487
10109,251.0,18016.26111111099,401.96000000000004,1.7079429790165677
10110,251.0,18019.049999999876,402.0,2.0859734798521488
10111,251.0,18021.838888888768,402.04,2.2101517939458692
10112,251.0,18024.627777777652,402.08,2.0817443128507045
10113,251.0,18027.416666666544,402.12,2.0790342801251778
10114,251.0,18030.205555555436,402.16,1.8877786678867579
10115,253.0,18033.005555555435,402.2,1.9000769510994917
10116,253.0,18035.81666666655,402.24,2.0876021505068216
10117,253.0,18038.627777777663,402.28000000000003,2.084900967061909
10118,253.0,18041.438888888773,402.32,2.2090358920042283
10119,253.0,18044.249999999887,402.36,2.080712490942
10120,253.0,18047.061111111,402.40000000000003,1.7011788088883324
10121,254.0,18049.877777777667,402.44,1.8320481624506504
10122,254.0,18052.69999999989,402.48,1.829558177250011
10123,255.0,18055.52777777767,402.52,2.024526961544538
10124,255.0,18058.361111111004,402.56,2.022071652898306
10125,255.0,18061.19444444434,402.6,1.830478592240662
10126,255.0,18064.027777777672,402.64,1.7662886737434298
10127,255.0,18066.861111111008,402.68,1.8276119378506275
10128,256.0,18069.6999999999,402.72,1.706662547924879
10129,256.0,18072.544444444342,402.76,1.7676721756578089
10130,256.0,18075.38888888879,402.8,2.0180468754508505
10131,257.0,18078.23888888879,402.84000000000003,2.0866496566159856
10132,257.0,18081.094444444345,402.88,2.2740085886193193
10133,257.0,18083.949999999903,402.92,2.2084174841987183
10134,257.0,18086.80555555546,402.96000000000004,2.268226471273163
10135,258.0,18089.66666666657,403.0,2.1475168768179778
10136,258.0,18092.53333333324,403.04,2.145399176357595
10137,259.0,18095.40555555546,403.08,2.277195714057107
10138,259.0,18098.28333333324,403.12,2.210753310501985
10139,259.0,18101.161111111018,403.16,1.9556246730500921
10140,259.0,18104.038888888794,403.2,1.5127066205210193
10141,260.0,18106.92222222213,403.24,1.5807680857975996
10142,260.0,18109.81111111102,403.28000000000003,1.4533904257846557
10143,260.0,18112.699999999906,403.32,1.5151494497797173
10144,260.0,18115.588888888797,403.36,1.4506488563359565
10145,260.0,18118.477777777687,403.40000000000003,1.5758014683907489
10146,261.0,18121.37222222213,403.44,1.5175805757761751
10147,261.0,18124.27222222213,403.48,1.64232631570884
10148,261.0,18127.17222222213,403.52,1.6404968134596138
10149,261.0,18130.07222222213,403.56,1.8281940841487963
10150,262.0,18132.977777777687,403.6,1.8334131427776355
10151,262.0,18135.888888888796,403.64,1.642322843956938
10152,262.0,18138.79999999991,403.68,1.6405003244769325
10153,262.0,18141.71111111102,403.72,1.512734598795007
10154,263.0,18144.627777777685,403.76,1.5807397149539586
10155,263.0,18147.54999999991,403.8,1.4533748022627322
10156,263.0,18150.47222222213,403.84000000000003,1.5151494966290329
10157,263.0,18153.39444444435,403.88,1.450664505308191
10158,263.0,18156.316666666575,403.92,1.2604465047511342
10159,264.0,18159.244444444354,403.96000000000004,1.264802638996857
10160,264.0,18162.177777777684,404.0,1.4533696732966035
10161,264.0,18165.11111111102,404.04,1.515149511892838
10162,264.0,18168.04444444435,404.08,1.4506696425659056
10163,264.0,18170.977777777684,404.12,1.2604547521599538
10164,265.0,18173.916666666573,404.16,1.2647944171088887
10165,265.0,18176.861111111015,404.2,1.4533645830228636
10166,265.0,18179.80555555546,404.24,1.8311192043792777
10167,265.0,18182.749999999905,404.28000000000003,2.018397440809341
10168,265.0,18185.694444444347,404.32,2.016047215636998
10169,266.0,18188.644444444348,404.36,1.8319924312560987
10170,266.0,18191.599999999904,404.40000000000003,1.8296147746451656
10171,267.0,18194.561111111012,404.44,1.707739269519672
10172,267.0,18197.52777777768,404.48,1.4532546674493276
10173,267.0,18200.494444444343,404.52,1.389360830808744
10174,267.0,18203.46111111101,404.56,1.1363631225878532
10175,267.0,18206.427777777677,404.6,1.3884150470192171
10176,267.0,18209.39444444434,404.64,1.4507827402559303
10177,267.0,18212.361111111008,404.68,1.3860545275685172
10178,268.0,18215.33333333323,404.72,1.26339515327604
10179,268.0,18218.311111111005,404.76,1.3886981133656051
10180,269.0,18221.29444444434,404.8,1.7095695213683015
10181,269.0,18224.283333333227,404.84000000000003,1.834587608504794
10182,268.0,18227.266666666557,404.88,1.763128838728962
10183,268.0,18230.244444444335,404.92,1.5101288158103314
10184,269.0,18233.22777777767,404.96000000000004,1.4512817404389586
10185,270.0,18236.22222222211,405.0,1.2656921045353398
10186,270.0,18239.22222222211,405.04,1.643957126656877
10187,270.0,18242.222222222106,405.08,1.8945741156894533
10188,270.0,18245.222222222106,405.12,1.6405286067293827
10189,270.0,18248.222222222106,405.16,1.1982433282315075
10190,270.0,18251.222222222103,405.2,1.2609266611049275
10191,271.0,18254.227777777658,405.24,1.201145522889102
10192,271.0,18257.23888888877,405.28000000000003,1.073771415287304
10193,271.0,18260.249999999876,405.32,0.8836597294023906
10194,271.0,18263.261111110987,405.36,0.9464930187376994
10195,272.0,18266.277777777654,405.40000000000003,1.2031538296037654
10196,271.0,18269.294444444316,405.44,1.2614400333028246
10197,271.0,18272.305555555427,405.48,1.1972041505328852
10198,271.0,18275.316666666535,405.52,1.0702509215422966
10199,272.0,18278.3333333332,405.56,0.884014508270454
10200,273.0,18281.361111110982,405.6,0.9503548573210766
10201,273.0,18284.39444444431,405.64,1.5828669105225297
10202,272.0,18287.422222222092,405.68,1.7019838210593146
10203,272.0,18290.444444444318,405.72,1.6376898930139225
10204,272.0,18293.466666666536,405.76,1.3849054985306328
10205,273.0,18296.494444444317,405.8,1.325798477982685
10206,274.0,18299.53333333321,405.84000000000003,1.5189778704361445
10207,274.0,18302.57777777765,405.88,1.9597321032253152
10208,274.0,18305.622222222097,405.92,1.8945648924522613
10209,274.0,18308.666666666544,405.96000000000004,1.6405415525053098
10210,274.0,18311.711111110984,406.0,1.1982615946318498
10211,274.0,18314.75555555543,406.04,0.945557195942106
10212,275.0,18317.805555555427,406.08,0.94837975718999
10213,275.0,18320.861111110986,406.12,0.8845980897194191
10214,275.0,18323.916666666544,406.16,0.7578258971978457
10215,275.0,18326.972222222095,406.2,0.8839550771952136
10216,275.0,18330.027777777654,406.24,0.8837213350384068
10217,275.0,18333.083333333212,406.28000000000003,0.757325021867994
10218,275.0,18336.138888888763,406.32,0.8830787668119121
10219,275.0,18339.19444444432,406.36,0.9455623273967272
10220,276.0,18342.255555555435,406.40000000000003,1.264707912746179
10221,276.0,18345.3222222221,406.44,1.4533110235375415
10222,276.0,18348.38888888877,406.48,1.515149682301926
10223,276.0,18351.455555555433,406.52,1.4507283848915953
10224,276.0,18354.522222222102,406.56,1.2605490644878823
10225,277.0,18357.594444444327,406.6,0.9483695666119962
10226,277.0,18360.672222222103,406.64,1.2007156638213472
10227,277.0,18363.749999999884,406.68,1.3262353536708038
10228,277.0,18366.827777777664,406.72,1.3252781299742928
10229,277.0,18369.90555555544,406.76,1.198274948330285
10230,277.0,18372.98333333322,406.8,0.9455724792611793
10231,278.0,18376.066666666557,406.84000000000003,0.9483645263595742
10232,278.0,18379.155555555444,406.88,1.2007112714943817
10233,278.0,18382.244444444335,406.92,1.3262336380414688
10234,278.0,18385.333333333227,406.96000000000004,1.3252798575810985
10235,278.0,18388.422222222114,407.0,1.1982793355356554
10236,278.0,18391.511111111005,407.04,0.9455775004694789
10237,279.0,18394.60555555545,407.08,0.9483595222717981
10238,279.0,18397.70555555545,407.12,0.8845871972870092
10239,279.0,18400.805555555453,407.16,1.0737566290333918
10240,279.0,18403.90555555545,407.2,1.1363631658326545
10241,279.0,18407.005555555454,407.24,1.0727075274610531
10242,279.0,18410.105555555456,407.28000000000003,0.8830896567146496
10243,279.0,18413.205555555454,407.32,0.9455824857172231
10244,280.0,18416.311111111012,407.36,0.9483545539611133
10245,280.0,18419.422222222125,407.40000000000003,1.2007025809897314
10246,280.0,18422.533333333235,407.44,1.3262302434819107
10247,280.0,18425.644444444348,407.48,1.3252832757117616
10248,280.0,18428.755555555457,407.52,1.1982880159622413
10249,280.0,18431.86666666657,407.56,0.9455874353892788
10250,281.0,18434.98333333324,407.6,1.2646708338006858
10251,281.0,18438.10555555546,407.64,1.4532880639868078
10252,281.0,18441.227777777684,407.68,1.5151497469471582
10253,281.0,18444.349999999908,407.72,1.4507513795580442
10254,281.0,18447.472222222128,407.76,1.2605859864094657
10255,282.0,18450.599999999908,407.8,1.2646635759598568
10256,282.0,18453.733333333243,407.84000000000003,1.453283569738818
10257,282.0,18456.866666666574,407.88,1.515149759465134
10258,282.0,18459.99999999991,407.92,1.4507558806062293
10259,282.0,18463.133333333244,407.96000000000004,1.2605932138441442
10260,283.0,18466.27222222213,408.0,1.2646563694638777
10261,283.0,18469.416666666577,408.04,1.4532791072417488
10262,283.0,18472.56111111102,408.08,1.5151497718508082
10263,283.0,18475.705555555465,408.12,1.4507603498321155
10264,283.0,18478.84999999991,408.16,1.260600390255103
10265,284.0,18481.99999999991,408.2,0.9483350309228478
10266,284.0,18485.155555555466,408.24,1.2006855672867114
10267,284.0,18488.311111111023,408.28000000000003,1.3262235975502041
10268,284.0,18491.466666666576,408.32,1.3252899673008935
10269,284.0,18494.622222222133,408.36,1.1983050101429171
10270,284.0,18497.77777777769,408.40000000000003,0.9456068858331976
10271,285.0,18500.9388888888,408.44,0.9483302358696323
10272,285.0,18504.105555555467,408.48,0.8845714319547933
10273,285.0,18507.27222222213,408.52,0.757817130499847
10274,285.0,18510.4388888888,408.56,0.8839509887161285
10275,285.0,18513.605555555467,408.6,0.8837254480235658
10276,285.0,18516.77222222213,408.64,0.44170773397468244
10277,285.0,18519.9388888888,408.68,0.3153848605550046
10278,285.0,18523.105555555467,408.72,0.18918268160506815
10279,286.0,18526.277777777686,408.76,0.3797050959287799
10280,286.0,18529.455555555465,408.8,0.8227204807080442
10281,285.0,18532.62777777769,408.84000000000003,1.1347701470458178
10282,285.0,18535.794444444353,408.88,1.3230970424968915
10283,285.0,18538.96111111102,408.92,1.3850868170027566
10284,286.0,18542.133333333244,408.96000000000004,1.32579675952884
10285,287.0,18545.316666666575,409.0,1.8355128358287316
10286,287.0,18548.505555555465,409.04,2.212183055336699
10287,287.0,18551.69444444435,409.08,1.767337293047861
10288,287.0,18554.88333333324,409.12,1.1982409535820153
10289,287.0,18558.07222222213,409.16,0.8197979079195602
10290,288.0,18561.266666666572,409.2,0.6327510565677851
10291,288.0,18564.466666666573,409.24,0.6957840098955678
10292,287.0,18567.661111111018,409.28000000000003,0.6931050470251138
10293,287.0,18570.849999999904,409.32,0.6298764609320023
10294,288.0,18574.04444444435,409.36,0.5055291148832671
10295,288.0,18577.24444444435,409.40000000000003,0.31592574022791003
10296,288.0,18580.444444444347,409.44,0.7580540701754889
10297,288.0,18583.644444444348,409.48,1.1363631947818085
10298,288.0,18586.844444444345,409.52,1.0727239347047313
10299,288.0,18590.044444444346,409.56,0.8831130530577623
10300,288.0,18593.244444444346,409.6,0.9456257964812215
10301,289.0,18596.4499999999,409.64,0.9483113877931517
10302,289.0,18599.66111111101,409.68,0.8845612854268147
10303,289.0,18602.872222222122,409.72,0.7578137935005897
10304,289.0,18606.08333333323,409.76,0.5681638023236658
10305,289.0,18609.294444444342,409.8,0.6313131032022503
10306,289.0,18612.505555555454,409.84000000000003,0.5681995484324425
10307,289.0,18615.71666666656,409.88,0.44171066090891653
10308,289.0,18618.927777777673,409.92,0.31538861910175664
10309,289.0,18622.138888888785,409.96000000000004,0.5045742321491895
10310,290.0,18625.35555555545,410.0,0.6327411184107086
10311,290.0,18628.57777777767,410.04,0.6957747549857193
10312,289.0,18631.794444444335,410.08,0.6931142996215691
10313,289.0,18635.005555555446,410.12,0.6298863818104932
10314,290.0,18638.222222222113,410.16,0.5055258117806479
10315,290.0,18641.444444444332,410.2,0.6319467857928236
10316,290.0,18644.666666666555,410.24,1.0106072720968045
10317,290.0,18647.888888888778,410.28000000000003,1.3252996579961394
10318,290.0,18651.111111110997,410.32,1.1983296226526103
10319,290.0,18654.33333333322,410.36,0.9456350563554197
10320,291.0,18657.561111110997,410.40000000000003,1.2646005023564857
10321,291.0,18660.794444444327,410.44,1.453244510969524
10322,291.0,18664.02777777766,410.48,1.5151498663858243
10323,291.0,18667.26111111099,410.52,1.450794997457262
10324,291.0,18670.494444444324,410.56,1.2606560277415824
10325,292.0,18673.733333333214,410.6,0.9482975909187245
10326,292.0,18676.977777777654,410.64,0.8845538579692621
10327,292.0,18680.2222222221,410.68,0.7578113506806192
10328,292.0,18683.466666666543,410.72,0.5681639888719009
10329,292.0,18686.711111110984,410.76,0.3156074132832786
10330,292.0,18689.95555555543,410.8,-4.363623559878766e-14
10331,292.0,18693.199999999873,410.84000000000003,3.788587408081637e-14
10332,292.0,18696.444444444314,410.88,-3.143527484158807e-14
10333,292.0,18699.68888888876,410.92,-4.377872534315784e-14
10334,292.0,18702.933333333203,410.96000000000004,5.6117893347790755e-14
10335,292.0,18706.177777777644,411.0,1.0569307573853486e-14
10336,292.0,18709.42222222209,411.04,-2.1877975019051798e-15
10337,292.0,18712.66666666653,411.08,1.6508816428249667e-14
10338,292.0,18715.911111110974,411.12,-1.2255671282624623e-14
10339,292.0,18719.15555555542,411.16,3.35425380317876e-14
10340,292.0,18722.39999999986,411.2,0.3157056874342685
10341,292.0,18725.644444444304,411.24,0.2524937903661906
10342,292.0,18728.88888888875,411.28000000000003,0.5049560939044734
10343,292.0,18732.13333333319,411.32,0.6941200761397934
10344,292.0,18735.377777777634,411.36,0.8199663951510833
10345,293.0,18738.627777777634,411.40000000000003,0.8855964887949775
10346,292.0,18741.87777777763,411.44,0.8820803659651302
10347,293.0,18745.12777777763,411.48,0.8214458372566901
10348,293.0,18748.383333333182,411.52,0.6947675784550661
10349,293.0,18751.638888888738,411.56,0.5051444585801426
10350,293.0,18754.894444444293,411.6,0.2525565785703552
10351,293.0,18758.149999999845,411.64,0.31560758109079634
10352,293.0,18761.4055555554,411.68,-1.1235177288292695e-14
10353,293.0,18764.661111110956,411.72,2.680281252439135e-14
10354,293.0,18767.916666666508,411.76,1.4121682305813921e-14
10355,293.0,18771.172222222063,411.8,-4.1243023089259594e-14
10356,293.0,18774.42777777762,411.84000000000003,3.1577018638045824e-14
10357,293.0,18777.68333333317,411.88,0.31570551983521633
10358,293.0,18780.938888888726,411.92,0.5681993083022027
10359,293.0,18784.19444444428,411.96000000000004,0.7573404425447982
10360,293.0,18787.449999999833,412.0,0.8831254299995472
10361,293.0,18790.70555555539,412.04,0.9456487093517302
10362,294.0,18793.966666666496,412.08,0.9482885495678702
10363,294.0,18797.233333333166,412.12,0.8845489905466138
10364,294.0,18800.499999999836,412.16,0.7578097497990212
10365,294.0,18803.7666666665,412.2,0.5681641111054789
10366,294.0,18807.03333333317,412.24,0.31560774775609984
10367,294.0,18810.29999999984,412.28000000000003,3.596496465545312e-14
10368,294.0,18813.566666666502,412.32,2.740302450011471e-14
10369,294.0,18816.833333333172,412.36,3.752281546965329e-14
10370,294.0,18820.099999999842,412.40000000000003,1.6774910595065167e-14
10371,294.0,18823.366666666505,412.44,-1.4128137446531385e-14
10372,294.0,18826.633333333175,412.48,-1.2845287589573979e-14
10373,294.0,18829.899999999838,412.52,-2.019374895574729e-14
10374,294.0,18833.166666666508,412.56,1.701100505688277e-14
10375,294.0,18836.433333333178,412.6,-3.52545605279317e-14
10376,294.0,18839.69999999984,412.64,-1.0937750147740922e-14
10377,294.0,18842.96666666651,412.68,-2.203677739548302e-14
10378,294.0,18846.23333333318,412.72,8.994728051714762e-15
10379,294.0,18849.499999999844,412.76,-4.6203438311404615e-15
10380,294.0,18852.766666666514,412.8,6.739583638305327e-14
10381,294.0,18856.033333333184,412.84000000000003,-6.062100124022019e-15
10382,294.0,18859.299999999846,412.88,7.504157257710508e-15
10383,294.0,18862.566666666517,412.92,-4.534694195731091e-15
10384,294.0,18865.833333333187,412.96000000000004,7.006950276156841e-16
10385,294.0,18869.09999999985,413.0,1.7679183914248165e-14
10386,294.0,18872.36666666652,413.04,1.7758529951047903e-14
10387,294.0,18875.633333333182,413.08,-2.393484986732952e-14
10388,294.0,18878.899999999852,413.12,1.1532871497516299e-15
10389,294.0,18882.166666666522,413.16,0.3157053533756462
10390,294.0,18885.433333333185,413.2,0.5681992492820138
10391,294.0,18888.699999999855,413.24,0.7573412438221561
10392,294.0,18891.966666666525,413.28000000000003,0.5676374512211033
10393,294.0,18895.233333333188,413.32,0.3782496950785746
10394,295.0,18898.505555555414,413.36,0.5059859133111607
10395,295.0,18901.783333333195,413.40000000000003,0.5691112045932826
10396,295.0,18905.06111111097,413.44,0.5689707375789795
10397,294.0,18908.333333333194,413.48,0.5039285141629218
10398,294.0,18911.599999999857,413.52,0.3778997450327809
10399,295.0,18914.872222222082,413.56,0.18959839094580702
10400,295.0,18918.149999999863,413.6,-5.559578839546614e-14
10401,295.0,18921.427777777637,413.64,0.18950485792504512
10402,295.0,18924.705555555418,413.68,0.3789045652109059
10403,295.0,18927.9833333332,413.72,0.18945814899282112
10404,295.0,18931.261111110973,413.76,-0.06316829468931043
10405,294.0,18934.5333333332,413.8,-0.31473201170212173
10406,295.0,18937.805555555424,413.84000000000003,-0.18952826385104085
10407,295.0,18941.083333333198,413.88,-0.06318388193416767
10408,295.0,18944.36111111098,413.92,0.06318388193418538
10409,295.0,18947.63888888876,413.96000000000004,0.18952826385109128
10410,294.0,18950.911111110978,414.0,0.3147320117020917
10411,295.0,18954.183333333203,414.04,-0.252634234060553
10412,295.0,18957.461111110977,414.08,-0.4421234960934848
10413,295.0,18960.738888888758,414.12,-0.5685495763361854
10414,295.0,18964.01666666654,414.16,-0.31599729563650897
10415,295.0,18967.294444444313,414.2,-0.06321115947712179
10416,294.0,18970.56666666654,414.24,-0.18907230490188062
10417,294.0,18973.83333333321,414.28000000000003,1.0700594297804919e-13
10418,294.0,18977.09999999987,414.32,0.18907230490192967
10419,295.0,18980.372222222097,414.36,0.379325431567458
10420,295.0,18983.649999999878,414.40000000000003,0.5687248814119075
10421,295.0,18986.92777777765,414.44,0.757808957489318
10422,295.0,18990.205555555433,414.48,0.5681641715963343
10423,295.0,18993.483333333206,414.52,0.3156079132916481
10424,295.0,18996.761111110987,414.56,8.477365834460312e-14
10425,295.0,19000.03888888877,414.6,-5.502766721696466e-15
10426,295.0,19003.316666666542,414.64,5.033752502255629e-14
10427,295.0,19006.594444444323,414.68,4.5156385389070565e-15
10428,295.0,19009.872222222104,414.72,-8.783454772968426e-15
10429,295.0,19013.149999999878,414.76,1.8507734517404483e-14
10430,295.0,19016.42777777766,414.8,-4.000428117792326e-14
10431,295.0,19019.70555555544,414.84000000000003,-6.973903375543702e-16
10432,295.0,19022.983333333214,414.88,1.7513786108002842e-14
10433,295.0,19026.261111110995,414.92,-9.473038910425461e-15
10434,295.0,19029.538888888776,414.96000000000004,1.324356938883668e-14
10435,295.0,19032.81666666655,415.0,-4.607804460781004e-14
10436,295.0,19036.09444444433,415.04,2.0493821417354847e-15
10437,295.0,19039.372222222104,415.08,2.9915828138790096e-15
10438,295.0,19042.649999999885,415.12,-4.334999746696074e-14
10439,295.0,19045.927777777666,415.16,0.31570518804448766
10440,295.0,19049.20555555544,415.2,0.2524941104655286
10441,295.0,19052.48333333322,415.24,0.18932974633806113
10442,295.0,19055.761111111,415.28000000000003,0.12620039212196857
10443,295.0,19059.038888888776,415.32,0.06309436586687556
10444,296.0,19062.322222222112,415.36,1.9836809079905312e-14
10445,295.0,19065.60555555545,415.40000000000003,-0.06309436586678104
10446,295.0,19068.883333333222,415.44,-0.1262003921219164
10447,295.0,19072.161111111003,415.48,-0.18932974633799385
10448,295.0,19075.438888888777,415.52,-0.2524941104653124
10449,295.0,19078.716666666558,415.56,-0.3157051880444925
10450,295.0,19081.99444444434,415.6,-1.292094005956083e-14
10451,295.0,19085.272222222113,415.64,-6.888621782233833e-14
10452,295.0,19088.549999999894,415.68,-2.9430006013966074e-15
10453,295.0,19091.827777777675,415.72,3.592296385581517e-14
10454,295.0,19095.10555555545,415.76,-2.4966056046339403e-14
10455,295.0,19098.38333333323,415.8,-2.520689500139539e-14
10456,295.0,19101.66111111101,415.84000000000003,-1.254001436563149e-14
10457,295.0,19104.938888888784,415.88,0.3157051880445508
10458,295.0,19108.216666666565,415.92,0.2524941104654498
10459,295.0,19111.494444444346,415.96000000000004,0.18932974633794267
10460,295.0,19114.77222222212,416.0,0.12620039212189152
10461,295.0,19118.0499999999,416.04,0.06309436586671323
10462,296.0,19121.33333333323,416.08,0.3165802322971827
10463,295.0,19124.616666666567,416.12,0.5047704420707686
10464,295.0,19127.894444444348,416.16,0.6308075461555
10465,295.0,19131.17222222212,416.2,0.37829815101902553
10466,295.0,19134.449999999903,416.24,0.12606834383255983
10467,296.0,19137.73333333324,416.28000000000003,-0.12649569415080256
10468,296.0,19141.022222222124,416.32,0.3162100467646373
10469,296.0,19144.311111111016,416.36,0.3794404126704386
10470,295.0,19147.594444444352,416.40000000000003,0.378135252410725
10471,295.0,19150.872222222126,416.44,0.31510299133683206
10472,295.0,19154.149999999907,416.48,-0.1260295655445243
10473,296.0,19157.433333333236,416.52,-0.1896560122218478
10474,296.0,19160.722222222128,416.56,0.1264412301848876
10475,296.0,19164.01111111102,416.6,0.44242184161148584
10476,296.0,19167.299999999905,416.64,0.37918377864855785
10477,295.0,19170.58333333324,416.68,0.2519351706381863
10478,295.0,19173.861111111022,416.72,0.06299346937252016
10479,296.0,19177.14444444435,416.76,0.1895976996425967
10480,296.0,19180.433333333243,416.8,0.31591846131844553
10481,296.0,19183.722222222135,416.84000000000003,0.44212276614504326
10482,296.0,19187.01111111102,416.88,0.5681642316751031
10483,296.0,19190.299999999912,416.92,0.3156080777083289
10484,296.0,19193.588888888804,416.96000000000004,7.395066868879321e-14
10485,296.0,19196.87777777769,417.0,7.830168691707407e-15
10486,296.0,19200.16666666658,417.04,4.705451483476153e-14
10487,296.0,19203.455555555465,417.08,0.31570502383009846
10488,296.0,19206.744444444357,417.12,0.5681991324294371
10489,296.0,19210.03333333325,417.16,0.7573428301182832
10490,296.0,19213.322222222134,417.2,0.5676411275468847
10491,296.0,19216.611111111026,417.24,0.3782533274360045
10492,297.0,19219.905555555473,417.28000000000003,0.18971323998899553
10493,297.0,19223.20555555547,417.32,9.66838995075837e-14
10494,297.0,19226.50555555547,417.36,0.12649490807554475
10495,296.0,19229.79999999992,417.40000000000003,0.18913250255193256
10496,296.0,19233.088888888804,417.44,-0.12608446800692488
10497,296.0,19236.377777777696,417.48,-0.4414174792926284
10498,296.0,19239.66666666658,417.52,-0.06307511987689467
10499,297.0,19242.961111111028,417.56,0.31640222203742313
10500,297.0,19246.26111111103,417.6,0.6957433460964647
10501,296.0,19249.55555555547,417.64,0.6931457007780683
10502,296.0,19252.844444444363,417.68,0.629920051342722
10503,297.0,19256.13888888881,417.72,0.5055146014929748
10504,297.0,19259.438888888806,417.76,0.31591757904160284
10505,297.0,19262.73888888881,417.8,0.44212208075266346
10506,297.0,19266.038888888812,417.84000000000003,0.5681642913461951
10507,297.0,19269.338888888808,417.88,0.31560824101726787
10508,297.0,19272.63888888881,417.92,2.4088598041499512e-14
10509,297.0,19275.938888888813,417.96000000000004,5.607485007930665e-14
10510,297.0,19279.23888888881,418.0,1.0349254334804972e-14
10511,297.0,19282.538888888812,418.04,1.5847129738712275e-14
10512,297.0,19285.838888888808,418.08,-4.663716906663272e-14
10513,297.0,19289.13888888881,418.12,-2.5289718083908757e-14
10514,297.0,19292.438888888813,418.16,-6.404818356890794e-14
10515,297.0,19295.73888888881,418.2,-9.119096948391134e-15
10516,297.0,19299.038888888812,418.24,-6.390417011769679e-15
10517,297.0,19302.338888888815,418.28000000000003,3.1336177398308097e-15
10518,297.0,19305.63888888881,418.32,2.3477771035276748e-14
10519,297.0,19308.938888888813,418.36,-4.0682423849114037e-16
10520,297.0,19312.238888888816,418.40000000000003,-2.2290158764148953e-14
10521,297.0,19315.538888888812,418.44,3.0501392190694104e-15
10522,297.0,19318.838888888815,418.48,-3.208198347868872e-14
10523,297.0,19322.13888888881,418.52,-5.91524888168005e-14
10524,297.0,19325.438888888813,418.56,0.315704860721315
10525,297.0,19328.738888888816,418.6,0.2524943202706958
10526,297.0,19332.038888888812,418.64,0.1893301785589467
10527,297.0,19335.338888888815,418.68,0.12620081106188982
10528,297.0,19338.638888888818,418.72,0.06309461455524314
10529,298.0,19341.94444444437,418.76,-3.8875258180932414e-14
10530,297.0,19345.249999999927,418.8,0.25241707181843254
10531,297.0,19348.54999999993,418.84000000000003,0.44171631753677454
10532,297.0,19351.849999999926,418.88,0.2523244055964726
10533,297.0,19355.14999999993,418.92,0.0630714562671159
10534,297.0,19358.44999999993,418.96000000000004,-0.12614677011534225
10535,298.0,19361.755555555483,419.0,0.06326833443141724
10536,298.0,19365.066666666597,419.04,0.253112056449308
10537,297.0,19368.372222222148,419.08,0.37839402717643367
10538,297.0,19371.67222222215,419.12,0.441419166990347
10539,297.0,19374.972222222154,419.16,0.12608506712010306
10540,297.0,19378.27222222215,419.2,-0.18913338174568514
10541,298.0,19381.577777777708,419.24,0.1897701944787951
10542,298.0,19384.88888888882,419.28000000000003,0.5691018345308007
10543,298.0,19388.199999999928,419.32,0.5689627855214253
10544,297.0,19391.505555555486,419.36,0.5039398231986163
10545,297.0,19394.80555555549,419.40000000000003,0.06297516752077888
10546,298.0,19398.11111111104,419.44,-0.06320650481823503
10547,298.0,19401.422222222154,419.48,0.1264091487540813
10548,298.0,19404.73333333326,419.52,0.31595532295864887
10549,298.0,19408.044444444375,419.56,0.5053279224520181
10550,297.0,19411.349999999933,419.6,-6.304072335179738e-13
10551,298.0,19414.655555555484,419.64,-0.505327922452116
10552,298.0,19417.966666666598,419.68,-0.3159553229586942
10553,298.0,19421.277777777712,419.72,-0.12640914875434822
10554,298.0,19424.58888888882,419.76,0.06320650481807844
10555,297.0,19427.894444444377,419.8,0.2519391352533209
10556,297.0,19431.19444444438,419.84000000000003,0.06299439570135328
10557,298.0,19434.49999999993,419.88,0.1895963309676087
10558,298.0,19437.811111111045,419.92,0.31591670268878785
10559,298.0,19441.12222222216,419.96000000000004,0.44212139996001326
10560,298.0,19444.433333333265,420.0,0.5681643506139378
10561,298.0,19447.74444444438,420.04,0.31560840323003025
10562,298.0,19451.055555555486,420.08,-4.0278033020600434e-14
10563,298.0,19454.3666666666,420.12,1.3248164107953548e-14
10564,298.0,19457.677777777713,420.16,8.911621184591717e-16
10565,298.0,19460.98888888882,420.2,-1.6200190824269757e-15
10566,298.0,19464.299999999934,420.24,3.684916457521087e-15
10567,298.0,19467.611111111048,420.28000000000003,-2.7045115715905917e-14
10568,298.0,19470.922222222154,420.32,-3.5095999816681774e-14
10569,298.0,19474.233333333268,420.36,5.994041326356441e-14
10570,298.0,19477.544444444382,420.40000000000003,-1.1735155198294638e-14
10571,298.0,19480.85555555549,420.44,4.693264241842376e-15
10572,298.0,19484.166666666602,420.48,4.093772651413685e-14
10573,298.0,19487.47777777771,420.52,8.978884503587496e-14
10574,298.0,19490.788888888823,420.56,2.3737431662856465e-14
10575,298.0,19494.099999999937,420.6,-4.2453270537376755e-15
10576,298.0,19497.411111111043,420.64,-1.362316433767763e-14
10577,298.0,19500.722222222157,420.68,-4.44597517010212e-16
10578,298.0,19504.03333333327,420.72,-3.2409697805899634e-14
10579,298.0,19507.344444444378,420.76,7.75761317368804e-15
10580,298.0,19510.65555555549,420.8,-6.544375295342475e-15
10581,298.0,19513.966666666605,420.84000000000003,0.3157046987068905
10582,298.0,19517.277777777712,420.88,0.2524944241170418
10583,298.0,19520.588888888826,420.92,0.18933039249443018
10584,298.0,19523.89999999994,420.96000000000004,0.12620101842395595
10585,298.0,19527.211111111046,421.0,0.06309473764845425
10586,299.0,19530.527777777716,421.04,5.923935412290551e-14
10587,298.0,19533.844444444378,421.08,0.2524174347295775
10588,298.0,19537.15555555549,421.12,0.44171699823307603
10589,298.0,19540.466666666605,421.16,0.2523250791715433
10590,298.0,19543.777777777712,421.2,0.06307165697101973
10591,298.0,19547.088888888826,421.24,-0.12614715860182285
10592,299.0,19550.405555555495,421.28000000000003,0.37966512713691714
10593,299.0,19553.727777777713,421.32,0.506158473940191
10594,298.0,19557.044444444382,421.36,0.5674027967291186
10595,298.0,19560.355555555496,421.40000000000003,0.2520791874440803
10596,298.0,19563.666666666602,421.44,-0.06301404005236558
10597,299.0,19566.98333333327,421.48,-0.06324860740758752
10598,299.0,19570.30555555549,421.52,0.25297131245326354
10599,299.0,19573.627777777714,421.56,0.5689601703404871
10600,298.0,19576.944444444383,421.6,0.5039435423853427
10601,298.0,19580.25555555549,421.64,0.3779116394741396
10602,299.0,19583.57222222216,421.68,-0.12637788077981132
10603,299.0,19586.894444444384,421.72,-0.25272498131971555
10604,299.0,19590.2166666666,421.76,5.5304605175445416e-14
10605,299.0,19593.538888888826,421.8,0.25272498131990245
10606,299.0,19596.86111111105,421.84000000000003,0.12637788077992781
10607,298.0,19600.177777777713,421.88,-0.06299485421260803
10608,298.0,19603.488888888827,421.92,0.06299485421267632
10609,299.0,19606.805555555497,421.96000000000004,-0.12637788077981565
10610,299.0,19610.127777777714,422.0,-0.252724981319724
10611,299.0,19613.44999999994,422.04,-8.78987035265166e-15
10612,299.0,19616.772222222156,422.08,0.25272498131994187
10613,299.0,19620.09444444438,422.12,0.12637788077992104
10614,298.0,19623.41111111105,422.16,-0.06299485421265037
10615,298.0,19626.722222222157,422.2,-0.2519410976498159
10616,299.0,19630.038888888826,422.24,-0.3791798028341839
10617,299.0,19633.36111111105,422.28000000000003,-0.4424167936445966
10618,299.0,19636.68333333327,422.32,-0.4424706007423284
10619,299.0,19640.005555555494,422.36,-0.3792950755807715
10620,298.0,19643.322222222163,422.40000000000003,-0.630351274579862
10621,298.0,19646.63333333327,422.44,-1.198360898032153
10622,298.0,19649.944444444383,422.48,-1.3253119709226493
10623,298.0,19653.25555555549,422.52,-1.3262017395095773
10624,298.0,19656.566666666604,422.56,-1.2006296171495243
10625,298.0,19659.877777777718,422.6,-1.2641677279174082
10626,297.0,19663.18333333327,422.64,-1.5130192707327825
10627,297.0,19666.48333333327,422.68,-2.270914950121766
10628,297.0,19669.783333333275,422.72,-2.7789587034215923
10629,297.0,19673.08333333327,422.76,-2.720547427872711
10630,296.0,19676.377777777718,422.8,-1.8320947986160487
10631,296.0,19679.66666666661,422.84000000000003,-0.8853579650806244
10632,294.0,19682.944444444383,422.88,0.06285698720693551
10633,294.0,19686.211111111053,422.92,0.6283570738881596
10634,295.0,19689.48333333328,422.96000000000004,1.1968710158805067
10635,297.0,19692.772222222164,423.0,1.7732052908274027
10636,297.0,19696.072222222167,423.04,1.9602424541915855
10637,298.0,19699.377777777718,423.08,2.0902760327964147
10638,297.0,19702.683333333276,423.12,1.387781869389082
10639,297.0,19705.98333333328,423.16,0.18921425445211934
10640,297.0,19709.283333333275,423.2,-0.4418244317756428
10641,297.0,19712.583333333278,423.24,-0.4420138063197979
10642,297.0,19715.88333333328,423.28000000000003,-0.44220334327308547
10643,297.0,19719.183333333276,423.32,-0.06316804554050508
10644,296.0,19722.477777777724,423.36,3.2788312421477804e-14
10645,297.0,19725.77222222217,423.40000000000003,0.0631680455405006
10646,297.0,19729.072222222167,423.44,0.4422033432732296
10647,297.0,19732.37222222217,423.48,0.7578538121236393
10648,297.0,19735.672222222165,423.52,1.009914948155019
10649,297.0,19738.972222222168,423.56,1.1983570807252875
10650,297.0,19742.27222222217,423.6,0.6303480397124271
10651,298.0,19745.577777777722,423.64,0.3792967791222311
10652,298.0,19748.888888888836,423.68,0.12640136985029884
10653,298.0,19752.19999999995,423.72,-0.12640136985014558
10654,298.0,19755.511111111056,423.76,-0.37929677912226334
10655,297.0,19758.816666666615,423.8,-0.31522222045515746
10656,297.0,19762.116666666618,423.84000000000003,-0.6307336354658833
10657,297.0,19765.416666666613,423.88,-0.5678166550884396
10658,297.0,19768.716666666616,423.92,-0.44171631753699875
10659,297.0,19772.01666666662,423.96000000000004,-0.25241707181843315
10660,298.0,19775.32222222217,424.0,0.3165740152851
10661,297.0,19778.62777777773,424.04,0.5047723274258187
10662,297.0,19781.927777777724,424.08,0.6308109491394468
10663,297.0,19785.227777777727,424.12,0.6936585872767059
10664,297.0,19788.52777777773,424.16,0.6934041039630549
10665,298.0,19791.83333333328,424.2,0.31609033609347215
10666,298.0,19795.144444444395,424.24,0.6318911239298094
10667,298.0,19798.45555555551,424.28000000000003,0.5685458734815969
10668,298.0,19801.766666666615,424.32,0.44212143907003537
10669,298.0,19805.07777777773,424.36,-0.0631486416630718
10670,297.0,19808.383333333288,424.40000000000003,-0.2518622366404393
10671,298.0,19811.68888888884,424.44,-0.44225645033696404
10672,298.0,19814.999999999953,424.48,-0.5687195759986263
10673,298.0,19818.31111111106,424.52,-0.6320842917832495
10674,297.0,19821.616666666618,424.56,-0.6301556173428795
10675,298.0,19824.922222222176,424.6,-0.5692060807823383
10676,297.0,19828.227777777727,424.64,-0.819978859272075
10677,297.0,19831.52777777773,424.68,-0.6941255379327375
10678,297.0,19834.827777777733,424.72,-0.5049576844410568
10679,297.0,19838.12777777773,424.76,-0.2524943202708173
10680,297.0,19841.42777777773,424.8,-0.3157048607213503
10681,297.0,19844.727777777734,424.84000000000003,-3.997987754584631e-15
10682,297.0,19848.02777777773,424.88,-9.656899215316731e-15
10683,297.0,19851.327777777733,424.92,1.788603622996625e-14
10684,297.0,19854.627777777736,424.96000000000004,-1.1078003892616557e-15
10685,297.0,19857.92777777773,425.0,0.3157048607214088
10686,297.0,19861.227777777734,425.04,0.5681990745883474
10687,297.0,19864.52777777773,425.08,0.7573436152456124
10688,297.0,19867.827777777733,425.12,0.8831350315226778
10689,297.0,19871.127777777736,425.16,0.9456664846771383
10690,298.0,19874.433333333287,425.2,0.9482708312684696
10691,298.0,19877.7444444444,425.24,0.5685456639756211
10692,298.0,19881.055555555515,425.28000000000003,0.18944582517863512
10693,298.0,19884.36666666662,425.32,-0.18944582517861477
10694,298.0,19887.677777777735,425.36,-0.8842690496609595
10695,298.0,19890.98888888885,425.40000000000003,-1.5171858838063388
10696,297.0,19894.2944444444,425.44,-2.017727163675035
10697,297.0,19897.594444444403,425.48,-2.335780290421086
10698,297.0,19900.8944444444,425.52,-2.781172701589704
10699,296.0,19904.188888888846,425.56,-2.965428679226408
10700,296.0,19907.477777777738,425.6,-3.2225519463146144
10701,295.0,19910.761111111067,425.64,-3.46846116386518
10702,295.0,19914.03888888885,425.68,-3.7280544118199033
10703,294.0,19917.311111111074,425.72,-3.6600068772221257
10704,294.0,19920.577777777737,425.76,-3.603028896025946
10705,293.0,19923.83888888885,425.8,-4.16456947380172
10706,292.0,19927.08888888885,425.84000000000003,-4.59895027176756
10707,292.0,19930.333333333292,425.88,-5.241303156984876
10708,292.0,19933.577777777737,425.92,-5.382334016075964
10709,291.0,19936.816666666626,425.96000000000004,-5.380696897513875
10710,289.0,19940.038888888845,426.0,-5.546735765295797
10711,288.0,19943.2444444444,426.04,-6.172333278406663
10712,287.0,19946.438888888842,426.08,-6.864424758620271
10713,287.0,19949.627777777732,426.12,-6.953541801133786
10714,287.0,19952.816666666622,426.16,-6.7232890243176255
10715,285.0,19955.994444444397,426.2,-6.444588709840404
10716,283.0,19959.149999999954,426.24,-6.546987790590708
10717,282.0,19962.288888888845,426.28000000000003,-6.422260635496298
10718,282.0,19965.422222222176,426.32,-6.130919673374623
10719,281.0,19968.549999999956,426.36,-5.9377064910844215
10720,280.0,19971.666666666624,426.40000000000003,-5.425348147137382
10721,279.0,19974.77222222218,426.44,-5.292266634726199
10722,279.0,19977.87222222218,426.48,-5.62244341911415
10723,279.0,19980.97222222218,426.52,-5.767586477842654
10724,277.0,19984.06111111107,426.56,-5.68022005936767
10725,276.0,19987.133333333295,426.6,-6.054100500680026
10726,275.0,19990.1944444444,426.64,-6.807214822591931
10727,274.0,19993.244444444405,426.68,-7.879413734019878
10728,274.0,19996.288888888852,426.72,-8.231361426780373
10729,273.0,19999.327777777737,426.76,-8.109650571090238
10730,271.0,20002.349999999962,426.8,-7.584604858949043
10731,269.0,20005.349999999962,426.84000000000003,-7.121294430294367
10732,267.0,20008.327777777737,426.88,-7.033126519606575
10733,267.0,20011.294444444404,426.92,-6.683107581655896
10734,266.0,20014.255555555515,426.96000000000004,-6.299674593756414
10735,267.0,20017.216666666623,427.0,-6.211300794112981
10736,266.0,20020.177777777735,427.04,-6.015645706766872
10737,264.0,20023.122222222177,427.08,-5.864393676777195
10738,264.0,20026.05555555551,427.12,-6.266866783079123
10739,262.0,20028.977777777734,427.16,-6.1182551371656535
10740,260.0,20031.877777777732,427.2,-6.471814194033273
10741,260.0,20034.766666666623,427.24,-6.240490497764496
10742,260.0,20037.655555555513,427.28000000000003,-6.005973386282815
10743,259.0,20040.538888888845,427.32,-5.8136888931114035
10744,259.0,20043.416666666624,427.36,-5.069990163641154
10745,257.0,20046.283333333293,427.40000000000003,-4.477651685540709
10746,256.0,20049.13333333329,427.44,-4.536361294279319
10747,255.0,20051.972222222183,427.48,-4.53053702628702
10748,255.0,20054.805555555515,427.52,-4.099841970142656
10749,255.0,20057.63888888885,427.56,-3.603212997215674
10750,255.0,20060.472222222186,427.6,-3.038085686406153
10751,254.0,20063.299999999963,427.64,-2.778160771429532
10752,253.0,20066.116666666632,427.68,-2.582708611368109
10753,253.0,20068.927777777746,427.72,-2.524332464070569
10754,253.0,20071.738888888856,427.76,-2.591259631307412
10755,252.0,20074.544444444415,427.8,-2.710237837938416
10756,252.0,20077.344444444418,427.84000000000003,-2.524150949845733
10757,252.0,20080.144444444413,427.88,-2.7166913705418954
10758,252.0,20082.944444444416,427.92,-2.9747728883987055
10759,251.0,20085.738888888864,427.96000000000004,-3.283993295069364
10760,250.0,20088.522222222193,428.0,-3.5917895875317716
10761,250.0,20091.299999999974,428.04,-3.916662195923133
10762,249.0,20094.072222222192,428.08,-4.5407563027432
10763,249.0,20096.83888888886,428.12,-5.05855637725378
10764,248.0,20099.59999999997,428.16,-5.367830711642704
10765,247.0,20102.349999999966,428.2,-5.804948636454316
10766,247.0,20105.09444444441,428.24,-6.397031893254485
10767,245.0,20107.827777777744,428.28000000000003,-6.685743990130775
10768,244.0,20110.544444444407,428.32,-6.7520517937023845
10769,243.0,20113.249999999964,428.36,-6.877223552844825
10770,242.0,20115.94444444441,428.40000000000003,-7.317484321276862
10771,241.0,20118.62777777774,428.44,-7.698255475426578
10772,240.0,20121.299999999963,428.48,-7.321837887121357
10773,240.0,20123.966666666627,428.52,-6.976410259838118
10774,238.0,20126.622222222184,428.56,-6.632850420373097
10775,236.0,20129.25555555552,428.6,-6.6655051422310505
10776,235.0,20131.872222222184,428.64,-6.726474951288433
10777,235.0,20134.483333333297,428.68,-6.816920269674722
10778,235.0,20137.09444444441,428.72,-6.593013031131733
10779,234.0,20139.699999999964,428.76,-6.017647823282729
10780,232.0,20142.288888888856,428.8,-5.797460171810923
10781,231.0,20144.86111111108,428.84000000000003,-6.046614763433358
10782,230.0,20147.42222222219,428.88,-6.110267719740143
10783,230.0,20149.97777777775,428.92,-6.008478934209947
10784,229.0,20152.527777777752,428.96000000000004,-5.308396333515767
10785,228.0,20155.06666666664,429.0,-5.046386866365852
10786,227.0,20157.594444444418,429.04,-5.227860631641699
10787,227.0,20160.116666666636,429.08,-5.245876867637121
10788,226.0,20162.633333333302,429.12,-5.116199721926382
10789,226.0,20165.144444444413,429.16,-4.562984975056758
10790,224.0,20167.64444444441,429.2,-4.220305699534103
10791,223.0,20170.127777777743,429.24,-3.83578726903917
10792,223.0,20172.60555555552,429.28000000000003,-3.467801873208744
10793,223.0,20175.083333333296,429.32,-2.7797983400689064
10794,223.0,20177.561111111074,429.36,-2.1513678538357595
10795,222.0,20180.033333333296,429.40000000000003,-1.5753771232795557
10796,222.0,20182.49999999996,429.44,-1.4504140105897447
10797,222.0,20184.966666666627,429.48,-1.5151486822030857
10798,222.0,20187.43333333329,429.52,-1.4536248545766257
10799,222.0,20189.899999999958,429.56,-1.265214933306559
10800,221.0,20192.36111111107,429.6,-1.2600328064889443
10801,221.0,20194.816666666622,429.64,-1.4504067393091535
10802,221.0,20197.27222222218,429.68,-1.515148656506872
10803,221.0,20199.727777777734,429.72,-1.453632111898365
10804,221.0,20202.183333333287,429.76,-1.2652266623890913
10805,220.0,20204.633333333288,429.8,-0.945210905662828
10806,220.0,20207.077777777733,429.84000000000003,-1.1979589744785137
10807,220.0,20209.522222222175,429.88,-1.325153638618731
10808,220.0,20211.96666666662,429.92,-1.3263588688071632
10809,220.0,20214.411111111065,429.96000000000004,-1.2010320550884055
10810,220.0,20216.855555555507,430.0,-0.9487326924055992
10811,219.0,20219.294444444397,430.04,-0.9452028843003629
10812,219.0,20221.727777777727,430.08,-0.8828845420389225
10813,219.0,20224.16111111106,430.12,-0.757260811537176
10814,219.0,20226.594444444396,430.16,-0.8836913477683938
10815,219.0,20229.027777777726,430.2,-1.1994442802272056
10816,219.0,20231.46111111106,430.24,-1.3262499583388585
10817,219.0,20233.894444444395,430.28000000000003,-1.6438647462406644
10818,219.0,20236.327777777726,430.32,-1.8362115436084026
10819,218.0,20238.755555555505,430.36,-1.8939300896312097
10820,217.0,20241.172222222172,430.40000000000003,-2.1396418646920607
10821,217.0,20243.58333333328,430.44,-2.206166564422997
10822,217.0,20245.994444444394,430.48,-2.0834133080342037
10823,217.0,20248.405555555502,430.52,-2.0856872347595745
10824,217.0,20250.816666666615,430.56,-1.834569152106942
10825,216.0,20253.22222222217,430.6,-1.702032498148325
10826,216.0,20255.62222222217,430.64,-1.767670317439932
10827,216.0,20258.02222222217,430.68,-2.0227486053645443
10828,215.0,20260.416666666617,430.72,-2.0793694524233004
10829,215.0,20262.805555555504,430.76,-1.9561546651149193
10830,215.0,20265.194444444394,430.8,-1.9579751743394682
10831,215.0,20267.583333333285,430.84000000000003,-2.7186558295899266
10832,214.0,20269.966666666616,430.88,-3.1522532034607553
10833,214.0,20272.344444444396,430.92,-3.6007290319951033
10834,214.0,20274.722222222175,430.96000000000004,-4.05514585475213
10835,213.0,20277.094444444396,431.0,-5.12247598866581
10836,211.0,20279.449999999953,431.04,-5.973342667801782
10837,211.0,20281.794444444397,431.08,-6.944726071579005
10838,210.0,20284.133333333288,431.12,-7.58255449791428
10839,210.0,20286.466666666623,431.16,-7.944923048067008
10840,207.0,20288.78333333329,431.2,-8.43899878633264
10841,206.0,20291.077777777737,431.24,-8.825992602124007
10842,204.0,20293.355555555514,431.28000000000003,-9.679935060685288
10843,204.0,20295.622222222177,431.32,-9.752593557993334
10844,203.0,20297.883333333288,431.36,-9.901658112319254
10845,200.0,20300.122222222177,431.40000000000003,-9.94032156710988
10846,199.0,20302.33888888884,431.44,-10.405521785313244
10847,197.0,20304.53888888884,431.48,-10.820278465980447
10848,197.0,20306.727777777727,431.52,-11.045599551902573
10849,195.0,20308.905555555506,431.56,-10.832967623055834
10850,192.0,20311.055555555507,431.6,-10.806009183062612
10851,191.0,20313.183333333283,431.64,-11.46862116642147
10852,189.0,20315.294444444397,431.68,-11.638873123779554
10853,189.0,20317.3944444444,431.72,-11.56488996482229
10854,187.0,20319.483333333286,431.76,-10.655300341973309
10855,184.0,20321.5444444444,431.8,-10.623100996977215
10856,182.0,20323.577777777733,431.84000000000003,-10.911341643601919
10857,181.0,20325.5944444444,431.88,-10.88460720441545
10858,181.0,20327.60555555551,431.92,-10.60808358958702
10859,180.0,20329.611111111066,431.96000000000004,-9.931537750061196
10860,176.0,20331.58888888884,432.0,-9.713400266410183
10861,175.0,20333.53888888884,432.04,-9.986194171411208
10862,174.0,20335.477777777727,432.08,-10.645917480863435
10863,174.0,20337.41111111106,432.12,-11.06641176775862
10864,172.0,20339.333333333285,432.16,-10.972762830844122
10865,169.0,20341.227777777727,432.2,-10.369695975697189
10866,168.0,20343.09999999995,432.24,-10.599551112210904
10867,166.0,20344.95555555551,432.28000000000003,-10.51631195907761
10868,165.0,20346.794444444397,432.32,-10.240351683841615
10869,163.0,20348.61666666662,432.36,-8.943558578710531
10870,162.0,20350.422222222176,432.40000000000003,-8.129873785414592
10871,161.0,20352.21666666662,432.44,-7.8205243301634155
10872,160.0,20353.999999999953,432.48,-7.066145180090412
10873,159.0,20355.772222222175,432.52,-6.62341331710833
10874,159.0,20357.53888888884,432.56,-6.530107530284795
10875,157.0,20359.294444444397,432.6,-6.986435469640348
10876,156.0,20361.033333333286,432.64,-7.4263325566689655
10877,156.0,20362.76666666662,432.68,-7.859509940110597
10878,155.0,20364.494444444397,432.72,-8.502407437516322
10879,153.0,20366.205555555505,432.76,-8.65755271417567
10880,151.0,20367.894444444395,432.8,-8.364527703257016
10881,150.0,20369.56666666662,432.84000000000003,-8.38256997842733
10882,149.0,20371.227777777727,432.88,-8.337355447395804
10883,147.0,20372.872222222173,432.92,-7.786999214560065
10884,147.0,20374.505555555508,432.96000000000004,-6.893068179190905
10885,146.0,20376.133333333284,433.0,-6.5700564959386085
10886,145.0,20377.749999999953,433.04,-6.565157732119628
10887,144.0,20379.355555555507,433.08,-6.5601640869284745
10888,143.0,20380.949999999953,433.12,-6.241930044854871
10889,143.0,20382.538888888845,433.16,-6.412815815778113
10890,141.0,20384.11666666662,433.2,-6.550737542162145
10891,140.0,20385.67777777773,433.24,-6.735633776886431
10892,139.0,20387.22777777773,433.28000000000003,-6.922934219292818
10893,139.0,20388.772222222175,433.32,-6.849736568434404
10894,138.0,20390.311111111063,433.36,-7.10367024154844
10895,136.0,20391.833333333285,433.40000000000003,-7.234615626020755
10896,135.0,20393.33888888884,433.44,-7.990200889987428
10897,134.0,20394.833333333285,433.48,-8.632884963957284
10898,134.0,20396.322222222174,433.52,-8.91657854132543
10899,132.0,20397.799999999952,433.56,-8.932375272792914
10900,130.0,20399.255555555508,433.6,-9.068702109222828
10901,128.0,20400.68888888884,433.64,-9.338779863866577
10902,127.0,20402.105555555507,433.68,-9.497325807634251
10903,127.0,20403.51666666662,433.72,-9.544138657170127
10904,125.0,20404.916666666617,433.76,-9.170149216509996
10905,123.0,20406.294444444397,433.8,-8.862294818055283
10906,122.0,20407.65555555551,433.84000000000003,-9.067213070207034
10907,121.0,20409.005555555508,433.88,-9.41203388692803
10908,120.0,20410.3444444444,433.92,-9.26122185909746
10909,118.0,20411.66666666662,433.96000000000004,-8.824084853601558
10910,117.0,20412.972222222175,434.0,-8.901487722315878
10911,115.0,20414.261111111064,434.04,-9.347291891110842
10912,114.0,20415.533333333286,434.08,-9.62956741098945
10913,114.0,20416.799999999952,434.12,-9.750348133770641
10914,112.0,20418.055555555507,434.16,-9.131168857913712
10915,110.0,20419.28888888884,434.2,-8.702400074235234
10916,108.0,20420.499999999953,434.24,-8.141835612201941
10917,107.0,20421.694444444398,434.28000000000003,-7.908348861230146
10918,106.0,20422.87777777773,434.32,-7.294346975161939
10919,106.0,20424.055555555507,434.36,-6.34057257264373
10920,105.0,20425.22777777773,434.40000000000003,-5.941930945862075
10921,104.0,20426.38888888884,434.44,-32.75118339445914
10922,103.0,20427.53888888884,434.48,-55.22510955335823
10923,103.0,20428.683333333283,434.52,-50.98414559622194
10924,102.0,20429.822222222174,434.56,-42.89225535013647
10925,100.0,20430.944444444398,434.6,-31.037060338691077
10926,9.0,20431.549999999952,434.64,-1.5176975469976606
10927,9.0,20431.64999999995,434.68,-0.08237093446477352
10928,98.0,20432.244444444394,434.72,14.871292324820315
10929,98.0,20433.33333333328,434.76,29.11115404417602
10930,96.0,20434.411111111058,434.8,38.39548442594644
10931,95.0,20435.472222222168,434.84000000000003,15.475576796943788
10932,94.0,20436.522222222167,434.88,-0.3667694530663031
10933,94.0,20437.56666666661,434.92,-25.18837987412134
10934,94.0,20438.611111111055,434.96000000000004,-20.039834664463264
10935,92.0,20439.644444444388,435.0,-13.665062177207933
10936,1.0,20440.161111111054,435.04,-0.0776554350506314
10937,90.0,20440.66666666661,435.08,-0.45180945688701757
10938,90.0,20441.66666666661,435.12,6.211243274560917
10939,89.0,20442.661111111054,435.16,12.430636818250052
10940,87.0,20443.638888888832,435.2,18.029909857077605
10941,87.0,20444.6055555555,435.24,22.334375200187264
10942,86.0,20445.56666666661,435.28000000000003,-4.463408140588583
10943,86.0,20446.522222222167,435.32,-4.0554715780092465
10944,85.0,20447.472222222168,435.36,-3.2129683729979632
10945,85.0,20448.416666666613,435.40000000000003,-2.718890605526705
10946,84.0,20449.355555555503,435.44,-2.886435672385923
10947,84.0,20450.288888888837,435.48,-2.7728672689444513
10948,84.0,20451.222222222168,435.52,-3.038715548148042
10949,84.0,20452.155555555502,435.56,-2.989980993681824
10950,83.0,20453.08333333328,435.6,-2.6571821063989884
10951,82.0,20453.999999999945,435.64,-2.1359339599328493
10952,82.0,20454.911111111058,435.68,-1.830526156412435
10953,81.0,20455.816666666615,435.72,-1.376488195831286
10954,81.0,20456.716666666613,435.76,-0.8147502626297323
10955,82.0,20457.62222222217,435.8,0.507857637066899
10956,82.0,20458.533333333282,435.84000000000003,1.456670730440312
10957,82.0,20459.44444444439,435.88,1.9559224691530068
10958,82.0,20460.355555555503,435.92,2.3221264109618343
10959,82.0,20461.266666666615,435.96000000000004,1.8731055954203193
10960,84.0,20462.188888888835,436.0,1.3386121364727102
10961,84.0,20463.12222222217,436.04,1.3354120589743086
10962,84.0,20464.055555555504,436.08,1.5237076109769683
10963,84.0,20464.988888888838,436.12,1.8385493960027008
10964,83.0,20465.916666666617,436.16,1.8754156326540063
10965,83.0,20466.838888888837,436.2,1.3720148025969972
10966,84.0,20467.766666666615,436.24,1.4461799428851763
10967,85.0,20468.705555555505,436.28000000000003,1.4577397622900008
10968,86.0,20469.655555555506,436.32,1.7258402037458223
10969,86.0,20470.611111111062,436.36,2.166111014509626
10970,85.0,20471.561111111063,436.40000000000003,2.324633876021797
10971,85.0,20472.505555555508,436.44,-24.100883617823534
10972,85.0,20473.449999999953,436.48,-45.79191249874276
10973,86.0,20474.399999999954,436.52,-67.08646412591933
10974,87.0,20475.361111111066,436.56,-62.0372424137971
10975,88.0,20476.33333333329,436.6,-47.974507773739724
10976,0.0,20476.822222222178,436.64,-0.0
10977,0.0,20476.822222222178,436.68,-0.0
10978,0.0,20476.822222222178,436.72,-0.0
10979,89.0,20477.316666666622,436.76,-41.827948142003606
10980,90.0,20478.311111111067,436.8,58.72014493320508
10981,1.0,20478.816666666622,436.84000000000003,1.3324997729707497
10982,1.0,20478.827777777733,436.88,1.1433417976427174
10983,1.0,20478.838888888844,436.92,0.9041819343096258
10984,93.0,20479.361111111066,436.96000000000004,60.87630608237473
10985,93.0,20480.3944444444,437.0,72.203381083371
10986,94.0,20481.433333333287,437.04,76.38480733206963
10987,95.0,20482.483333333286,437.08,55.47139885228547
10988,95.0,20483.53888888884,437.12,33.00551629755166
10989,97.0,20484.605555555507,437.16,6.269389865558774
10990,98.0,20485.68888888884,437.2,6.778256902998934
10991,98.0,20486.77777777773,437.24,6.899528274213653
10992,100.0,20487.877777777732,437.28000000000003,7.157744193606472
10993,101.0,20488.994444444397,437.32,7.341547306562195
10994,101.0,20490.11666666662,437.36,7.082002521467649
10995,103.0,20491.249999999956,437.40000000000003,7.27334849490473
10996,104.0,20492.399999999954,437.44,7.391977292837894
10997,105.0,20493.561111111067,437.48,7.139249048361946
10998,106.0,20494.733333333286,437.52,6.879459734636912
10999,107.0,20495.91666666662,437.56,6.687441774262071
11000,108.0,20497.111111111066,437.6,6.191244795445371
11001,109.0,20498.316666666622,437.64,5.754353136145289
11002,110.0,20499.53333333329,437.68,5.129676610782705
11003,110.0,20500.75555555551,437.72,4.3410317321759315
11004,111.0,20501.98333333329,437.76,3.5363318271682127
11005,112.0,20503.22222222218,437.8,2.728957495839548
11006,112.0,20504.466666666623,437.84000000000003,1.9619722940553408
11007,112.0,20505.711111111068,437.88,1.3267148746344102
11008,112.0,20506.955555555513,437.92,0.8834047411253867
11009,112.0,20508.199999999957,437.96000000000004,0.31552835427989595
11010,112.0,20509.4444444444,438.0,-0.3155283542792769
11011,112.0,20510.688888888846,438.04,-0.5681347473092905
11012,112.0,20511.93333333329,438.08,-0.4424571533166506
11013,112.0,20513.177777777735,438.12,-0.31634933136174676
11014,112.0,20514.42222222218,438.16,-0.18993320274249217
11015,111.0,20515.66111111107,438.2,-0.06276622686111233
11016,111.0,20516.894444444402,438.24,0.06276622686116883
11017,112.0,20518.13333333329,438.28000000000003,0.5066939447589985
11018,112.0,20519.377777777736,438.32,0.885847061940043
11019,112.0,20520.62222222218,438.36,1.516368669194624
11020,112.0,20521.866666666625,438.40000000000003,2.015923673801824
11021,112.0,20523.11111111107,438.44,2.0103826161542946
11022,113.0,20524.36111111107,438.48,1.8335816621884042
11023,113.0,20525.616666666625,438.52,1.8279848740159692
11024,114.0,20526.877777777736,438.56,1.7120311889767919
11025,114.0,20528.144444444402,438.6,1.4549066493051304
11026,114.0,20529.41111111107,438.64,1.389991221108288
11027,114.0,20530.677777777735,438.68,1.1363608180729228
11028,114.0,20531.9444444444,438.72,1.0719470952648285
11029,114.0,20533.211111111068,438.76,1.197482390621109
11030,114.0,20534.477777777734,438.8,1.509839510468867
11031,115.0,20535.749999999956,438.84000000000003,2.026580521937527
11032,115.0,20537.027777777734,438.88,2.3359979946943676
11033,115.0,20538.30555555551,438.92,2.76895459437575
11034,116.0,20539.588888888844,438.96000000000004,2.971514102199814
11035,116.0,20540.877777777732,439.0,2.8962414235402614
11036,117.0,20542.172222222176,439.04,2.911651273857257
11037,117.0,20543.472222222175,439.08,3.2791652365038275
11038,118.0,20544.77777777773,439.12,3.3564611516756613
11039,118.0,20546.08888888884,439.16,3.407405178477784
11040,118.0,20547.39999999995,439.2,3.770305994972044
11041,119.0,20548.716666666616,439.24,3.784817714562171
11042,120.0,20550.044444444393,439.28000000000003,3.796327737522317
11043,120.0,20551.377777777725,439.32,3.462885049508376
11044,121.0,20552.716666666616,439.36,3.221753068756737
11045,122.0,20554.06666666662,439.40000000000003,2.72778541131193
11046,122.0,20555.422222222172,439.44,1.6445727681326487
11047,122.0,20556.77777777773,439.48,0.44201233600701284
11048,122.0,20558.133333333284,439.52,-1.0726480069899698
11049,122.0,20559.48888888884,439.56,-3.0976688835774517
11050,122.0,20560.8444444444,439.6,-4.827768229830461
11051,121.0,20562.194444444398,439.64,-6.404648480947396
11052,120.0,20563.53333333329,439.68,-8.057968014324793
11053,118.0,20564.85555555551,439.72,-8.967575598607729
11054,116.0,20566.15555555551,439.76,-9.50071599966706
11055,115.0,20567.438888888842,439.8,-10.610840712782196
11056,113.0,20568.70555555551,439.84000000000003,-10.947432797517596
11057,111.0,20569.949999999953,439.88,-10.90926090416184
11058,111.0,20571.183333333287,439.92,-10.682482281532435
11059,110.0,20572.411111111065,439.96000000000004,-10.353379328525696
11060,106.0,20573.611111111066,440.0,-9.807814207982469
11061,105.0,20574.78333333329,440.04,-9.280734787213268
11062,104.0,20575.944444444398,440.08,-35.59447704808099
11063,103.0,20577.0944444444,440.12,-57.83012147016379
11064,102.0,20578.23333333329,440.16,-52.25856428201817
11065,101.0,20579.361111111066,440.2,-42.94866632355102
11066,100.0,20580.477777777734,440.24,-31.273497152641173
11067,9.0,20581.083333333292,440.28000000000003,-1.5090456348847647
11068,9.0,20581.18333333329,440.32,-2.4006095805616086e-12
11069,98.0,20581.777777777734,440.36,15.941974428454625
11070,97.0,20582.861111111066,440.40000000000003,29.460822245836688
11071,96.0,20583.933333333287,440.44,38.98743195878463
11072,95.0,20584.994444444397,440.48,44.983315361537514
11073,95.0,20586.049999999952,440.52,23.11552770048981
11074,94.0,20587.09999999995,440.56,-3.7774142866605604
11075,94.0,20588.144444444395,440.6,-30.533929772859405
11076,93.0,20589.183333333283,440.64,-27.018428071129613
11077,93.0,20590.216666666616,440.68,-23.09248497293012
11078,93.0,20591.24999999995,440.72,-18.144378337443648
11079,92.0,20592.277777777726,440.76,-12.468238428987885
11080,1.0,20592.794444444393,440.8,-0.07215196059455609
11081,90.0,20593.29999999995,440.84000000000003,0.07561493533066403
11082,89.0,20594.294444444393,440.88,6.604894963630093
11083,89.0,20595.283333333282,440.92,13.114880100846303
11084,87.0,20596.26111111106,440.96000000000004,18.41498830331928
11085,86.0,20597.22222222217,441.0,22.789196901765475
11086,86.0,20598.177777777728,441.04,-3.7732420300654193
11087,86.0,20599.133333333284,441.08,-3.037205940407944
11088,86.0,20600.08888888884,441.12,-2.668920707356656
11089,85.0,20601.03888888884,441.16,-1.951808348857736
11090,85.0,20601.983333333286,441.2,-2.0197214259958685
11091,84.0,20602.922222222176,441.24,-2.5034973973980517
11092,85.0,20603.861111111066,441.28000000000003,-2.7998249317909227
11093,84.0,20604.799999999956,441.32,-2.7812611774016265
11094,84.0,20605.73333333329,441.36,-2.5405244486942586
11095,83.0,20606.66111111107,441.40000000000003,-2.3972988089222356
11096,82.0,20607.577777777733,441.44,-2.0660677545579924
11097,82.0,20608.488888888845,441.48,-1.9503036177965196
11098,82.0,20609.399999999954,441.52,-1.0096328775061254
11099,82.0,20610.311111111067,441.56,-0.3158975101308556
11100,82.0,20611.22222222218,441.6,0.7575656642807651
11101,82.0,20612.133333333288,441.64,1.7637211199565535
11102,82.0,20613.0444444444,441.68,2.2591057513057224
11103,83.0,20613.961111111068,441.72,2.590793377479853
11104,83.0,20614.883333333288,441.76,3.016882967840685
11105,84.0,20615.811111111067,441.8,2.9057319763011207
11106,85.0,20616.749999999956,441.84000000000003,2.6046721683969047
11107,85.0,20617.6944444444,441.88,2.086597610018081
11108,85.0,20618.638888888847,441.92,1.3873750222904566
11109,86.0,20619.588888888848,441.96000000000004,0.8917473017277482
11110,85.0,20620.53888888885,442.0,0.2518780723146998
11111,85.0,20621.483333333294,442.04,0.189171223069494
11112,85.0,20622.42777777774,442.08,0.37838224273781346
11113,85.0,20623.372222222184,442.12,0.5042928294354148
11114,85.0,20624.31666666663,442.16,0.5669038817671501
11115,85.0,20625.261111111075,442.2,0.9424261819624506
11116,86.0,20626.211111111075,442.24,1.2693226929082073
11117,86.0,20627.16666666663,442.28000000000003,1.4561592192840298
11118,86.0,20628.122222222188,442.32,1.5151326377032202
11119,86.0,20629.077777777744,442.36,-24.637852317452094
11120,86.0,20630.0333333333,442.40000000000003,-20.615336529954547
11121,87.0,20630.99444444441,442.44,-15.970553176270691
11122,87.0,20631.96111111108,442.48,-9.98112947640456
11123,87.0,20632.927777777746,442.52,-3.540058060721141
11124,0.0,20633.41111111108,442.56,0.0
11125,89.0,20633.905555555524,442.6,9.672227673251193
11126,89.0,20634.894444444413,442.64,15.870958636566025
11127,89.0,20635.883333333302,442.68,21.26276720586594
11128,89.0,20636.87222222219,442.72,25.36583213293319
11129,89.0,20637.86111111108,442.76,28.557208198161188
11130,90.0,20638.855555555525,442.8,2.7793342920560984
11131,91.0,20639.86111111108,442.84000000000003,3.4953957980566592
11132,91.0,20640.87222222219,442.88,4.168811210765635
11133,91.0,20641.883333333302,442.92,4.450309055675392
11134,92.0,20642.89999999997,442.96000000000004,5.033997489255182
11135,93.0,20643.927777777746,443.0,5.111442471472797
11136,94.0,20644.966666666634,443.04,5.376266415989201
11137,95.0,20646.016666666634,443.08,-21.618823097262425
11138,95.0,20647.07222222219,443.12,-43.81208288563037
11139,97.0,20648.138888888854,443.16,-66.25247747008122
11140,97.0,20649.21666666663,443.2,-88.73641438407293
11141,98.0,20650.299999999963,443.24,-115.61958406244412
11142,9.0,20650.894444444406,443.28000000000003,-9.915356415884622
11143,9.0,20650.994444444405,443.32,-6.368934563745774
11144,9.0,20651.094444444403,443.36,-7.041714026507305
11145,9.0,20651.1944444444,443.40000000000003,1.8262140660512167
11146,9.0,20651.2944444444,443.44,9.40603834264511
11147,98.0,20651.888888888843,443.48,131.8836047252115
11148,99.0,20652.983333333286,443.52,108.91809371021108
11149,9.0,20653.583333333285,443.56,7.840664992703642
11150,99.0,20654.183333333283,443.6,64.6855333543708
11151,99.0,20655.283333333282,443.64,42.765695348135466
11152,98.0,20656.37777777773,443.68,17.87712997063634
11153,98.0,20657.46666666662,443.72,22.41779043746667
11154,98.0,20658.555555555507,443.76,26.06681303020505
11155,98.0,20659.6444444444,443.8,-1.1363598226935794
11156,98.0,20660.73333333329,443.84000000000003,-1.0747236875642163
11157,98.0,20661.822222222178,443.88,-0.8859704117021953
11158,98.0,20662.91111111107,443.92,-1.2673181040708457
11159,97.0,20663.9944444444,443.96000000000004,-1.5086300061003415
11160,97.0,20665.072222222178,444.0,-1.6389342156661102
11161,97.0,20666.149999999954,444.04,-1.95905975555757
11162,97.0,20667.22777777773,444.08,-2.0921200588626636
11163,96.0,20668.299999999952,444.12,-2.014442065889006
11164,96.0,20669.366666666618,444.16,-1.7676441138414372
11165,96.0,20670.433333333283,444.2,-2.0259199429772194
11166,95.0,20671.494444444394,444.24,-2.0743631424418316
11167,95.0,20672.54999999995,444.28000000000003,-1.9549811162460051
11168,95.0,20673.605555555503,444.32,-29.8141357313768
11169,95.0,20674.661111111058,444.36,-53.310158979473044
11170,94.0,20675.711111111057,444.40000000000003,-75.05776335466314
11171,94.0,20676.7555555555,444.44,-98.94694728815846
11172,94.0,20677.799999999945,444.48,-127.82424867840038
11173,0.0,20678.322222222167,444.52,-0.0
11174,0.0,20678.322222222167,444.56,-0.0
11175,0.0,20678.322222222167,444.6,-0.0
11176,0.0,20678.322222222167,444.64,-0.0
11177,0.0,20678.322222222167,444.68,-0.0
11178,0.0,20678.322222222167,444.72,0.0
11179,0.0,20678.322222222167,444.76,0.0
11180,0.0,20678.322222222167,444.8,0.0
11181,0.0,20678.322222222167,444.84000000000003,0.0
11182,0.0,20678.322222222167,444.88,0.0
11183,0.0,20678.322222222167,444.92,0.0
11184,0.0,20678.322222222167,444.96000000000004,0.0
11185,0.0,20678.322222222167,445.0,0.0
11186,0.0,20678.322222222167,445.04,0.0
11187,0.0,20678.322222222167,445.08,0.0
11188,0.0,20678.322222222167,445.12,0.0
11189,0.0,20678.322222222167,445.16,0.0
11190,0.0,20678.322222222167,445.2,0.0
11191,0.0,20678.322222222167,445.24,0.0
11192,0.0,20678.322222222167,445.28000000000003,0.0
11193,0.0,20678.322222222167,445.32,0.0
11194,0.0,20678.322222222167,445.36,0.0
11195,0.0,20678.322222222167,445.40000000000003,0.0
11196,0.0,20678.322222222167,445.44,0.0
11197,0.0,20678.322222222167,445.48,0.0
11198,0.0,20678.322222222167,445.52,0.0
11199,0.0,20678.322222222167,445.56,0.0
11200,0.0,20678.322222222167,445.6,0.0
11201,0.0,20678.322222222167,445.64,0.0
11202,0.0,20678.322222222167,445.68,0.0
11203,0.0,20678.322222222167,445.72,0.0
11204,0.0,20678.322222222167,445.76,0.0
11205,0.0,20678.322222222167,445.8,0.0
11206,0.0,20678.322222222167,445.84000000000003,0.0
11207,0.0,20678.322222222167,445.88,0.0
11208,0.0,20678.322222222167,445.92,0.0
11209,0.0,20678.322222222167,445.96000000000004,0.0
11210,0.0,20678.322222222167,446.0,0.0
11211,0.0,20678.322222222167,446.04,0.0
11212,0.0,20678.322222222167,446.08,0.0
11213,0.0,20678.322222222167,446.12,0.0
11214,0.0,20678.322222222167,446.16,0.0
11215,0.0,20678.322222222167,446.2,0.0
11216,0.0,20678.322222222167,446.24,-0.0
11217,0.0,20678.322222222167,446.28000000000003,0.0
11218,0.0,20678.322222222167,446.32,0.0
11219,0.0,20678.322222222167,446.36,-0.0
